company,title,location,skills,degree,url,skills_json
spotify,"2026 Summer Internship, Research Scientist - PhD (London)",London,Go,,https://jobs.lever.co/spotify/753761e8-ecdd-49ba-9b43-b39dbc88f2ab,"{""Go"": 1}"
spotify,"2026 Summer Internship, Research Scientist - PhD (New York City)","New York, NY",Go,,https://jobs.lever.co/spotify/ce5934cb-6be9-478c-a856-49b8189d87e2,"{""Go"": 1}"
spotify,Android Engineer - Platform Engineering,London,,,https://jobs.lever.co/spotify/52601664-fd17-4c05-a80e-b76ee4fb3ba1,
spotify,Android Engineer - User Platform,London,Android,,https://jobs.lever.co/spotify/09e9e1ac-7f79-44d5-91e1-cccef6ea1418,"{""Android"": 1}"
spotify,Android/iOS Engineer - Automation and GenAI,Stockholm,"Android, iOS",,https://jobs.lever.co/spotify/fc1d1bf7-0cd8-4daf-9f4f-40b932998da5,"{""Android"": 1, ""iOS"": 1}"
spotify,Backend Engineer - Subscriptions,London,,,https://jobs.lever.co/spotify/052bea7e-7322-446d-ad9e-9166f389a1e5,
spotify,Backend Engineer - User Platform,London,,,https://jobs.lever.co/spotify/8178c238-da5d-4125-afe5-6d88f9877e4c,
spotify,Backend Engineer - User Platform,London,,,https://jobs.lever.co/spotify/da51c9e7-40bb-4d5f-800f-8157873e528b,
spotify,Backend Engineer - User Platform,London,,,https://jobs.lever.co/spotify/f46fbe41-6f40-4a4e-a52f-c40003fdf93c,
spotify,Backend Engineer – Platform Developer Experience,London,,,https://jobs.lever.co/spotify/92209358-f071-46fd-a162-14dfe071be3c,
spotify,"Backend Engineer, Core Experience",Stockholm,,,https://jobs.lever.co/spotify/74c1c531-3649-4d5a-92ee-8dcd4f4727a2,
spotify,Business Protection Coordinator (Contract),Dubai,,,https://jobs.lever.co/spotify/265bb575-6860-4bc7-b029-96b6e73d380a,
spotify,C++ Engineer - Platform Engineering,London,"Android, iOS",,https://jobs.lever.co/spotify/361e8a26-1386-477f-bfd0-c819ba863be3,"{""Android"": 1, ""iOS"": 1}"
spotify,Client Partner CPG,Mumbai,,,https://jobs.lever.co/spotify/918bcdd7-89af-4f88-ac0c-f771ddd3bcf1,
spotify,"Client Partner, Enterprise - 7 Months Fixed Term - Amsterdam",Amsterdam,,,https://jobs.lever.co/spotify/5165e460-b0c7-49d7-b82b-5bc14f45fdb0,
spotify,"Client Partner, Enterprise (12 Month Contract)",Madrid,,,https://jobs.lever.co/spotify/bcefbbd5-6b77-431e-be45-ecd71550f537,
spotify,Content Designer - Advertising,"New York, NY",,,https://jobs.lever.co/spotify/d177fb06-ef7d-4279-ac73-12c4feacf204,
spotify,"Customer Success Manager, Japan",Tokyo,,,https://jobs.lever.co/spotify/0aee1d68-70e9-4054-b067-8a2187c40e3b,
spotify,"Customer Success Manager, Sydney",Sydney,,,https://jobs.lever.co/spotify/97bc97b0-a98c-4ee2-8cc1-35084d8b1a13,
spotify,Data Engineer,Toronto,Go,,https://jobs.lever.co/spotify/b7adcb29-7b19-40e5-a129-53ec33b3f753,"{""Go"": 1}"
spotify,Data Engineer - Business Strategy Insights Analytics,"New York, NY","Scala, BigQuery",,https://jobs.lever.co/spotify/ca3766af-35b1-4d78-9e12-aab1ceca7ec3,"{""Scala"": 1, ""BigQuery"": 1}"
spotify,Data Engineer - Platform Central Data,Toronto,,,https://jobs.lever.co/spotify/bf4964d5-bb63-4846-9e6d-3e2051e5d891,
spotify,Data Engineer - Revenue Platform,London,,,https://jobs.lever.co/spotify/76548fe3-8ee5-42bc-b3e0-7c2cad33d2d2,
spotify,"Data Engineer, Data Infrastructure",Toronto,Swift,,https://jobs.lever.co/spotify/9155cb8c-0229-409c-849c-318e07f72e79,"{""Swift"": 1}"
spotify,Data Infrastructure Engineer  - Data Platform,London,GCP,,https://jobs.lever.co/spotify/deee653b-ec92-47f1-9faa-237170b32d1f,"{""GCP"": 1}"
spotify,Data Scientist - Company Planning and Execution (CPE),London,,,https://jobs.lever.co/spotify/5cf8c17c-ad44-463c-9da1-9cf4739b7c4f,
spotify,Data Scientist - Platform & Partner Experience,Stockholm,,,https://jobs.lever.co/spotify/4232f168-aae1-4d5c-8d99-2e8ca456532d,
spotify,Data Scientist - Platform Developer Experience,Stockholm,,,https://jobs.lever.co/spotify/9a9a4556-2c33-4e0f-8b23-74ac56b603fd,
spotify,Data Scientist – Cost Engineering (FinOps),Stockholm,,,https://jobs.lever.co/spotify/7cc2850c-2329-4e3e-9a3d-bf1a97a85d76,
spotify,"Data Scientist, Music Expression","New York, NY",,,https://jobs.lever.co/spotify/63b4c525-9630-4f96-a72b-51c2b6ef3fa0,
spotify,"Designer, Brand and Marketing (Spotify Advertising)","New York, NY",,,https://jobs.lever.co/spotify/097d77ee-8997-40b4-bdd0-702a488552d2,
spotify,Director Head of Consumer Propositions,Stockholm,,,https://jobs.lever.co/spotify/cc58cf1c-bf85-4422-aaf1-18f73fc3ffb2,
spotify,"Director of Engineering - Experience, Core Value & Engagement",London,,,https://jobs.lever.co/spotify/733309fa-1591-4777-8436-24320f5174c2,
spotify,"Editor (Pop), Editorial CE - Berlin (Fixed-Term 12 months)",Berlin,,,https://jobs.lever.co/spotify/506abe61-88ad-4dd2-8acd-295791123821,
spotify,Engineering Manager - Continuous Integration,Stockholm,,,https://jobs.lever.co/spotify/15672d33-e352-43a1-8929-e83c09b0df84,
spotify,Engineering Manager - Experimentation,Stockholm,,,https://jobs.lever.co/spotify/64ef2493-3b1e-407a-ac07-9e95a57f6d7c,
spotify,Executive Protection Specialist,Stockholm,,,https://jobs.lever.co/spotify/bdbf9ddd-310b-4de7-b997-8b98aa92240d,
spotify,Fullstack Engineer - User Platform,London,,,https://jobs.lever.co/spotify/0778c046-579e-473a-9a41-f7ed2d5a2f9f,
spotify,Global Head of Sales Operations & Strategy,"New York, NY",,,https://jobs.lever.co/spotify/72220c49-25c3-49fe-b275-d755f863ad8c,
spotify,"Global Sr. Manager, Experiential & Content Production","New York, NY",,,https://jobs.lever.co/spotify/12ee8cee-7192-4704-9f51-029a7d85c732,
spotify,Group Product Manager - Backstage,London,,,https://jobs.lever.co/spotify/c305efc8-30ce-4944-9cd8-87fcb98474f3,
spotify,Head of Canada Government Affairs,Toronto,,,https://jobs.lever.co/spotify/072f71c8-4559-4b4b-8cf3-7926874d1c93,
spotify,India Communications Team Lead,Mumbai,,,https://jobs.lever.co/spotify/b7312fdf-44d5-42f3-bb15-0202934359ac,
spotify,Junior Product Designer - Audiobooks,London,,,https://jobs.lever.co/spotify/3cabd771-67cf-4227-90fa-8b7e8eb973b6,
spotify,Learning & Inclusion Lead,London,,,https://jobs.lever.co/spotify/337fe6e4-73e3-4f0f-acee-267da2b23624,
spotify,Machine Learning Engineer - MLOps,Toronto,,,https://jobs.lever.co/spotify/c3c63ed6-70fe-4cf6-bba6-0f8bd6ab136b,
spotify,"Machine Learning Engineer, GenRecs, Personalization","New York, NY",,,https://jobs.lever.co/spotify/7a91e2dd-1214-4a50-add2-b6e8a91c6613,
spotify,"Machine Learning Engineer, Personalization","New York, NY",,,https://jobs.lever.co/spotify/35de0846-f4bb-4975-8f21-382b44aa0e40,
spotify,Machine Learning Engineering Manager II,"New York, NY",,,https://jobs.lever.co/spotify/daa7807b-4822-453e-94a7-2ccc1d9e90ae,
spotify,"Machine Learning Engineering Manager, Personalization","New York, NY",,,https://jobs.lever.co/spotify/c3e23b18-8bab-436a-b0d9-cfe8ccbc1ec5,
spotify,"Machine Learning Engineering Manager, Personalization","New York, NY",,,https://jobs.lever.co/spotify/c74b6db1-3f5a-4501-9507-714d4d900113,
spotify,Manager - M&A,"New York, NY",,,https://jobs.lever.co/spotify/ac4b1153-e104-4be5-bc15-cb39bb17d3f1,
spotify,"Manager, Publishing Licensing",Singapore,,,https://jobs.lever.co/spotify/0b119c27-e356-48ae-b993-89c0b09e1406,
spotify,Marketing Technology Manager,"New York, NY",,,https://jobs.lever.co/spotify/8f9a04c0-cb46-48cc-bfa7-0ee49849c6f4,
spotify,Payroll Specialist,"New York, NY",,,https://jobs.lever.co/spotify/184f631b-b751-49d9-bacb-5695b1e3a8e8,
spotify,Performance Marketing Manager,Mumbai,,,https://jobs.lever.co/spotify/8b1b929e-43c5-491d-bad6-e5ff8196f3e7,
spotify,Principal Research Scientist - Music,Stockholm,,,https://jobs.lever.co/spotify/d7aac3f7-0738-4c09-837e-eb0a607e2492,
spotify,Principal Research Scientist - Music,"New York, NY",,,https://jobs.lever.co/spotify/e7ead7e0-5033-4058-9bbf-006811a5147e,
spotify,"Product Designer II, Strategic AI Partnerships",London,,,https://jobs.lever.co/spotify/13277fc6-fde0-48b2-be23-90eb74b17bae,
spotify,Product Manager - Core Infrastructure,Stockholm,,,https://jobs.lever.co/spotify/06cd531e-3b27-48cc-90e4-ff15923434eb,
spotify,Product Marketing Lead (Podcast Business),"New York, NY",Go,,https://jobs.lever.co/spotify/edc7e1de-bdd1-45c4-b279-739c19333ad6,"{""Go"": 1}"
spotify,"Product Marketing Manager, South Korea",Seoul,,,https://jobs.lever.co/spotify/1b7ce599-98e2-4cb7-a677-902c3c50bfcb,
spotify,Research Scientist - Music,"New York, NY",,,https://jobs.lever.co/spotify/3738dd16-b387-4daa-bed7-312b2be39418,
spotify,Research Scientist - Music,Stockholm,,,https://jobs.lever.co/spotify/bd54129d-d6d6-4ffd-a25a-dd240374a0ce,
spotify,Research Scientist - Personalization,London,,,https://jobs.lever.co/spotify/b21a510b-d838-4654-9cbb-7973e40a4330,
spotify,Sales Compensation Partner,"New York, NY",,,https://jobs.lever.co/spotify/096b962f-3580-4cd9-a4ba-85717a70aa6c,
spotify,"Sales Trainer, EMEA - London",London,,,https://jobs.lever.co/spotify/8391b4de-4a66-4086-ad0a-9230b4db9c43,
spotify,Salesforce Engineer,"New York, NY",,,https://jobs.lever.co/spotify/2b615824-00a1-45f3-9c68-2ec853547e9b,
spotify,Security Engineer - Detection and Response,London,,,https://jobs.lever.co/spotify/1b78fea9-9811-4660-8456-a5164cfbeccd,
spotify,Senior Backend Engineer - Experimentation Platform,London,,,https://jobs.lever.co/spotify/4ce74372-9d9f-4fa1-86a3-9c96158a03c5,
spotify,Senior Backend Engineer - User Platform,London,,,https://jobs.lever.co/spotify/c0420ed4-db04-40ff-b007-afa34ad4675f,
spotify,Senior Backend/Data Hybrid Engineer - GenRecs - Personalization,"New York, NY",,,https://jobs.lever.co/spotify/6582cdf5-38a7-4ada-8940-1358664d3fad,
spotify,Senior Build System Engineer - Platform Engineering,London,"C++, Android, iOS",,https://jobs.lever.co/spotify/bc17378c-c2ff-4bb8-adb6-356063ba49e0,"{""C++"": 1, ""Android"": 1, ""iOS"": 1}"
spotify,"Senior Client Partner, Retail & E-Commerce",Bangalore,,,https://jobs.lever.co/spotify/4af9b983-dca8-40e0-bd8f-02dfe5c4db37,
spotify,Senior Content Accountant,"New York, NY",,,https://jobs.lever.co/spotify/32297d46-a347-4680-849c-1c56d0a2666a,
spotify,Senior Full Stack Engineer - Adco,Sydney,,,https://jobs.lever.co/spotify/44a494a9-dde0-4ded-aa12-a1ab407bd369,
spotify,Senior Fullstack Engineer - Subscriptions,London,,,https://jobs.lever.co/spotify/49c38061-a968-490e-8776-5813d63aaead,
spotify,Senior Growth Marketing Manager - Backstage,London,,,https://jobs.lever.co/spotify/e5aa00ed-e5f8-4b37-9030-2e4a113ad755,
spotify,Senior iOS Engineer - Automation and GenAI,Stockholm,"Android, iOS",,https://jobs.lever.co/spotify/95693728-8e03-4d3b-b648-ac2f276e6c58,"{""Android"": 1, ""iOS"": 1}"
spotify,Senior iOS Engineer - Music,"New York, NY",iOS,,https://jobs.lever.co/spotify/e5fa2e9e-c12a-42f9-aa1b-97e06b560d83,"{""iOS"": 1}"
spotify,Senior Machine Learning Engineer,"New York, NY",,,https://jobs.lever.co/spotify/b918d247-38fd-449a-b82d-ea1d7c90a099,
spotify,Senior Machine Learning Engineer - MLOps,Toronto,,,https://jobs.lever.co/spotify/e374c714-157d-4e4c-84b7-f69cde67af6d,
spotify,Senior Mobile Engineer - User Platform,Stockholm,,,https://jobs.lever.co/spotify/33dce61a-3c1f-4299-b751-e155f03b048e,
spotify,"Senior Office Coordinator, Contract",Singapore,,,https://jobs.lever.co/spotify/9ed04841-29e5-49db-acc4-673083f0724b,
spotify,Senior Product Manager - Local Developer Tooling,London,,,https://jobs.lever.co/spotify/509584fe-917a-454d-b7f7-8a68dc016d9e,
spotify,Senior Product Manager – Content & Catalog Management,Stockholm,,,https://jobs.lever.co/spotify/36655441-e28f-4909-ac37-77f583d88f7e,
spotify,"Senior Product Manager, Data Platform",Toronto,Swift,,https://jobs.lever.co/spotify/757be2aa-9cdd-4d38-94d0-8608fc426c8f,"{""Swift"": 1}"
spotify,Senior Research Engineer - Music,Stockholm,,,https://jobs.lever.co/spotify/631e80ca-90b9-4b40-a433-ba6f57d68b52,
spotify,Senior Research Engineer - Music,"New York, NY",,,https://jobs.lever.co/spotify/cb9f8bda-6e7e-4b22-b9ed-ee229770ca13,
spotify,Senior Research Scientist - Music,Stockholm,,,https://jobs.lever.co/spotify/65310b62-58f2-4e15-a93b-ff9682739416,
spotify,Senior Research Scientist - Music,"New York, NY",,,https://jobs.lever.co/spotify/c08408d0-1ed0-41b4-a8eb-e170fdd4bc7d,
spotify,Senior Staff Machine Learning Engineer,"New York, NY",,,https://jobs.lever.co/spotify/89c966c0-1975-42a1-850d-10fe20e02b05,
spotify,Senior Technical Security Specialist,Stockholm,,,https://jobs.lever.co/spotify/0b844a00-406a-46f4-b219-b7931936f187,
spotify,Senior Visual Designer - Design Systems,London,,,https://jobs.lever.co/spotify/f9da6d57-214f-4582-83db-c9609dbc5e4d,
spotify,Senior Web Engineer - Confidence,Stockholm,,,https://jobs.lever.co/spotify/a44d1bf1-e176-47aa-a53d-fb64eb471af4,
spotify,Snr Workplace Experience Coordinator- 9m FTC,Paris,,,https://jobs.lever.co/spotify/232b5b5c-3202-4d52-b8a0-8f7b9d610f9c,
spotify,"Social Marketing Lead, South Korea",Seoul,,,https://jobs.lever.co/spotify/e75b6f15-15cd-438b-be00-8302377201bf,
spotify,"Specialist, CS Content and Design",United States of America (Home Mix),,,https://jobs.lever.co/spotify/8859931e-30be-4a99-bb34-eddf5a8aef1b,
spotify,Staff Designer - Strategic AI Partnerships,London,,,https://jobs.lever.co/spotify/79aeee84-40b8-47e5-b2d6-c25f130828a9,
spotify,"Staff Designer, Core Experience -  Playback Experiences",London,,,https://jobs.lever.co/spotify/38c2241d-e730-468e-bd60-6dd900971418,
spotify,Staff Machine Learning Engineer,London,,,https://jobs.lever.co/spotify/3f98f62d-2bd9-49b7-b765-f24b127817fa,
spotify,"Staff Prompt Designer, Experience",London,,,https://jobs.lever.co/spotify/c3a50a44-e6b1-4300-8bb4-c8ebdab16d7a,
spotify,Staff Research Engineer - Music,Stockholm,,,https://jobs.lever.co/spotify/40fee238-4ba5-4f65-bd6a-c655774d7ce0,
spotify,Staff Research Engineer - Music,"New York, NY",,,https://jobs.lever.co/spotify/d196c5ef-9eac-44ff-9e8a-c82965c7e71a,
spotify,Staff Research Scientist - Music,"New York, NY",,,https://jobs.lever.co/spotify/33114d31-b3d0-4bbb-bf7c-ab32596e8969,
spotify,Staff Research Scientist - Music,Stockholm,,,https://jobs.lever.co/spotify/7ff04f01-8cc5-4ee9-94b4-c05a91fee0d7,
spotify,Workday Payroll Specialist,"New York, NY",,,https://jobs.lever.co/spotify/521272b5-9e4e-4ba0-a0b9-e6e5b067c7ac,
welocalize,*Scout Junior Quality Coordinator - Portuguese (Brazil),Brazil,,,https://jobs.lever.co/welocalize/6e0ac589-3fba-429a-8ce4-5c48a2cf0e2d,
welocalize,*Scout Junior Quality Coordinator - Spanish (Mexico),"Mexico City, Mexico",,,https://jobs.lever.co/welocalize/aaae7990-493d-4359-afc5-8e118e8f0d04,
welocalize,*Scout Search Quality Rater - English (Australia),Australia,,,https://jobs.lever.co/welocalize/555776d9-2d8b-4993-a094-003fc71be618,
welocalize,*Scout Search Quality Rater - English (Canada),Canada,,,https://jobs.lever.co/welocalize/3571ca23-becc-40f1-902f-637e67e9e69f,
welocalize,*Scout Search Quality Rater - English (located in India),"New Delhi, India",,,https://jobs.lever.co/welocalize/89fe4eb0-6bd1-4242-a97c-6cc4c4f0d9a6,
welocalize,*Scout Search Quality Rater - English (United States),United States,,,https://jobs.lever.co/welocalize/90c51db9-ff3f-43c7-8ead-d607582b230f,
welocalize,*Scout Search Quality Rater - German (Germany),Germany,,,https://jobs.lever.co/welocalize/7b6bc3fe-27b0-487d-b399-8c7120440212,
welocalize,*Scout Search Quality Rater - Hindi [Remote/Freelance],India,,,https://jobs.lever.co/welocalize/e040b2c0-f286-4793-9032-7adb7aca159a,
welocalize,*Scout Search Quality Rater - Indonesian (Indonesia),Indonesia,,,https://jobs.lever.co/welocalize/905c999b-58d6-4305-8e87-a5b0cc272088,
welocalize,*Scout Search Quality Rater - Italian (Italy),Italy,,,https://jobs.lever.co/welocalize/e9bc1221-33ac-469d-b406-878301f5bc01,
welocalize,*Scout Search Quality Rater - Japanese  | ウェブ検索結果品質評価者【在宅/フリーランス/英語を活かせる】 (日本在住の方),Japan,,,https://jobs.lever.co/welocalize/fd03d02c-3430-4174-abcd-d2b5f8f6f0dc,
welocalize,*Scout Search Quality Rater - Korean,South Korea,,,https://jobs.lever.co/welocalize/5e5fcb9d-ff9f-4f1d-8c30-c09214a0dff3,
welocalize,*Scout Search Quality Rater - Portuguese (Brazil),Brazil,,,https://jobs.lever.co/welocalize/4c92feef-597a-4e6a-8fc7-4dc82fc83aed,
welocalize,*Scout Search Quality Rater - Portuguese (Portugal),"Lisbon, Portugal",,,https://jobs.lever.co/welocalize/910fc802-d378-4bb5-8860-e8b205818594,
welocalize,*Scout Search Quality Rater - Russian (Kazakhstan),"Nur-Sultan, Kazakhstan",,,https://jobs.lever.co/welocalize/7bfe95f2-1ecd-48f4-8c89-4cd6d8c98143,
welocalize,*Scout Search Quality Rater - Simplified Chinese  (USA),United States,,,https://jobs.lever.co/welocalize/f1ac8f2e-aafa-474a-a9a6-5c7d86f883d3,
welocalize,*Scout Search Quality Rater - Simplified Chinese (Canada),Canada,,,https://jobs.lever.co/welocalize/3d924884-192d-428a-b683-2b1496dfb98e,
welocalize,*Scout Search Quality Rater - Spanish (Mexico),"Mexico City, Mexico",,,https://jobs.lever.co/welocalize/caef293f-7387-4884-b2cf-8fd8fbfbf197,
welocalize,*Scout Search Quality Rater - Spanish (Spain),Spain,,,https://jobs.lever.co/welocalize/36e305d6-5c95-49f5-b055-515f7d1e2ece,
welocalize,*Scout Search Quality Rater - Spanish (USA),United States,,,https://jobs.lever.co/welocalize/8c5d74a0-775b-420a-bf87-5bc20ba5a48e,
welocalize,*Scout Search Quality Rater - Thai (Thailand),Thailand,,,https://jobs.lever.co/welocalize/f40465ab-6064-420e-8cc7-10458f752681,
welocalize,*Scout Search Quality Rater - Traditional Chinese (Taiwan),Taiwan,,,https://jobs.lever.co/welocalize/169a70bf-2ca5-4716-afbe-48cfa89e2653,
welocalize,Ads Quality Rater - Bengali (India),India,,,https://jobs.lever.co/welocalize/96a11fc3-d786-4e85-933c-1155cb9217a7,
welocalize,Ads Quality Rater - Bulgarian (Bulgaria),Bulgaria,,,https://jobs.lever.co/welocalize/c4be4ad6-47ca-4e8b-a6a9-751565b4c62a,
welocalize,Ads Quality Rater - Czech (Slovakia),Slovakia,,,https://jobs.lever.co/welocalize/23f99692-f72b-401f-88bc-419a7816b18d,
welocalize,Ads Quality Rater - Dutch (Netherlands),Netherlands,,,https://jobs.lever.co/welocalize/c0b8dc85-0abb-4c71-904c-f4d3727af5f6,
welocalize,Ads Quality Rater - Dutch (Spain),Spain,,,https://jobs.lever.co/welocalize/32807ac3-f634-4f02-a352-f6ea03c9c4f7,
welocalize,Ads Quality Rater - Dutch (Suriname),Suriname,,,https://jobs.lever.co/welocalize/0ea28647-799f-4b74-8bec-a8adeafa35b7,
welocalize,Ads Quality Rater - Farsi (Turkey),Turkey,,,https://jobs.lever.co/welocalize/ce9b21f9-4a91-4763-966e-1fd83ca8d3b6,
welocalize,Ads Quality Rater - Filipino (Philippines),"Manila, Philippines",,,https://jobs.lever.co/welocalize/57c971f9-c1da-4aa6-87f2-23b93a9d097d,
welocalize,Ads Quality Rater - German (Argentina),Argentina,,,https://jobs.lever.co/welocalize/11f5f1bb-3bdc-4590-8a9a-06dff2bd1f73,
welocalize,Ads Quality Rater - German (Germany),Germany,,,https://jobs.lever.co/welocalize/3bdd03c3-bd20-4475-a558-ddb2456e0632,
welocalize,Ads Quality Rater - German (Spain),Spain,,,https://jobs.lever.co/welocalize/93b9819d-3855-4c11-afa4-3bc5a69038e4,
welocalize,Ads Quality Rater - Hebrew (Israel),"Jerusalem, Israel",,,https://jobs.lever.co/welocalize/aa63eeee-a82d-4d4c-ae06-e54084a87a9f,
welocalize,Ads Quality Rater - Indonesian (Indonesia),Indonesia,,,https://jobs.lever.co/welocalize/d16a8aa6-84fd-40f8-bf52-c51c663cdaab,
welocalize,Ads Quality Rater - Korean [Remote & Online],South Korea,,,https://jobs.lever.co/welocalize/40f3e59d-35fc-4431-8fad-d5b97900b962,
welocalize,Ads Quality Rater - Malay (Malaysia),"Kuala Lumpur, Malaysia",,,https://jobs.lever.co/welocalize/bbd04b5f-9482-49b7-91ae-5aceecadb1c3,
welocalize,Ads Quality Rater - Mandarin (Taiwan),Taiwan,,,https://jobs.lever.co/welocalize/c43ab912-0d54-431a-abb4-e9b2c1ca9749,
welocalize,Ads Quality Rater - Spanish (Argentina),Argentina,,,https://jobs.lever.co/welocalize/d9a91e49-8052-4ce6-836d-9ee264214b7d,
welocalize,Ads Quality Rater - Spanish (Mexico),"Mexico City, Mexico",,,https://jobs.lever.co/welocalize/2c640bb3-55d0-40b7-9724-1169443d4431,
welocalize,Ads Quality Rater - Tamil (India),India,,,https://jobs.lever.co/welocalize/bd85bc2d-573c-46bf-a78e-4a3899f8ad16,
welocalize,Ads Quality Rater - Telugu (India),India,,,https://jobs.lever.co/welocalize/7d252a28-9043-4dcc-b7e9-6fa3aef3bf50,
welocalize,Ads Quality Rater - Thai (Thailand),Thailand,,,https://jobs.lever.co/welocalize/f2992036-c748-4e78-8e48-97454465bb01,
welocalize,Ads Quality Rater - Urdu (India),India,,,https://jobs.lever.co/welocalize/97ed976d-a938-4ebd-9e9a-6e5a287ff307,
welocalize,Ads Quality Rater – German (Austria),Austria,,,https://jobs.lever.co/welocalize/811da5ff-47b5-4a97-ad0b-534861873995,
welocalize,Ads Quality Rater – Język polski (Polska),"Poznań, Poland",,,https://jobs.lever.co/welocalize/3432853b-fb26-42dd-92ed-d56969e5844f,
welocalize,AI Data Annotator - English (New Zealand),"Wellington, New Zealand",,,https://jobs.lever.co/welocalize/550d4183-d8cd-4efb-9db9-d797d9b57b91,
welocalize,AI Data Annotator - French (Canada),Canada,,,https://jobs.lever.co/welocalize/a4eea322-dd9f-49ef-8b5b-df7620786b91,
welocalize,AI Data Annotator - Japanese (Japan),Japan,,,https://jobs.lever.co/welocalize/9efe019f-0594-4349-bb80-709ed1399290,
welocalize,AI Expert - Japanese (Japan),Japan,,,https://jobs.lever.co/welocalize/b892474a-58bc-4160-94b8-e8b71476063b,
welocalize,AI Machine Learning R&D Engineer,Spain,"AWS, Docker",,https://jobs.lever.co/welocalize/c0df04a2-8e58-4f9b-9916-bf03fb2e87a6,"{""AWS"": 1, ""Docker"": 1}"
welocalize,Ai Ml Engineer,"Noida, India","Python, AWS, Docker",Bachelor,https://jobs.lever.co/welocalize/0c14e37b-9ead-4b30-9244-2778a9771004,"{""Python"": 1, ""AWS"": 1, ""Docker"": 1}"
welocalize,Albanian into English Medical Translators,"Remote, Worldwide",,,https://jobs.lever.co/welocalize/eba10db2-107f-44e5-b09f-0166bea2b3ae,
welocalize,Analytics Specialist,Mexico,SQL,,https://jobs.lever.co/welocalize/fbda543f-5001-4900-ac8f-532867fb3414,"{""SQL"": 1}"
welocalize,Arabic Bilingual Audio Specialist,Saudi Arabia,,,https://jobs.lever.co/welocalize/39f8012e-045a-4319-a5b2-5fa0db658d00,
welocalize,Arabic Language Lead Specialist (Saudi Arabia),"Remote, Worldwide",,,https://jobs.lever.co/welocalize/40425be6-9afd-460b-9067-f27fb91a000a,
welocalize,Associate Software Localization Engineer,"Gurgaon, India",HTML,,https://jobs.lever.co/welocalize/1fd34ba1-07b7-438a-9981-a30cd36d15f6,"{""HTML"": 1}"
welocalize,Associate Technical Publication Engineer,"Gurgaon, India",,,https://jobs.lever.co/welocalize/7903f79a-fe0f-46e3-ac8b-83b607574453,
welocalize,Associate Testing QA Engineer,"Gurgaon, India",,,https://jobs.lever.co/welocalize/0628962f-fd19-4bf9-92f0-d067e8115a12,
welocalize,Audio Recording Project - Cantonese (Hong Kong),Hong Kong,,,https://jobs.lever.co/welocalize/5395c3ce-9493-44e1-b26b-e74ba62463bd,
welocalize,Audio Recording Project - Dutch (Belgium),Belgium,,,https://jobs.lever.co/welocalize/3e687fa1-08c1-4657-871f-1d4d0566add7,
welocalize,Audio Recording Project - Dutch (Germany),Germany,,,https://jobs.lever.co/welocalize/117f8559-1523-4db1-9ba2-3ce0399b8aac,
welocalize,Audio Recording Project - Dutch (Netherlands),Netherlands,,,https://jobs.lever.co/welocalize/e5110908-6bf6-4a0a-8eb6-91fef74c0632,
welocalize,Audio Recording Project - Dutch (Spain),Spain,,,https://jobs.lever.co/welocalize/ebda3bdf-ee2f-491d-88a5-c37699e1d015,
welocalize,Audio Recording Project - Dutch (UK),United Kingdom,,,https://jobs.lever.co/welocalize/ba0b69cf-bd4a-4783-b00f-77832a1b6535,
welocalize,Audio Recording Project - Dutch (US),United States,,,https://jobs.lever.co/welocalize/32c38963-994a-440d-814d-fc6e0b171610,
welocalize,Audio Recording Project - English (Bulgaria),Bulgaria,,,https://jobs.lever.co/welocalize/ce4874de-57d1-422d-8959-1e2c85d9cd35,
welocalize,Audio Recording Project - English (Egypt),"Cairo, Egypt",,,https://jobs.lever.co/welocalize/dde9237e-ce0a-44fa-afbe-0cf9ee7e9c96,
welocalize,Audio Recording Project - English (Hungary),Hungary,,,https://jobs.lever.co/welocalize/f2d4bc5f-bb3a-44ef-9b77-ca3978fef1af,
welocalize,Audio Recording Project - English (Poland),Poland,,,https://jobs.lever.co/welocalize/0b364aad-7574-4558-a3a5-eff894338b43,
welocalize,Audio Recording Project - English (Romania),Romania,,,https://jobs.lever.co/welocalize/25bac73d-e20d-4cbb-9bb3-783e8054f259,
welocalize,Audio Recording Project - English (UK),United Kingdom,,,https://jobs.lever.co/welocalize/fa5d57b5-03ba-4f2f-a62a-fdbbaa9c00e8,
welocalize,Audio Recording Project - English (US),United States,,,https://jobs.lever.co/welocalize/2139a690-de1c-4afe-9b94-0fc45c7148d8,
welocalize,Audio Recording Project - French (Canada),Canada,,,https://jobs.lever.co/welocalize/006e7509-848e-4467-b334-d2b83a22dbeb,
welocalize,Audio Recording Project - French (France),France,,,https://jobs.lever.co/welocalize/ccfc34bf-1f2e-4b5a-b6a6-ddfe67ccdd5b,
welocalize,Audio Recording Project - German,Germany,,,https://jobs.lever.co/welocalize/fdff857d-5baa-4a8e-92f6-56d416dacf2a,
welocalize,Audio Recording Project - Mandarin/Guoyu (Taiwan),Taiwan,,,https://jobs.lever.co/welocalize/48352502-669d-462e-a436-f77b09c41094,
welocalize,Audio Recording Project - Spanish (Spain),Spain,,,https://jobs.lever.co/welocalize/c6fcadf5-bf21-4d07-92f9-bc26350674a8,
welocalize,Automotive Diagnostics Specialist,"Remote, Worldwide",,,https://jobs.lever.co/welocalize/ebe621b7-9b61-4279-9501-f33b9f8cd7d3,
welocalize,Backend Software Engineer,"Noida, India",,,https://jobs.lever.co/welocalize/9b239f55-fd32-4cd0-8e83-b67d52195023,
welocalize,Bengali Bilingual Audio Specialist,India,,,https://jobs.lever.co/welocalize/f5fb9ec2-1dc2-44c1-8ce0-949ba33812e7,
welocalize,Business Development Director - Life Sciences,Spain,,,https://jobs.lever.co/welocalize/c026dd96-07b7-47e6-9708-46ae18e7c9f6,
welocalize,Business Intelligence Engineer,"Gurgaon, India","AWS, CI/CD, Redshift, Airflow",,https://jobs.lever.co/welocalize/7700f87b-d25e-469f-87f2-fc458858fb83,"{""AWS"": 1, ""CI/CD"": 1, ""Redshift"": 1, ""Airflow"": 1}"
welocalize,Cantonese (Hong Kong) Bilingual Audio Specialist,Hong Kong,,,https://jobs.lever.co/welocalize/cdd12a7b-e859-4d18-b7ff-a2e4d2b3be45,
welocalize,Chinese Video Quality Specialist in Japan (Remote),Japan,,,https://jobs.lever.co/welocalize/6d90c668-820e-4dbd-9a6c-c8b5e85e3f39,
welocalize,Client Learning Partner,"Gurgaon, India",,,https://jobs.lever.co/welocalize/c95ca8d0-d17c-4ed7-970b-77fc5b87f52e,
welocalize,Czech AI Ads Reviewer,Czech Republic,,,https://jobs.lever.co/welocalize/a1cd69f6-18cc-4e38-93db-291842f9252a,
welocalize,Danish Life Sciences Translator,Denmark,,,https://jobs.lever.co/welocalize/e7476c27-f302-41a3-b623-cfdbb8b52df6,
welocalize,Data Annotation Specialist - Seattle (On Site),"Seattle, WA",,,https://jobs.lever.co/welocalize/8a1b20d6-8c8d-4edb-9ef2-a132d8aa8a80,
welocalize,"Data Annotation Specialist - South Bay, CA (On Site)","Sunnyvale, CA",,,https://jobs.lever.co/welocalize/7bb0b5e7-edb8-42f8-8a47-9a5c4f680cbb,
welocalize,Data Annotation Specialist (English US) | Seattle Area,"Redmond, Washington",,,https://jobs.lever.co/welocalize/2659d500-cd55-4ce2-9f26-da8b9784ac85,
welocalize,Data Annotation Specialist (English US) | South Bay,"Menlo Park, CA",,,https://jobs.lever.co/welocalize/2bed82e7-563b-4880-b83e-cb6227d2b0d8,
welocalize,Deutsche Anzeigenprüfer*innen,Spain,,,https://jobs.lever.co/welocalize/254c055d-c29d-4cd6-a38d-0b3d525337cd,
welocalize,Dutch Advertisement Reviewer (Suriname),Suriname,,,https://jobs.lever.co/welocalize/8df70d93-4324-4e36-8321-74e9c3f340f2,
welocalize,Dutch Bilingual Audio Specialist,Netherlands,,,https://jobs.lever.co/welocalize/179ccb3c-d287-4dac-8004-2c30717601f5,
welocalize,Dutch Creative UI and Marketing Linguist,Remote,,,https://jobs.lever.co/welocalize/61dc55ae-c715-4723-90c1-97e7f9fe8c49,
welocalize,Dutch Gaming Localization Linguist (Netherlands),"Remote, Worldwide",,,https://jobs.lever.co/welocalize/a3adf148-cb94-4633-9b66-af1dfe8283a4,
welocalize,Dutch Linguist,Ireland,,,https://jobs.lever.co/welocalize/31ee7435-fd1b-4938-99af-e524ce282e5d,
welocalize,Dutch Linguist,Spain,,,https://jobs.lever.co/welocalize/ca1495b2-1db0-416f-af49-ea872c6ec19d,
welocalize,Early Careers Business Development Specialist,"Scottsdale, Arizona",,Bachelor,https://jobs.lever.co/welocalize/b636cdf0-426e-455f-91de-a0972944b860,
welocalize,English (United States) <> French (France) Lyric Translation Reviewer,France,,,https://jobs.lever.co/welocalize/abd22b8d-f748-47b7-b925-d9af5a71d865,
welocalize,English (United States) > Chinese (Simplified) Lyric Translation Reviewer,China,,,https://jobs.lever.co/welocalize/90b3f33c-5692-45d9-bfef-7adb3d887f56,
welocalize,English (United States) > German (Germany) Lyric Translation Reviewer,Germany,,,https://jobs.lever.co/welocalize/2a57f3d9-4ec8-4838-89a0-8fc6e421e9ca,
welocalize,English (United States) > Italian (Italy) Lyric Translation Reviewer,Italy,,,https://jobs.lever.co/welocalize/a21ce82f-934d-45ad-84b4-403e7f383afd,
welocalize,English (United States) > Japanese (Japan) Lyric Translation Reviewer,Japan,,,https://jobs.lever.co/welocalize/faea0bd4-d6bf-470c-94f3-2982b296329c,
welocalize,"English > Spanish Interpretation Opportunity | Providence, RI",United States,,,https://jobs.lever.co/welocalize/c2fc5bab-46c5-41f2-b5d9-c04aa7f503ce,
welocalize,English into Cherokee Translation Project,United States,,,https://jobs.lever.co/welocalize/9df97ccf-751c-4d6a-8829-4ab5d9d75a11,
welocalize,English into Croatian Patent Translator/LQA reviewer-Biology (remote),Croatia,,,https://jobs.lever.co/welocalize/ba60654d-ebdd-4e59-926d-25b018a43ff8,
welocalize,English into German Patent-IT translation project (US time zone),United States,,,https://jobs.lever.co/welocalize/09938a5b-a479-44c6-ba0d-981b9110255c,
welocalize,English into German-Patent Sworn Translators(freelance),Germany,,,https://jobs.lever.co/welocalize/9b13aa1b-8a34-42d7-8b24-322e91062e48,
welocalize,English into Japanese Patent Biochemistry/IT/Mechanics translators-Remote,Japan,,,https://jobs.lever.co/welocalize/4f12d1f4-06b8-4b9e-ab24-25b3b1c83e4e,
welocalize,English into Korean - Patent Translator (Remote),South Korea,,,https://jobs.lever.co/welocalize/fcd2e9d3-ae47-4357-a7b4-8eb13caeb5e9,
welocalize,English into Mongolian Patent Translator (Remote),Mongolia,,,https://jobs.lever.co/welocalize/7fd0c563-02d1-4a28-aca0-307d5255a11f,
welocalize,"English to Chinese Interpretation Opportunity | Providence, Rhode Island",United States,,,https://jobs.lever.co/welocalize/679f6449-0b81-4e64-a9ab-6f8f116b2323,
welocalize,English to Chinese Lyric Translation Evaluation Reviewer - Subject Matter Expert,China,,,https://jobs.lever.co/welocalize/f87a5397-e8ff-4123-9d38-86d6e1756e73,
welocalize,Entry-Level AI Data Rater - Dutch (Suriname),Suriname,,,https://jobs.lever.co/welocalize/91247918-40a1-458c-a075-06a65e325023,
welocalize,Expert Rater - Dutch,Spain,,,https://jobs.lever.co/welocalize/ce1cce78-d1c5-4e0d-a230-0f0c1dc49768,
welocalize,Expert Rater - English (India),India,,,https://jobs.lever.co/welocalize/72156cc3-f1d9-423d-870c-df1d3a9ee6cd,
welocalize,Field Engineer,Argentina,,,https://jobs.lever.co/welocalize/75778f25-f37e-43cc-8649-e67d4d032629,
welocalize,Field Engineer Europe,Spain,,,https://jobs.lever.co/welocalize/83531ec2-0088-496a-888c-f8a710952a3d,
welocalize,Freelance Linguist-Nepali (Nepal),"Remote, Worldwide",,Master,https://jobs.lever.co/welocalize/106b55bd-2df8-41cb-8c6b-df2a036f61ec,
welocalize,Freelance Senior Linguist-Marketing & Life Sciences-Afrikaans (South Africa),"Remote, Worldwide",,,https://jobs.lever.co/welocalize/767e96e5-b04a-4c21-a671-55cbea0d3963,
welocalize,Freelance Senior Linguist-Marketing & Life Sciences-Amharic-ET,"Remote, Worldwide",,,https://jobs.lever.co/welocalize/539cdd5c-1df1-4b4f-9baa-53db5e64ba98,
welocalize,Freelance Senior Linguist-Marketing & Life Sciences-Oromo-ET,"Remote, Worldwide",,,https://jobs.lever.co/welocalize/4e744c33-eea5-46f3-ac68-d2c6e8defddd,
welocalize,Freelance Senior Linguist-Marketing & Life Sciences-Sepedi (South Africa),"Remote, Worldwide",,,https://jobs.lever.co/welocalize/efaad97a-e436-4407-9ed7-49138a0e95e1,
welocalize,Freelance Senior Linguist-Marketing & Life Sciences-Sesotho (South Africa),"Remote, Worldwide",,,https://jobs.lever.co/welocalize/7aa615db-4059-4572-8c5f-1eb663dd84f5,
welocalize,Freelance Senior Linguist-Marketing & Life Sciences-Somali (Somalia),"Remote, Worldwide",,,https://jobs.lever.co/welocalize/1bd9648e-94d3-463e-ac14-ad8718fcfd7f,
welocalize,Freelance Senior Linguist-Marketing & Life Sciences-Swahili,"Remote, Worldwide",,,https://jobs.lever.co/welocalize/12dade09-80c9-4c45-ae71-cfab9fa13b4f,
welocalize,Freelance Senior Linguist-Marketing & Life Sciences-Tigrinya,"Remote, Worldwide",,,https://jobs.lever.co/welocalize/0e6c9fd7-0a22-4af0-9a4c-2c8dafbf981d,
welocalize,Freelance Senior Linguist-Marketing & Life Sciences-Xhosa (South Africa),"Remote, Worldwide",,,https://jobs.lever.co/welocalize/42becd9d-feaf-4d52-baf9-476d42be45ef,
welocalize,Freelance Senior Linguist-Marketing & Life Sciences-Zulu (South Africa),"Remote, Worldwide",,,https://jobs.lever.co/welocalize/5d7903f9-4200-40de-89bd-df1fb19172de,
welocalize,French Canadian Life Sciences Linguist,Remote,,,https://jobs.lever.co/welocalize/1d9102df-abd4-41e9-bb5c-0c42665b8787,
welocalize,French Canadian Linguist,Canada,,,https://jobs.lever.co/welocalize/5ef2dfb2-f846-4e33-aa11-784a68aa5a44,
welocalize,French Canadian Linguist,United States,,,https://jobs.lever.co/welocalize/7fa39286-c343-45f7-b126-b6518a990d91,
welocalize,French Canadian Linguist,United Kingdom,,,https://jobs.lever.co/welocalize/bca6db9c-acc8-4172-a276-d121e2e199fb,
welocalize,French Canadian Linguist,France,,,https://jobs.lever.co/welocalize/ddc12f41-18bc-4e73-843e-5301b461ef6c,
welocalize,French Conversation Sentiment Evaluator,France,,,https://jobs.lever.co/welocalize/ad4903be-7017-46d2-8035-20c1087ff100,
welocalize,French Linguist,United States,,,https://jobs.lever.co/welocalize/fa4ac1f7-e990-4a12-9c69-eeb174211686,
welocalize,General Applications - Interpretation,United States,,,https://jobs.lever.co/welocalize/2d3aafa0-ea91-4e47-8ddd-10fcd175dc06,
welocalize,General Freelance Applications,United States,,,https://jobs.lever.co/welocalize/21e7cf46-c096-479a-8818-cabcf6768b33,
welocalize,Georgian into English Medical Translators (Remote),Georgia,,,https://jobs.lever.co/welocalize/24e46744-71e3-4431-9408-a064a207f587,
welocalize,German Advertising Reviewer,Spain,,,https://jobs.lever.co/welocalize/4d338580-a6b8-41f6-a8ba-7d135ecea1e4,
welocalize,German and English to Azeri Linguist – Medical Devices,"Remote, Worldwide",,,https://jobs.lever.co/welocalize/ba3549e4-6823-4859-8cd2-1182396668d6,
welocalize,German and English to Kazakh Linguist – Medical Devices,"Remote, Worldwide",,,https://jobs.lever.co/welocalize/e9d0029f-6bcc-4f1e-b8fa-8ff705094c80,
welocalize,German Conversation Sentiment Evaluator,Germany,,,https://jobs.lever.co/welocalize/b5877617-54d6-45b1-89e3-10d11aaa62b7,
welocalize,German Retail Localization Linguist,"Remote, Worldwide",,,https://jobs.lever.co/welocalize/5e0ee1fa-a538-45e0-8612-eec6fa6d04f7,
welocalize,German to Korean Patent Translator/LQA Reviewer,"Seoul, South Korea",,,https://jobs.lever.co/welocalize/240e3f68-3d94-42b8-8182-3606677951de,
welocalize,Hebrew Linguist,Spain,,,https://jobs.lever.co/welocalize/0c2de2ee-767d-4ae3-a516-bc3c54e9ae91,
welocalize,Hebrew Linguist (Life Sciences),Spain,,,https://jobs.lever.co/welocalize/65e84247-4313-4dca-b077-2da44e122317,
welocalize,Hebrew Localization Agency (Israel),"Tel Aviv, Israel",,,https://jobs.lever.co/welocalize/90a16d10-3dce-4ee0-b86f-44e8bd55ae87,
welocalize,Hindi Bilingual Audio Specialist,India,,,https://jobs.lever.co/welocalize/d96e1e0a-d872-41ef-8596-a6fb616bed32,
welocalize,Hindi Conversation Sentiment Evaluator,India,,,https://jobs.lever.co/welocalize/7eb1e85c-be43-4df1-ac10-000d38119a55,
welocalize,Indonesian Bilingual Audio Specialist,Indonesia,,,https://jobs.lever.co/welocalize/f19435bf-33c3-4f3a-8ce4-e04b3b0ef8d5,
welocalize,Indonesian Conversation Sentiment Evaluator,Indonesia,,,https://jobs.lever.co/welocalize/6897d807-c8b8-4e32-bc4c-52a39f28e622,
welocalize,Indonesian Part-Time Linguistic QA Tester (Remote - US Based),United States,,,https://jobs.lever.co/welocalize/abbc9611-1571-43e0-b490-c223ac23dad0,
welocalize,Indonesian Senior Linguist - Patent,Indonesia,,,https://jobs.lever.co/welocalize/d47d14ad-ce49-4ec8-904d-9a61d8526c95,
welocalize,Italian Bilingual Audio Specialist,Italy,,,https://jobs.lever.co/welocalize/82c25b23-cf8b-4b33-835c-d18b3e9b509d,
welocalize,Japanese | Korean | Mandarin Interpreters,Singapore,,,https://jobs.lever.co/welocalize/f537fb6f-4577-4065-aa59-2df9bdb35b7e,
welocalize,Japanese | Korean Interpreters,"Tokyo, Japan",,,https://jobs.lever.co/welocalize/3dbc2103-964b-4b8e-9a84-ce6bf0ff522d,
welocalize,Japanese Bilingual Audio Specialist,Japan,,,https://jobs.lever.co/welocalize/9eb47731-b33d-450a-854d-0472b2d2dd08,
welocalize,Japanese Classical Music Content Specialist in Japan (Remote),Japan,,,https://jobs.lever.co/welocalize/c446c3b0-786d-41f8-9419-ea157b7c6176,
welocalize,Japanese Conversation Sentiment Evaluator,Japan,,,https://jobs.lever.co/welocalize/8408d056-acc4-46e5-ae11-80d49c726efe,
welocalize,Japanese Metadata Specialist (Movies & TV Shows) in Japan (Remote),Japan,,,https://jobs.lever.co/welocalize/1d261c5c-c72e-4a72-99ec-0babdc5bde7c,
welocalize,Japanese Multimedia Content Reviewer,Japan,iOS,,https://jobs.lever.co/welocalize/340c3d01-34b3-4493-b5ff-916f4ae5f3c3,"{""iOS"": 1}"
welocalize,Japanese Senior Linguist for Life Science,"Tokyo, Japan",,,https://jobs.lever.co/welocalize/b034476b-d6d0-450b-b634-f8e1a7e8a43d,
welocalize,Junior Localization Project Manager,"Thessaloniki, Greece",,,https://jobs.lever.co/welocalize/a722a8f2-6834-4f3d-a561-87653dc59396,
welocalize,Junior Project Manager,"Thessaloniki, Greece",,,https://jobs.lever.co/welocalize/eb5aa5e6-abe1-4d5f-89ce-e46702dc5712,
welocalize,Korean (Korea) <> English (United States) Lyric Translation Reviewer,South Korea,,,https://jobs.lever.co/welocalize/c321add1-b7cb-4390-ae91-6f338ec0e6ee,
welocalize,Korean (Korea) > Chinese (Simplified) Lyric Translation Reviewer,China,,,https://jobs.lever.co/welocalize/62505808-d57e-42f8-adb9-206a07e131fd,
welocalize,Korean (Korea) > Japanese (Japan) Lyric Translation Reviewer,Japan,,,https://jobs.lever.co/welocalize/d1f093c7-88fe-44d3-9e2a-337766962cd0,
welocalize,Korean Bilingual Audio Specialist,South Korea,,,https://jobs.lever.co/welocalize/d00fd257-5277-44e6-acec-6964a9807199,
welocalize,Korean Classical Music Specialist in Japan (Remote),Japan,,,https://jobs.lever.co/welocalize/8e946158-1e68-45e1-ab98-9e158eecd66e,
welocalize,Korean Conversation Sentiment Evaluator,South Korea,,,https://jobs.lever.co/welocalize/402e9acb-2e03-4a50-a2a9-770289c1eb41,
welocalize,Korean Creative UI and Marketing Linguist,Remote,,,https://jobs.lever.co/welocalize/8440868a-9414-44a1-bdc2-99899ad9a220,
welocalize,Korean into German Patent-Electricity & IT Translators/Agencies,South Korea,,,https://jobs.lever.co/welocalize/9e17d1f6-dea4-43db-9d80-0df5244f289f,
welocalize,Korean Language Lead,"New York, NY",,,https://jobs.lever.co/welocalize/5f76c7a8-0533-43ca-b513-663710b0e1ce,
welocalize,Korean Metadata Specialist in Japan,Japan,,,https://jobs.lever.co/welocalize/ce82d5ca-dfe8-476b-b3c9-ef13754c9b65,
welocalize,Korean Music Content Specialist in Japan (Remote),Japan,,,https://jobs.lever.co/welocalize/ccc29e26-3189-4d10-92d1-242f992db1b3,
welocalize,Korean Speaker Lyric Reviewer,South Korea,,,https://jobs.lever.co/welocalize/25117686-ddaa-4e8b-9fb7-cb5f5aae9261,
welocalize,Korean to Japanese Lyric Translation Evaluation Reviewer - Subject Matter Expert,Japan,,,https://jobs.lever.co/welocalize/3202e5df-d2c6-4f66-9f95-87f784afa229,
welocalize,Language Lead-Malagasy (Madagascar),"Remote, Worldwide",,,https://jobs.lever.co/welocalize/be0383f4-db44-458b-98c4-89129e175ff9,
welocalize,Legal Business Development Manager,"Scottsdale, Arizona",,Bachelor,https://jobs.lever.co/welocalize/2083720a-8716-4fa0-bd00-c19adc4b5368,
welocalize,Life Sciences Solutions & Market Strategy Director,"Barcelona, Spain",Go,,https://jobs.lever.co/welocalize/5d40fbc9-0abc-41ed-8194-7ab310b8e11a,"{""Go"": 1}"
welocalize,Localization Project Manager,Mexico,,,https://jobs.lever.co/welocalize/dec2e1e1-87cb-4d79-9406-479851327a8e,
welocalize,Machine Learning R&D Engineer,"Noida, India",,,https://jobs.lever.co/welocalize/a888c55f-ec73-4d27-9174-f1c5fa11d2c7,
welocalize,Malay Bilingual Audio Specialist,Malaysia,,,https://jobs.lever.co/welocalize/ff2d0811-5e84-4a6f-814a-b6c8261d87a6,
welocalize,Malayalam Linguist,India,,,https://jobs.lever.co/welocalize/61c5fe62-1f07-4740-873b-a2a24a4a0ad1,
welocalize,Mandarin (China) Bilingual Audio Specialist,China,,,https://jobs.lever.co/welocalize/12063f63-1121-4f74-872f-eefa3d70fa1f,
welocalize,Mandarin (Taiwan) Bilingual Audio Specialist,Taiwan,,,https://jobs.lever.co/welocalize/1b4a402d-1390-46a0-80f0-a0b20479ed72,
welocalize,Modern Standard Arabic Prompt Engineer,"Cairo, Egypt",,Bachelor,https://jobs.lever.co/welocalize/f850fd0a-c0f1-438c-9991-ed69bbba7ddd,
welocalize,Multilingual Safety Content Contributor – Hindi,India,,,https://jobs.lever.co/welocalize/3c03a2b2-6270-461a-9cf8-0739be50465b,
welocalize,Multilingual Safety Content Contributor – Malay (Singapore),Singapore,,,https://jobs.lever.co/welocalize/1265f7a3-a9df-41ef-8541-be23f6283827,
welocalize,Multilingual Safety Content Contributor – Tamil,India,,,https://jobs.lever.co/welocalize/cb8ccaea-96cb-4fa4-b931-7b71379d7900,
welocalize,Norwegian Linguist Reviewer,Norway,,,https://jobs.lever.co/welocalize/88c30fe7-7ef8-43a8-a620-a1f5f3989d7c,
welocalize,Operations Solutions Engineer,Mexico,"Python, JavaScript, C#, AWS, GCP, Azure",Bachelor,https://jobs.lever.co/welocalize/7eda64ed-3ef3-4206-85ed-44aabe82f276,"{""Python"": 1, ""JavaScript"": 1, ""C#"": 1, ""AWS"": 1, ""GCP"": 1, ""Azure"": 1}"
welocalize,Paid Media Consultant - LATAM Market,Brazil,,,https://jobs.lever.co/welocalize/4b0a126d-2918-4ecc-88c2-beead4bf61d4,
welocalize,Paid Media Consultant - MENA Market,"Cairo, Egypt",,,https://jobs.lever.co/welocalize/26a8df72-f2a4-4a39-b3dd-af4c7fafb92b,
welocalize,PARTNER QUESTIONNAIRE,United States,,,https://jobs.lever.co/welocalize/748c3ce4-74d4-462e-923f-fea8950ea701,
welocalize,Policy and Toxicity Evaluator,Philippines,,,https://jobs.lever.co/welocalize/6f8f5b3a-3886-4f7a-b316-d0d10fd7d032,
welocalize,Polish Bilingual Audio Specialist - Remote,Poland,,,https://jobs.lever.co/welocalize/37d4c273-67b4-4b79-b6cc-165c897b48de,
welocalize,Portuguese (Brazil) Bilingual Audio Specialist,Brazil,,,https://jobs.lever.co/welocalize/d1ceda14-fbf2-496c-8e16-65f6ce59531c,
welocalize,Portuguese (Brazil) Conversation Sentiment Evaluator,Brazil,,,https://jobs.lever.co/welocalize/b7be979b-6fb1-4144-95f4-54276e73ae52,
welocalize,Portuguese (Portugal)  Bilingual Audio Specialist,"Lisbon, Portugal",,,https://jobs.lever.co/welocalize/0ad49d2b-7e50-4534-855f-25f351f8a0ed,
welocalize,"Portuguese (Portugal) Part-Time Linguistic Tech Tester (Onsite - Portland, OR)","Portland, OR",,,https://jobs.lever.co/welocalize/a90ce62f-e4bf-4bfe-9e75-a9acad1fafc5,
welocalize,Punjabi Language Lead,India,,,https://jobs.lever.co/welocalize/cfd915eb-af90-46ea-bb21-b0c877564c02,
welocalize,"Punjabi Linguistic Tester (Onsite) in Hyderabad, India","Hyderabad, India",Android,"Bachelor, Master",https://jobs.lever.co/welocalize/5f4df6ef-676c-4944-90bd-c12b8f0a18f0,"{""Android"": 1}"
welocalize,REFFERAL *Scout Search Quality Rater - Simplified Chinese (Canada),Canada,,,https://jobs.lever.co/welocalize/5f0be8bd-00a7-462a-b339-d28ecc292813,
welocalize,Remote Internet Search Quality Rater - English (United States),United States,,,https://jobs.lever.co/welocalize/33babd56-f6d6-4779-8146-498c9a9e42bd,
welocalize,Romanian Linguist,Romania,,,https://jobs.lever.co/welocalize/e802f2e1-2d80-4ecc-8404-9be39362ae08,
welocalize,Russian Bilingual Audio Specialist,Kazakhstan,,,https://jobs.lever.co/welocalize/015fa203-8d7c-4541-97f6-89629c1f7267,
welocalize,Russian Translator,Romania,,,https://jobs.lever.co/welocalize/1d73722f-837b-409d-b6c6-0930a192ef1b,
welocalize,Scout Search Quality Rater - English (UK),United Kingdom,,,https://jobs.lever.co/welocalize/70522b25-5543-4fa1-a511-158e27a64386,
welocalize,Scout Search Quality Rater - French (France),France,,,https://jobs.lever.co/welocalize/14077490-5f2f-4703-baba-3d06e83d2bd9,
welocalize,"Senior AI Data Engineer - Argentina (Remote, Part-Time)",Argentina,Python,,https://jobs.lever.co/welocalize/9158c052-0936-4745-af43-223daed570ee,"{""Python"": 1}"
welocalize,"Senior AI Data Engineer - Brazil (Remote, Part-Time)",Brazil,Python,,https://jobs.lever.co/welocalize/39df8cbc-fe6a-4f1c-ae06-da9c7cb8e4da,"{""Python"": 1}"
welocalize,"Senior AI Data Engineer - Chile (Remote, Part-time)","Santiago, Chile",Python,,https://jobs.lever.co/welocalize/d88a4e74-fccc-46b1-b2eb-fd59e5666428,"{""Python"": 1}"
welocalize,"Senior AI Data Engineer - Colombia (Remote, Part-time)",Colombia,Python,,https://jobs.lever.co/welocalize/02a7c600-ac7e-4073-8fa2-22cdf24291c6,"{""Python"": 1}"
welocalize,"Senior AI Data Engineer - India (Remote, Part-Time)",India,Python,,https://jobs.lever.co/welocalize/2cf6d8ac-94f5-4ffb-a224-a31c84031e7b,"{""Python"": 1}"
welocalize,"Senior AI Data Engineer - Mexico (Remote, Part-Time)",Mexico,Python,,https://jobs.lever.co/welocalize/990d45a3-1bde-41e7-9440-973a49c76b8e,"{""Python"": 1}"
welocalize,"Senior AI Data Engineer - Peru (Remote, Part-Time)",Peru,Python,,https://jobs.lever.co/welocalize/f9a3f295-078e-4501-ac93-8a1e90716fc6,"{""Python"": 1}"
welocalize,"Senior AI Data Engineer - Poland (Remote, Part-time)",Poland,Python,,https://jobs.lever.co/welocalize/7e710b3c-1c24-4035-bd9b-72f41147764c,"{""Python"": 1}"
welocalize,"Senior AI Data Engineer - Romania (Remote, Part-time)",Romania,Python,,https://jobs.lever.co/welocalize/9f4a65c2-7984-49a7-bfe0-973078a12903,"{""Python"": 1}"
welocalize,"Senior AI Data Engineer - Turkey (Remote, Part-time)",Turkey,Python,,https://jobs.lever.co/welocalize/69176897-a642-41c8-8c5c-eb77fca8d542,"{""Python"": 1}"
welocalize,Senior AI/ML Platform Engineer,"Noida, India","Python, Node.js, AWS, GCP, Azure, Docker, Terraform, TensorFlow, PyTorch",,https://jobs.lever.co/welocalize/284fe16c-a7e3-4f88-bfc9-ba01fa3fcbc4,"{""Python"": 1, ""Node.js"": 1, ""AWS"": 1, ""GCP"": 1, ""Azure"": 1, ""Docker"": 1, ""Terraform"": 1, ""TensorFlow"": 1, ""PyTorch"": 1}"
welocalize,Senior Korean Linguist,United States,,,https://jobs.lever.co/welocalize/495a7b32-8ce6-4ce2-86ae-cc9e01cb8c72,
welocalize,Senior Linguist-Oriya-India (Freelance),"Remote, Worldwide",,Master,https://jobs.lever.co/welocalize/77d9d9f9-cc9e-42be-824d-3be56f785fcf,
welocalize,Senior Linguist: Assamese-India (Freelance),"Remote, Worldwide",,Master,https://jobs.lever.co/welocalize/8ee83761-85cb-471e-992a-e4edc13006bd,
welocalize,Senior Project Manager - Generative AI Data Operations,Mexico,,,https://jobs.lever.co/welocalize/f40477f1-baf7-4710-bfc1-bccb93454457,
welocalize,Senior Project Manager (Night Shift),India,,,https://jobs.lever.co/welocalize/2ab0c89a-e0fc-4762-84d9-22700a1a51d9,
welocalize,"Senior Prompt Engineer - Argentina (Remote, Part-Time)",Argentina,Python,,https://jobs.lever.co/welocalize/57362bf8-3b36-4c45-92f2-96ed0d3992d7,"{""Python"": 1}"
welocalize,"Senior Prompt Engineer - Brazil (Remote, Part-Time)",Brazil,Python,,https://jobs.lever.co/welocalize/eaa0210e-648f-4eda-b83b-b36a86e87e8c,"{""Python"": 1}"
welocalize,"Senior Prompt Engineer - Chile (Remote, Part-Time)","Santiago, Chile",Python,,https://jobs.lever.co/welocalize/062a16ea-2355-4825-bd5b-dae14fee7908,"{""Python"": 1}"
welocalize,"Senior Prompt Engineer - Colombia (Remote, Part-Time)",Colombia,Python,,https://jobs.lever.co/welocalize/5529415c-4910-4130-8308-7069786661f3,"{""Python"": 1}"
welocalize,"Senior Prompt Engineer - India (Remote, Part-Time)",India,Python,,https://jobs.lever.co/welocalize/9cc15655-01af-4c6c-8f64-99878c6283db,"{""Python"": 1}"
welocalize,"Senior Prompt Engineer - Mexico (Remote, Part-Time)",Mexico,Python,,https://jobs.lever.co/welocalize/1c4163d5-f3fa-4763-8ff6-2339b7273a2b,"{""Python"": 1}"
welocalize,"Senior Prompt Engineer - Peru (Remote, Part-Time)",Peru,Python,,https://jobs.lever.co/welocalize/03fab321-f7a4-49a7-becc-19477f7ca611,"{""Python"": 1}"
welocalize,"Senior Prompt Engineer - Poland (Remote, Part-Time)",Poland,Python,,https://jobs.lever.co/welocalize/96a08985-6f48-4bb9-8b19-2e44a974b5a9,"{""Python"": 1}"
welocalize,"Senior Prompt Engineer - Romania (Remote, Part-Time)",Romania,Python,,https://jobs.lever.co/welocalize/42ff8629-93b1-46fe-9b23-e185ca60cdd0,"{""Python"": 1}"
welocalize,"Senior Prompt Engineer - Turkey (Remote, Part-Time)",Turkey,Python,,https://jobs.lever.co/welocalize/8c0ce529-3583-41c5-9aee-43fdfc7188fa,"{""Python"": 1}"
welocalize,Shape the Future of AI - Afrikaans Talent Hub,South Africa,,,https://jobs.lever.co/welocalize/ea42356e-a02c-4d58-8257-7f1cf606a8fe,
welocalize,Shape the Future of AI - Albanian Talent Hub,Albania,,,https://jobs.lever.co/welocalize/6d10f2c0-ad1c-4432-be17-f04175a56367,
welocalize,Shape the Future of AI - Amharic Talent Hub,"Addis Ababa, Ethiopia",,,https://jobs.lever.co/welocalize/12499f58-91b4-43a1-8bf8-6b2bf73849c6,
welocalize,Shape the Future of AI - Armenian Talent Hub,Armenia,,,https://jobs.lever.co/welocalize/44d6ca77-3703-4293-a6a4-9a7aa639dad4,
welocalize,Shape the Future of AI - Azerbaijani Talent Hub,Azerbaijan,,,https://jobs.lever.co/welocalize/e0af350d-f782-4fd7-9f4a-7a011df6bcab,
welocalize,Shape the Future of AI - Basque Talent Hub,Spain,,,https://jobs.lever.co/welocalize/4a1fa6fa-72bc-408f-90df-1153125048af,
welocalize,Shape the Future of AI - Belarusian Talent Hub,"Minsk, Belarus",,,https://jobs.lever.co/welocalize/63cff927-d6ac-4769-b594-00686ede8e40,
welocalize,Shape the Future of AI - Bosnian Talent Hub,Sarajevo,,,https://jobs.lever.co/welocalize/bf4e3b3b-f551-462b-ac47-0c700e7a8de1,
welocalize,Shape the Future of AI - Flemish Talent Hub,Belgium,,,https://jobs.lever.co/welocalize/47011529-0a0d-45e3-8e15-84dcd9bc99e4,
welocalize,Shape the Future of AI - Galician Talent Hub,"Galicia, Spain",,,https://jobs.lever.co/welocalize/af11ac13-d4d8-44bc-897f-4faf65cd6030,
welocalize,Shape the Future of AI - Georgian Talent Hub,Tbilisi,,,https://jobs.lever.co/welocalize/a5a093a9-2153-4ec0-b8b0-3b9da42fc51d,
welocalize,Shape the Future of AI - Greek Talent Hub,Greece,,,https://jobs.lever.co/welocalize/0e5ece86-9904-4928-a80e-a33e2f4a3794,
welocalize,Shape the Future of AI - Gujarati Talent Hub,India,,,https://jobs.lever.co/welocalize/356f0d57-704e-4d0a-94dc-bd1c60aaaf35,
welocalize,Shape the Future of AI - Hausa Talent Hub,Nigeria,,,https://jobs.lever.co/welocalize/8c05c2f5-4df1-4310-99f5-11dc8531d73c,
welocalize,Shape the Future of AI - Hebrew Talent Hub,"Tel Aviv, Israel",,,https://jobs.lever.co/welocalize/591e301b-2ae6-415f-97b5-65fee1b7ad4b,
welocalize,Shape the Future of AI - Igbo Talent Hub,Nigeria,,,https://jobs.lever.co/welocalize/33820f32-510e-4dde-9488-bc7f47ad4b3c,
welocalize,Shape the Future of AI - Irish Talent Hub,Ireland,,,https://jobs.lever.co/welocalize/fdf66bdd-bb31-4989-8cfb-ad798ddb37bc,
welocalize,Shape the Future of AI - Kannada Talent Hub,India,,,https://jobs.lever.co/welocalize/90fed057-4a15-4fb6-a098-f044f6d1881f,
welocalize,Shape the Future of AI - Kazakh Talent Hub,Kazakhstan,,,https://jobs.lever.co/welocalize/88fe7330-e32e-4577-9384-9bb85e1a30f1,
welocalize,Shape the Future of AI - Kyrgyz Talent Hub,Kyrgyzstan,,,https://jobs.lever.co/welocalize/5b9f350f-20fe-4f4f-b480-10500f6fb334,
welocalize,Shape the Future of AI - Macedonian Talent Hub,North Macedonia,,,https://jobs.lever.co/welocalize/cefe2e6b-b17f-4943-ad1d-c9660a8d6784,
welocalize,Shape the Future of AI - Malayalam Talent Hub,India,,,https://jobs.lever.co/welocalize/7f347ade-b933-483f-9974-6a9663cb81cc,
welocalize,Shape the Future of AI - Maltese Talent Hub,"Valetta, Malta",,,https://jobs.lever.co/welocalize/59fd5c64-5062-4cf3-8b20-2c1921493e5b,
welocalize,Shape the Future of AI - Mongolian Talent Hub,Mongolia,,,https://jobs.lever.co/welocalize/be55cc98-ec0b-49f1-b06a-f4080ff89149,
welocalize,Shape the Future of AI - Odia Talent Hub,India,,,https://jobs.lever.co/welocalize/3b44d754-0c07-4b8f-9004-32bf244d108e,
welocalize,Shape the Future of AI - Persian Talent Hub,Afghanistan,,,https://jobs.lever.co/welocalize/287d2601-9908-4360-bd10-72d963d07c11,
welocalize,Shape the Future of AI - Punjabi Talent Hub,India,,,https://jobs.lever.co/welocalize/d8c909bb-1a87-4571-9900-bfa75fec08f7,
welocalize,Shape the Future of AI - Sindhi Talent Hub,India,,,https://jobs.lever.co/welocalize/612aee03-83e7-41d4-a193-c748e378acf9,
welocalize,Shape the Future of AI - Sinhala Talent Hub,"Colombo, Sri Lanka",,,https://jobs.lever.co/welocalize/7425c9df-784e-46d2-9b95-86aae3778e1f,
welocalize,Shape the Future of AI - Tamil Talent Hub,India,,,https://jobs.lever.co/welocalize/5a132a72-b4c9-4060-a7cf-d43dc33b2cab,
welocalize,Shape the Future of AI - Telugu Talent Hub,India,,,https://jobs.lever.co/welocalize/5ba468a7-abdd-4321-9ce2-3897439e005c,
welocalize,Shape the Future of AI - Turkish Talent Hub,Turkey,,,https://jobs.lever.co/welocalize/48e0f811-2fb1-42de-a1aa-56cfa43f3737,
welocalize,Shape the Future of AI - Uzbek Talent Hub,"Tashkent, Uzbekistan",,,https://jobs.lever.co/welocalize/b5ea7b0f-006d-4a1e-bd2b-310a6742b95d,
welocalize,Shape the Future of AI - Welsh Talent Hub,Wales,,,https://jobs.lever.co/welocalize/168c2afb-d782-442f-bd86-4748dde476db,
welocalize,Shape the Future of AI - Yoruba Talent Hub,Nigeria,,,https://jobs.lever.co/welocalize/05ee9513-d7fe-4b20-b179-9ae8b3dc08cb,
welocalize,Shape the Future of AI - Zulu Talent Hub,South Africa,,,https://jobs.lever.co/welocalize/d5c45cb8-87cc-45b0-8ecf-ed32c1a7cf3b,
welocalize,Shape the Future of AI – Southeast Asia Talent Hub (Ex-Singapore Residents),Malaysia,,,https://jobs.lever.co/welocalize/fc4617b2-851d-439b-8cbf-75088dd8e74e,
welocalize,Shape the Future of AI —  Croatian Talent Hub,Croatia,,,https://jobs.lever.co/welocalize/400285dd-6338-4bcf-a89b-492d9846e5e5,
welocalize,Shape the Future of AI —  Dutch Talent Hub,Netherlands,,,https://jobs.lever.co/welocalize/abac48e2-a1eb-4271-87f8-00be0f0c8a59,
welocalize,Shape the Future of AI —  Estonian Talent Hub,Estonia,,,https://jobs.lever.co/welocalize/4d0af7a9-e0f7-43b4-a55c-986a5dd29a26,
welocalize,Shape the Future of AI —  Farsi Talent Hub,Turkey,,,https://jobs.lever.co/welocalize/bf6b00c0-7ed5-45f6-ac16-be9bf9657eb4,
welocalize,Shape the Future of AI —  Hindi Talent Hub,India,,,https://jobs.lever.co/welocalize/5eb86fe8-b8ca-4df9-a258-8cd2bfe7d42e,
welocalize,Shape the Future of AI —  Japanese Talent Hub | AIの未来を形作る — 日本人タレントハブ,Japan,,,https://jobs.lever.co/welocalize/4f800f21-f75e-4721-add9-4cfbdbd60a98,
welocalize,Shape the Future of AI —  Marathi Talent Hub,India,,,https://jobs.lever.co/welocalize/14572f20-6bbf-450c-a93a-59a1c6d716fe,
welocalize,Shape the Future of AI —  Nepali Talent Hub,"Katmandú, Nepal",,,https://jobs.lever.co/welocalize/0c05faa7-dbad-4d4b-9d13-2b628cef25c7,
welocalize,Shape the Future of AI —  Russian Talent Hub,Georgia,,,https://jobs.lever.co/welocalize/0bfce19a-f593-45af-ac16-bd1cbef93952,
welocalize,Shape the Future of AI — Arabic Talent Hub,"Cairo, Egypt",,,https://jobs.lever.co/welocalize/a905b7ef-1a1f-4470-ac7a-26de46b06d08,
welocalize,Shape the Future of AI — Bengali Talent Hub,India,,,https://jobs.lever.co/welocalize/622bd924-7c24-42dc-9f31-8a4c54d84138,
welocalize,Shape the Future of AI — Bulgarian Talent Hub,Bulgaria,,,https://jobs.lever.co/welocalize/0a9bee34-29b8-43b6-9eee-213dccf6f250,
welocalize,Shape the Future of AI — Burmese Talent Hub,Thailand,,,https://jobs.lever.co/welocalize/335dfa7a-457a-4906-b76c-de63760ebd93,
welocalize,Shape the Future of AI — Catalan Talent Hub,Spain,,,https://jobs.lever.co/welocalize/7d1352d3-ea02-4799-b709-9e998733eb42,
welocalize,Shape the Future of AI — Czech Talent Hub,Czech Republic,,,https://jobs.lever.co/welocalize/8b4f5f1d-f741-4b47-b6d9-db2a9f5a1071,
welocalize,Shape the Future of AI — Danish Talent Hub,Denmark,,,https://jobs.lever.co/welocalize/0332ff0f-2661-4b7f-9ae4-e730b5fb0c33,
welocalize,Shape the Future of AI — English Talent Hub,"Remote, Worldwide",,,https://jobs.lever.co/welocalize/7fb8b7be-2f14-4587-b11f-3019be8f87a2,
welocalize,Shape the Future of AI — Finnish Talent Hub,Finland,,,https://jobs.lever.co/welocalize/1b681d64-f6b0-4b63-bd3f-2e82d126e15e,
welocalize,Shape the Future of AI — French Canada Talent Hub,Canada,,,https://jobs.lever.co/welocalize/322e610e-9097-4a6f-bde0-2caed21b1be9,
welocalize,Shape the Future of AI — French Talent Hub,France,,,https://jobs.lever.co/welocalize/d8d09622-d7cd-4736-af68-a6dd8efbd1d5,
welocalize,Shape the Future of AI — German Talent Hub,Germany,,,https://jobs.lever.co/welocalize/667df651-666b-4099-872f-02da2d24188b,
welocalize,Shape the Future of AI — Hebrew Speakers in Israel,"Tel Aviv, Israel",,,https://jobs.lever.co/welocalize/4c3bbd2f-8d3f-4aff-a953-2483c57d1b2b,
welocalize,Shape the Future of AI — Hungarian Talent Hub,Hungary,,,https://jobs.lever.co/welocalize/132328ae-211b-47bc-88ae-bea3b187d73c,
welocalize,Shape the Future of AI — Icelandic Talent Hub,Iceland,,,https://jobs.lever.co/welocalize/dbd5d30b-11c5-445d-a306-b52582cf3099,
welocalize,Shape the Future of AI — Indonesian Talent Hub,Indonesia,,,https://jobs.lever.co/welocalize/865407eb-157b-43b2-82a6-9a55a750b776,
welocalize,Shape the Future of AI — Italian Talent Hub,Italy,,,https://jobs.lever.co/welocalize/5c017132-7fa8-4e57-8a62-4554b7253944,
welocalize,Shape the Future of AI — Javanese Talent Hub,Indonesia,,,https://jobs.lever.co/welocalize/7ceb8dcb-2995-4ec1-add0-f34549ae0844,
welocalize,Shape the Future of AI — Korean and Chinese Simplified Bilingual Talent Hub,South Korea,,,https://jobs.lever.co/welocalize/8a8092fe-366b-4933-9fde-9b48df0c78b2,
welocalize,Shape the Future of AI — Korean and Japanese Bilingual Talent Hub,South Korea,,,https://jobs.lever.co/welocalize/fca0f031-ee2d-48f2-8aa9-f94709a27866,
welocalize,Shape the Future of AI — Korean Talent Hub | 한국인 AI 데이터 라벨러모집,South Korea,,,https://jobs.lever.co/welocalize/9fdfb774-6bc5-40bb-a76e-5a306036833e,
welocalize,Shape the Future of AI — Latvian Talent Hub,"Riga, Latvia",,,https://jobs.lever.co/welocalize/0122edc9-ba6e-4640-8a53-aef1bf7e21e7,
welocalize,Shape the Future of AI — Lithuanian Talent Hub,Lithuania,,,https://jobs.lever.co/welocalize/6f93cdd1-60c0-4ab2-bfd0-e3a45267152f,
welocalize,Shape the Future of AI — Malay Talent Hub,Malaysia,,,https://jobs.lever.co/welocalize/bf40e1c5-c1e6-4f52-9a67-8c1e953bd9b6,
welocalize,Shape the Future of AI — Norwegian Talent Hub,Norway,,,https://jobs.lever.co/welocalize/90c8ed7a-0bd8-46c0-9d55-2b6504e31f9f,
welocalize,Shape the Future of AI — Polish Talent Hub,Poland,,,https://jobs.lever.co/welocalize/02f86d39-cea5-40df-a5dc-78798afdf123,
welocalize,Shape the Future of AI — Portuguese Talent Hub,"Porto, Portugal",,,https://jobs.lever.co/welocalize/71a99e9c-9dcf-45a5-9194-6107d4b6fec9,
welocalize,Shape the Future of AI — Romanian Talent Hub,Romania,,,https://jobs.lever.co/welocalize/79e7ba24-048a-4b7e-ba0c-91f42906ec89,
welocalize,Shape the Future of AI — Serbian Talent Hub,Serbia,,,https://jobs.lever.co/welocalize/0895dbf0-7987-4e27-9d93-66f9d875e38c,
welocalize,Shape the Future of AI — Slovak Talent Hub,Slovakia,,,https://jobs.lever.co/welocalize/c49354ff-75f3-4b23-a841-a9051e10cc45,
welocalize,Shape the Future of AI — Slovenian Talent Hub,Slovenia,,,https://jobs.lever.co/welocalize/50fe8d82-d0e3-4739-995b-7f9c1d20f7bc,
welocalize,Shape the Future of AI — Spanish Talent Hub,"Remote, Worldwide",,,https://jobs.lever.co/welocalize/54157634-2cb4-4073-a1e6-4b51f3d411fd,
welocalize,Shape the Future of AI — Swahili Talent Hub,"Nairobi, Kenya",,,https://jobs.lever.co/welocalize/7caba656-ae7d-45d0-9d6f-25a041d869bb,
welocalize,Shape the Future of AI — Swedish Talent Hub,Sweden,,,https://jobs.lever.co/welocalize/c1f09ce5-6dee-4e38-8748-ee4f05f62964,
welocalize,Shape the Future of AI — Tagalog Talent Hub,Philippines,,,https://jobs.lever.co/welocalize/fd805a58-993a-4c6d-a635-1410e86f6ece,
welocalize,Shape the Future of AI — Thai Talent Hub,Thailand,,,https://jobs.lever.co/welocalize/eacd88fc-940c-4eb0-b072-8b9000660723,
welocalize,Shape the Future of AI — Ukrainian Talent Hub,Poland,,,https://jobs.lever.co/welocalize/35936403-3eb4-41fa-9ffd-6643e7319e01,
welocalize,Shape the Future of AI — Urdu Talent Hub,"Islamabad, Pakistan",,,https://jobs.lever.co/welocalize/69ab19f5-8f14-4289-ac75-7e2dfd2fed98,
welocalize,Shape the Future of AI — Vietnamese Talent Hub,Vietnam,,,https://jobs.lever.co/welocalize/47092d20-e49b-4739-98e1-62859a16f10d,
welocalize,Slovenian into English Medical Translators (Remote),Slovenia,,,https://jobs.lever.co/welocalize/4af1a25b-cc7d-48f7-8eaa-17f558317a9b,
welocalize,Software Localization Engineer,Mexico,,,https://jobs.lever.co/welocalize/0d243fc4-b4e1-4294-852b-e332a9709cfa,
welocalize,Spanish  (Spain) Bilingual Audio Specialist,Spain,,,https://jobs.lever.co/welocalize/d108ac9d-6891-4935-a402-09af4cfa5b12,
welocalize,Spanish (LATAM) Conversation Sentiment Evaluator,Latin America,,,https://jobs.lever.co/welocalize/057f9ab6-c26d-48cc-8f4c-c0dfae57bda2,
welocalize,Spanish (Mexico) <> English (United States) Lyric Translation Reviewer,Mexico,,,https://jobs.lever.co/welocalize/b15cea09-7a4b-4739-8cfd-9dd336820b68,
welocalize,Spanish (Mexico) Bilingual Audio Specialist,Mexico,,,https://jobs.lever.co/welocalize/30e11342-5f0b-44cd-bf02-ccd9cc58c95f,
welocalize,Sports Content Reviewer (Remote in Japan),"Tokyo, Japan",,,https://jobs.lever.co/welocalize/0bd4ba0b-c432-4db6-a4ce-047cfc1b3e60,
welocalize,"Swedish Part-Time Linguistic Tech Tester (Onsite - Portland, OR)","Portland, OR",,,https://jobs.lever.co/welocalize/17626ed6-c820-432b-9dba-34f19060326c,
welocalize,Talent Pool: Romansh Speakers (Switzerland),"Zurich, Switzerland",,,https://jobs.lever.co/welocalize/ff684424-dc69-4354-98c3-c9e6e20c5f26,
welocalize,Talent Specialist,Romania,,"Bachelor, Master",https://jobs.lever.co/welocalize/17c2b47d-312e-4202-9a4d-e9339d77ddba,
welocalize,Talent Specialist,"Gurgaon, India",,"Bachelor, Master",https://jobs.lever.co/welocalize/6b81176b-5ae8-4696-840f-b858bf8f54e6,
welocalize,Telugu Language Lead,India,,,https://jobs.lever.co/welocalize/64c6c62d-7b17-4537-a64a-a8b7c2df408d,
welocalize,Traditional Chinese (Hong Kong) Localization QA Tester (Remote) in China,China,iOS,,https://jobs.lever.co/welocalize/daee02de-dd21-4cf6-9dec-aacc3ad4d40d,"{""iOS"": 1}"
welocalize,Traditional Chinese (Hong Kong) Localization QA Tester (Remote) in the United Kingdom,United Kingdom,iOS,,https://jobs.lever.co/welocalize/e43b43f5-7c6d-4fe2-a4cc-6ed1c21a8034,"{""iOS"": 1}"
welocalize,Traditional Chinese (Taiwan) Content Reviewer,Taiwan,,,https://jobs.lever.co/welocalize/ec61d2f7-34af-4b5d-9fda-880cc146c280,
welocalize,Translation Project Manager Trainee,Greece,,,https://jobs.lever.co/welocalize/60a03539-04db-42dc-b94a-4a45588438f0,
welocalize,Turkish Bilingual Audio Specialist,Turkey,,,https://jobs.lever.co/welocalize/ed8d741a-3806-40e2-b87e-76c7d8703e21,
welocalize,Vietnamese Creative UI and Marketing Linguist,United States,,,https://jobs.lever.co/welocalize/93c4469d-d0dc-4606-91c7-f3143c7673c5,
welocalize,YouTube SEO Specialist,United Kingdom,,,https://jobs.lever.co/welocalize/c702e513-2fec-49c2-8321-54345c5bac81,
welocalize,共塑 AI 未來 - 繁體中文人才庫 | Shape the Future of AI — Chinese (Traditional) Talent Hub,Taiwan,,,https://jobs.lever.co/welocalize/94f0f3ef-e3eb-483e-b8fe-5e82bfe658eb,
welocalize,共塑AI未來 - 粵語人才庫 | Shape the Future of AI — Cantonese Talent Hub,Hong Kong,,,https://jobs.lever.co/welocalize/ff73fc3c-fbd3-4c55-bd04-59d96ae7edf1,
welocalize,共塑AI未来 - 简体中文人才库  |  Shape the Future of AI — Chinese (Simplified) Talent Hub,China,,,https://jobs.lever.co/welocalize/b426802e-e06a-48a9-94cf-58741da49675,
gopuff,AI Engineer II,United States,,,https://jobs.lever.co/gopuff/080d5056-640a-4222-8f76-3ecd17c9cc7a,
gopuff,AI Engineer III,United States,,,https://jobs.lever.co/gopuff/0fc5e8a4-cf2f-43c6-a2f5-20460d0df1be,
gopuff,"Assistant Store Manager, Bashford Manor","Louisville, KY",,,https://jobs.lever.co/gopuff/e402b1cc-b02a-495c-ab61-402583ce9776,
gopuff,"Assistant Store Manager, Bowling Green","Bowling Green, KY",,,https://jobs.lever.co/gopuff/27345bf9-ce7d-40f0-aae1-433ad9f97f51,
gopuff,"Assistant Store Manager, New York, #1367","New York, NY",,,https://jobs.lever.co/gopuff/0cafa3ab-a904-4a52-996e-42212ffad539,
gopuff,"Associate, Office of the CEO","Miami, FL",,,https://jobs.lever.co/gopuff/5f6e11e1-5f7f-4534-a68d-e8315c4e798e,
gopuff,"Beer Store Associate, South Side Slopes, #294","Pittsburgh, PA",,,https://jobs.lever.co/gopuff/ade892af-862c-4b58-91a7-c04464c766cd,
gopuff,"Beer Store Associate, State College, #230","State College, PA",,,https://jobs.lever.co/gopuff/b059ac57-d661-475a-822b-4f64c7c48fc9,
gopuff,"Beer Store Associate, Woodlyn, #625","Woodlyn, PA",,,https://jobs.lever.co/gopuff/21a12068-9e94-40d7-8d77-da91c9d4bf5a,
gopuff,"Beer Store Manager, Philadelphia, #367","Philadelphia, PA",,,https://jobs.lever.co/gopuff/3466eddc-c508-4cb1-a67a-636080618f8b,
gopuff,Customer Service & Live Operations Agent (Weekends & Nights),Portugal,,,https://jobs.lever.co/gopuff/162fd4f3-1d95-496b-abb5-503f32f5a964,
gopuff,Department Lead - Fern Valley,"Louisville, KY",,,https://jobs.lever.co/gopuff/5d5498f7-83b2-4de7-9ebf-cae446bd7583,
gopuff,Department Manager - Beaumont,"Lexington, KY",,,https://jobs.lever.co/gopuff/7eab5121-ba4f-4e81-b9e8-4d40c9773a19,
gopuff,Department Manager - Middletown Commons,"Louisville, KY",,,https://jobs.lever.co/gopuff/8135dfea-9e81-4901-9651-dd17e8349bef,
gopuff,"Distribution Center Lead, Cherry Hill","Cherry Hill, NJ",,,https://jobs.lever.co/gopuff/66a01a01-34a5-48d2-a195-ff22830519ab,
gopuff,"Distribution Center Lead, Richmond","Richmond, CA",,,https://jobs.lever.co/gopuff/ddd277f9-e01f-4ea9-818a-7c44ed70455b,
gopuff,Distribution Ops Support Associate,"Cherry Hill, NJ",,,https://jobs.lever.co/gopuff/fae95148-cac2-40bf-b2f4-2056bc7da99a,
gopuff,Founder's Associate,"Miami, FL",Go,,https://jobs.lever.co/gopuff/5cb29894-47e1-4d52-a796-7978043ee73f,"{""Go"": 1}"
gopuff,IT Operations Analyst,"London, England",,,https://jobs.lever.co/gopuff/5ea71597-0faa-4a60-a3a5-c1cb54c790fc,
gopuff,Junior Operations Supervisor,"Bethnal Green, London, England",,,https://jobs.lever.co/gopuff/04348782-6aad-45ca-aa65-a0e225e55bf2,
gopuff,Junior Operations Supervisor,"Holloway, London, England",,,https://jobs.lever.co/gopuff/6066398f-d085-48d4-9a6f-37811ead52ce,
gopuff,Junior Operations Supervisor,"Greenwich, London, England",,,https://jobs.lever.co/gopuff/62dd0515-fdbb-411d-aac0-44f12fef332d,
gopuff,Junior Operations Supervisor,East London,,,https://jobs.lever.co/gopuff/936052fd-b8b0-4057-8a5f-d7066326faf6,
gopuff,Junior Operations Supervisor,"Manchester Central, England",,,https://jobs.lever.co/gopuff/96e73c5e-8448-47b9-b27a-a4ae02bf2923,
gopuff,Junior Operations Supervisor,"Cambridge, England",,,https://jobs.lever.co/gopuff/9cae7a2a-a5f9-4571-8e10-8b17eeb4cfc5,
gopuff,Junior Operations Supervisor,"Tottenham, London, England",,,https://jobs.lever.co/gopuff/c9067d91-fc84-450e-9f3a-91348efd425e,
gopuff,Junior Operations Supervisor,"Wembley, London, England",,,https://jobs.lever.co/gopuff/d7ba101d-1022-46c7-801a-d7e1c870747e,
gopuff,Junior Operations Supervisor,"Kentish Town, London",,,https://jobs.lever.co/gopuff/dd063e59-9d35-42dc-b99d-00bc2e6a29a5,
gopuff,Junior Operations Supervisor,"Bristol, England",,,https://jobs.lever.co/gopuff/eba7476a-542d-4523-aea9-ebb41ac9dda2,
gopuff,Junior Operations Supervisor,"Salford, England",,,https://jobs.lever.co/gopuff/faa5ac09-4912-490e-a09f-d95aaca1c650,
gopuff,Junior Operations Supervisor,"Croydon, London, England",,,https://jobs.lever.co/gopuff/fdce03c2-9da3-45ea-a993-392f43196659,
gopuff,Junior Operations Supervisor - Night Shift,East London,,,https://jobs.lever.co/gopuff/fc862ee7-e699-482f-9039-5f876b61337d,
gopuff,Key Holder - Bashford Manor,"Louisville, KY",,,https://jobs.lever.co/gopuff/4545dd99-83d3-49fa-9611-1b74fe2df370,
gopuff,Key Holder - Beaumont,"Lexington, KY",,,https://jobs.lever.co/gopuff/4177e0ae-7718-4fad-adfd-ced2a147659d,
gopuff,Key Holder - Brownsboro Road,"Louisville, KY",,,https://jobs.lever.co/gopuff/c7bb8530-b15b-4442-9ba3-c86c801e5260,
gopuff,Key Holder - Chevy Chase,"Lexington, KY",,,https://jobs.lever.co/gopuff/54fb807d-84d7-4c8f-a8d5-88f82909ef4c,
gopuff,Key Holder - Market Street,"Louisville, KY",,,https://jobs.lever.co/gopuff/6b46a08b-cc40-4b47-a2c5-2861a37a5a01,
gopuff,Key Holder - North Broadway,"Louisville, KY",,,https://jobs.lever.co/gopuff/f5f0e2e5-4f84-4311-a9d8-5f6685ae3f51,
gopuff,Key Holder - Russell Street,"Covington, KY",,,https://jobs.lever.co/gopuff/11bd053a-a6d1-47d7-a812-9206a7e4f4e2,
gopuff,Key Holder - Versailles Road,"Lexington, KY",,,https://jobs.lever.co/gopuff/2e94f744-2a8a-40a1-8ae9-f815bc870a19,
gopuff,Key Holder - West Parish,"Owensboro, KY",,,https://jobs.lever.co/gopuff/01e753ef-0dbc-4760-9948-ccda9b6d2c81,
gopuff,"Liquor Store Associate, Boca Raton, #1307","Boca Raton, FL",,,https://jobs.lever.co/gopuff/a25de26e-622e-4910-8144-506f9e436b85,
gopuff,"Liquor Store Associate, Boston, #1178","Boston, MA",,,https://jobs.lever.co/gopuff/ce783a5a-5f34-4c2c-bf15-f111e6615246,
gopuff,"Liquor Store Associate, Fort Lauderdale, #1165","Fort Lauderdale, FL",,,https://jobs.lever.co/gopuff/9d5e7166-d111-492a-bcb3-48ebccd8d527,
gopuff,"Liquor Store Associate, Gainesville, #1404","Gainesville, FL",,,https://jobs.lever.co/gopuff/3ce83705-a595-4d6d-bb68-2078fa2c3ef8,
gopuff,"Liquor Store Associate, Miami-Dade, #392","Miami, FL",,,https://jobs.lever.co/gopuff/a93d69e0-fb4f-4ca1-93c1-6196b773b658,
gopuff,"Liquor Store Associate, Miami, #1072","Miami Beach, FL",,,https://jobs.lever.co/gopuff/b3695bd3-58e9-45b9-b02f-05996725c8b7,
gopuff,"Liquor Store Associate, Miami, #701","Miami, FL",,,https://jobs.lever.co/gopuff/0d2cefd1-83e5-4bff-a76b-d0d8cc85b2c9,
gopuff,"Liquor Store Associate, New York, #1367","New York, NY",,,https://jobs.lever.co/gopuff/028eff86-6a6b-424e-b41c-12a0276c2989,
gopuff,"Liquor Store Associate, Orlando, #583","Orlando, FL",,,https://jobs.lever.co/gopuff/b5ce02bc-45f7-4e7d-87fa-d42f9de7067c,
gopuff,"Liquor Store Associate, Palm Harbor, #1169","Palm Harbor, FL",,,https://jobs.lever.co/gopuff/e3ff6ee1-f857-40aa-80df-3ec49b1c9e15,
gopuff,"Liquor Store Associate, Whisper Walk, #1070","Boca Raton, FL",,,https://jobs.lever.co/gopuff/1a5d0cad-e837-48eb-bbe4-96ee13b670f7,
gopuff,"Multi Unit Site Leader I, Charlotte Metro","Charlotte, NC",,,https://jobs.lever.co/gopuff/afb7e829-7aa5-44fd-b175-0db656fdbd3d,
gopuff,"Multi Unit Site Leader I, Charlotte, #1348","Fort Lauderdale, FL",,,https://jobs.lever.co/gopuff/6deddad1-42a2-4e16-b815-af5e1c27fa40,
gopuff,"Multi Unit Site Leader I, Cleveland, #396","Cleveland, OH",,,https://jobs.lever.co/gopuff/6b8ea893-6037-4e04-a0d8-ed4c5b3ec20b,
gopuff,"Multi Unit Site Leader I, Detroit, #164","Detroit, MI",,,https://jobs.lever.co/gopuff/a4b6f019-3926-4da5-99ca-2ff70cd11e4b,
gopuff,"Multi Unit Site Leader, Louisville #946","Louisville, KY",,,https://jobs.lever.co/gopuff/a5760cc6-9bf9-443c-8843-e67023948fb1,
gopuff,Office Coordinator,"Miami, FL",React,,https://jobs.lever.co/gopuff/f2d4d56e-2cff-453c-913a-7e4baf95d159,"{""React"": 1}"
gopuff,Operations Associate,"Bermondsey, London, England",,,https://jobs.lever.co/gopuff/11731717-1fa2-4f36-9343-b89c03bf2166,
gopuff,Operations Associate,"Sheffield, England",,,https://jobs.lever.co/gopuff/1bd975b8-ca3c-413b-b531-19a07ccb91c8,
gopuff,Operations Associate,"Cambridge, England",,,https://jobs.lever.co/gopuff/20e0d5fe-1e41-49bc-91c0-cfaee2014c61,
gopuff,Operations Associate,"Acton, London, England",,,https://jobs.lever.co/gopuff/2c50480d-7d01-41ec-9d20-2a8596a2874e,
gopuff,Operations Associate,"Croydon, London, England",,,https://jobs.lever.co/gopuff/52bd6b93-d113-4a9a-81d9-4f271c9ee561,
gopuff,Operations Associate,"Bristol, England",,,https://jobs.lever.co/gopuff/73522044-27c8-47cd-987b-bc25fe0e9e1d,
gopuff,Operations Associate,"Newcastle, England",,,https://jobs.lever.co/gopuff/7b76f731-675c-491c-9eb4-b86e4e6a4b60,
gopuff,Operations Associate,"Waterloo, London, England",,,https://jobs.lever.co/gopuff/9c1b65a0-9cbf-476a-8f5d-9cebe0096ebd,
gopuff,Operations Associate,"Chessington, London, England",,,https://jobs.lever.co/gopuff/abee0a41-cdf4-4034-8f47-f437b8fefe1b,
gopuff,Operations Associate,"Salford, England",,,https://jobs.lever.co/gopuff/c7e80aab-aed6-4c09-891c-aa87cc13aefe,
gopuff,Operations Associate,"Tottenham, London, England",,,https://jobs.lever.co/gopuff/cb0c6ae1-7184-4d42-9eaf-50db076998c0,
gopuff,Operations Associate,"Stratford, London",,,https://jobs.lever.co/gopuff/cd029f62-91f0-48f0-8946-ca1fc9ffc4ec,
gopuff,Operations Associate,"Battersea, London, England",,,https://jobs.lever.co/gopuff/d35ceab6-1860-4bce-a458-2ef14554ed4f,
gopuff,Operations Associate,"Wembley, London, England",,,https://jobs.lever.co/gopuff/d91d66c3-9fef-4a3b-a3bb-8ce406c9ae09,
gopuff,Operations Associate,East London,,,https://jobs.lever.co/gopuff/df2192a9-51b6-4e26-b63c-5d08bd4a8d14,
gopuff,Operations Associate,"Greenwich, London, England",,,https://jobs.lever.co/gopuff/ecec7784-ce81-421d-8dcd-cdde91d82446,
gopuff,Operations Associate,"Bow, England",,,https://jobs.lever.co/gopuff/fa094041-19d8-4d3d-9c4c-93ddfbe09edb,
gopuff,Operations Associate,"Leeds, England",,,https://jobs.lever.co/gopuff/ff43e13a-27ac-4827-bd3f-4d7c2e901f1a,
gopuff,Operations Associate - Distribution Center,"Cherry Hill, NJ",,,https://jobs.lever.co/gopuff/d958cc24-3d33-4ef1-95fe-d103f0c46d4a,
gopuff,Operations Associate - Distribution Center 1st shift (7:00am - 3:00pm),"Richmond, CA",,,https://jobs.lever.co/gopuff/048ce096-b004-40d6-8745-a74161770d0e,
gopuff,"Operations Associate,  Port Richmond, #290","Philadelphia, PA",,,https://jobs.lever.co/gopuff/0d62e033-5817-4883-aa84-1549cb3652b1,
gopuff,"Operations Associate, Ann Arbor, #126","Ann Arbor, MI",,,https://jobs.lever.co/gopuff/2d480377-50a6-4610-940c-1511fa50b4c2,
gopuff,"Operations Associate, Ardmore, #634","Ardmore, PA",,,https://jobs.lever.co/gopuff/6ad45317-0167-43be-bad7-82365f0e06bf,
gopuff,"Operations Associate, Arlington","Arlington, TX",,,https://jobs.lever.co/gopuff/593902c7-cc7b-42f2-a4dc-950cefe7573c,
gopuff,"Operations Associate, Athens, #1570","Athens, OH",,,https://jobs.lever.co/gopuff/b56ac7e1-365d-4cb0-bcc2-76c830ef6d57,
gopuff,"Operations Associate, Athens, #87","Athens, GA",,,https://jobs.lever.co/gopuff/feb07cb1-2e8a-4ce7-92ca-4f3013f110f6,
gopuff,"Operations Associate, Aurora, #96","Aurora, CO",,,https://jobs.lever.co/gopuff/ad22046d-a9e2-49f6-a37f-a62d4692bd66,
gopuff,"Operations Associate, Austin","Austin, TX",,,https://jobs.lever.co/gopuff/1ffa08d1-002d-435b-b938-8c2f6c8a6345,
gopuff,"Operations Associate, Baileys Crossroads, #645","Bailey's Crossroads, VA",,,https://jobs.lever.co/gopuff/4fd536d1-211a-4731-995c-e45634258eb5,
gopuff,"Operations Associate, Ballpark/Six Flags, #115","Arlington, TX",,,https://jobs.lever.co/gopuff/a4c49aa5-96e8-41bb-b3d5-4ff206c9bb1c,
gopuff,"Operations Associate, Baltimore","Baltimore, MD",,,https://jobs.lever.co/gopuff/c73726ac-2dee-4b33-bbee-b9142045ef76,
gopuff,"Operations Associate, Baltimore, #95","Baltimore, MD",,,https://jobs.lever.co/gopuff/e21407bd-90a6-45cf-bc62-97f8a0a57a96,
gopuff,"Operations Associate, Barnum, #141","Denver, CO",,,https://jobs.lever.co/gopuff/80ec1096-3f98-467a-a0d8-d637c5725080,
gopuff,"Operations Associate, Baton Rouge, #690","Baton Rouge, LA",,,https://jobs.lever.co/gopuff/6b4b0bbf-508d-447e-8e7e-ceb6b6db559a,
gopuff,"Operations Associate, Belltown, #378","Seattle, WA",,,https://jobs.lever.co/gopuff/f7d8f565-4214-4868-9bcc-286fe9f9554a,
gopuff,"Operations Associate, Bensalem, #229","Philadelphia, PA",,,https://jobs.lever.co/gopuff/a5530ec2-94b2-47c8-a609-649708364c47,
gopuff,"Operations Associate, Berkley, #195","Berkley, MI",,,https://jobs.lever.co/gopuff/d8de4766-023b-4fa4-82bd-c2d26891826d,
gopuff,"Operations Associate, Bethlehem, #111","Allentown, PA",,,https://jobs.lever.co/gopuff/885deb3c-a49b-4797-9f90-1c7726cbc3f8,
gopuff,"Operations Associate, Birmingham, #184","Birmingham, AL",,,https://jobs.lever.co/gopuff/7068857a-6702-44bb-a508-3c3405a0d5cd,
gopuff,"Operations Associate, Blacksburg, #54","Blacksburg, VA",,,https://jobs.lever.co/gopuff/b31aade3-9694-490f-b046-7658958d6f7f,
gopuff,"Operations Associate, Bloomington","Bloomington, IN",,,https://jobs.lever.co/gopuff/52ee51a7-9522-4d05-ae76-0fde98f25150,
gopuff,"Operations Associate, Bloomington, #32","Bloomington, IN",,,https://jobs.lever.co/gopuff/00f1c91d-b6cc-4bf5-ac4e-b9e76f72c08d,
gopuff,"Operations Associate, Boston, #1178","Boston, MA",,,https://jobs.lever.co/gopuff/975cab34-88d2-4465-bfab-7c2e8d3b3c63,
gopuff,"Operations Associate, Brentwood Area, #617","Raleigh, NC",,,https://jobs.lever.co/gopuff/8c99d05a-e19b-4e11-857a-3aff136b7548,
gopuff,"Operations Associate, Bridgeport, #259","Bridgeport, CT",,,https://jobs.lever.co/gopuff/128613e6-cbe1-433f-982b-7f989b0ac8d1,
gopuff,"Operations Associate, Bridgeport, #539","Bridgeport, PA",,,https://jobs.lever.co/gopuff/0afb6eb9-2f96-4d28-9859-3fc74c746e22,
gopuff,"Operations Associate, Bronx, #620","Bronx, NY",,,https://jobs.lever.co/gopuff/af22b35f-a85b-447a-95b0-518bd1ed6591,
gopuff,"Operations Associate, Bronx, #621","Bronx, NY",,,https://jobs.lever.co/gopuff/b3095b83-5276-48aa-8651-19d7c81007fd,
gopuff,"Operations Associate, Bronx, #637","Bronx, NY",,,https://jobs.lever.co/gopuff/bbc5e6e1-86e4-4d9e-95cd-3ea386c78960,
gopuff,"Operations Associate, Brooklyn, #1041","Brooklyn, NY",,,https://jobs.lever.co/gopuff/ce7ad7bd-f0f0-4581-9317-5a39c398ebe4,
gopuff,"Operations Associate, Brooklyn, #554","Brooklyn, NY",,,https://jobs.lever.co/gopuff/980ed8ea-f132-4ca7-ac4b-a86a97ed7dfb,
gopuff,"Operations Associate, Brooklyn, #629","Brooklyn, NY",,,https://jobs.lever.co/gopuff/99281338-9bf3-466d-aa81-478f21a6bbe2,
gopuff,"Operations Associate, Brooklyn, #892","Brooklyn, NY",,,https://jobs.lever.co/gopuff/c52f101e-f24c-4ce0-b954-f887c360de7d,
gopuff,"Operations Associate, Bucktown, #15","Chicago, IL",,,https://jobs.lever.co/gopuff/9f35902b-40df-43de-b9c3-4e4c0c94aa29,
gopuff,"Operations Associate, Cedar-Riverside, #82","Minneapolis, MN",,,https://jobs.lever.co/gopuff/b68d24ca-2472-4f14-87fb-9007bd3f8b91,
gopuff,"Operations Associate, Chandler, #149","Chandler, AZ",,,https://jobs.lever.co/gopuff/7e8ae59d-f3f9-47e2-9262-9884e707aa80,
gopuff,"Operations Associate, Chapel Hill, #121","Chapel Hill, NC",,,https://jobs.lever.co/gopuff/41f336b2-4f75-4845-9903-c04153b5fdf8,
gopuff,"Operations Associate, Charlotte","Charlotte, NC",,,https://jobs.lever.co/gopuff/c59fe3b4-9cc0-413d-9a81-f8e1c8d3ed98,
gopuff,"Operations Associate, Charlotte - UNC, #311","Charlotte, NC",,,https://jobs.lever.co/gopuff/2036ef22-d02a-48b1-ba90-cc57297cb4e7,
gopuff,"Operations Associate, Charlotte, #1348","Charlotte, NC",,,https://jobs.lever.co/gopuff/e969079b-5138-4169-9ffc-26516f23bc03,
gopuff,"Operations Associate, Charlottesville, #43","Charlottesville, VA",,,https://jobs.lever.co/gopuff/d1a2addc-662e-40cb-95bc-2e24e302a4b0,
gopuff,"Operations Associate, Cherokee Park, #91","Nashville, TN",,,https://jobs.lever.co/gopuff/9b9a9d31-c003-45b1-94e1-b4c0b6330529,
gopuff,"Operations Associate, Chicago","Chicago, IL",,,https://jobs.lever.co/gopuff/f8c7d7fc-923e-4922-be6d-d4f0924ea807,
gopuff,"Operations Associate, Cicero, #297","Chicago, IL",,,https://jobs.lever.co/gopuff/903c575d-5f1d-43d6-b25d-801aac93e50f,
gopuff,"Operations Associate, Cincinnati","Cincinnati, OH",,,https://jobs.lever.co/gopuff/fd3c0607-d34d-4471-8888-5fee13a8894b,
gopuff,"Operations Associate, Cincinnati, #90","Cincinnati, OH",,,https://jobs.lever.co/gopuff/bcc9f1f6-2670-4ee8-9fcc-7bf5cc840fae,
gopuff,"Operations Associate, Clarkston, #283","Clarkston, GA",,,https://jobs.lever.co/gopuff/e5ba1a4b-09f7-42aa-a919-e44c828978a6,
gopuff,"Operations Associate, Cleveland, #194","Cleveland, OH",,,https://jobs.lever.co/gopuff/1cb0bde5-f1d5-4829-9873-5c2b78fa96a1,
gopuff,"Operations Associate, College Park, #45","College Park, MD",,,https://jobs.lever.co/gopuff/1aa93d52-f985-4b89-b0e8-8d46fd7a7051,
gopuff,"Operations Associate, College Station, #372","College Station, TX",,,https://jobs.lever.co/gopuff/1dd11b7b-6756-44fb-9d1a-d310eaf697c7,
gopuff,"Operations Associate, Colorado Springs, #118","Colorado Springs, CO",,,https://jobs.lever.co/gopuff/bd38466b-7a4e-4a85-8d8e-9d42f79cd763,
gopuff,"Operations Associate, Columbia, #84","Columbia, SC",,,https://jobs.lever.co/gopuff/3817ab6f-513f-4b51-a991-c5083f454a89,
gopuff,"Operations Associate, Columbus","Columbus, OH",,,https://jobs.lever.co/gopuff/ae6755d2-b8ea-4240-91ca-6df80265c418,
gopuff,"Operations Associate, Columbus, #178","Columbus, OH",,,https://jobs.lever.co/gopuff/2b64c7f1-29d2-4bd5-8a1d-4b7323091176,
gopuff,"Operations Associate, Columbus, #316","Columbus, OH",,,https://jobs.lever.co/gopuff/8dd1520e-3513-4ba1-8108-832e7bea69fb,
gopuff,"Operations Associate, Cooper, #559","Arlington, TX",,,https://jobs.lever.co/gopuff/2a155a2c-ad50-4fae-927d-63fac2946c75,
gopuff,"Operations Associate, Dallas","Dallas, TX",,,https://jobs.lever.co/gopuff/acc5672b-0732-4e3d-920d-64c67ed72b0e,
gopuff,"Operations Associate, Dallas, #156","Dallas, TX",,,https://jobs.lever.co/gopuff/ffdecc74-af1c-4f51-8457-c84481df53fe,
gopuff,"Operations Associate, Davie, #528","Davie, FL",,,https://jobs.lever.co/gopuff/71ff1d0a-435c-4cb6-880d-ad8a1fbd3fcd,
gopuff,"Operations Associate, Dayton, #70","Dayton, OH",,,https://jobs.lever.co/gopuff/f5a80688-b8bc-47ee-a4a9-a222923e4e29,
gopuff,"Operations Associate, Denton, #119","Denton, TX",,,https://jobs.lever.co/gopuff/d1b9921a-e34d-43db-b87f-e49ee52eae56,
gopuff,"Operations Associate, Denver","Denver, CO",,,https://jobs.lever.co/gopuff/f7176e41-5e79-48d5-b7b1-566db68764fe,
gopuff,"Operations Associate, Des Moines, #97","Des Moines, IA",,,https://jobs.lever.co/gopuff/d37a762b-d8d2-4e21-a9ae-e8e8379c8626,
gopuff,"Operations Associate, Detroit","Detroit, MI",,,https://jobs.lever.co/gopuff/39612e14-f101-4fe7-b591-d8109a2fad1a,
gopuff,"Operations Associate, Downtown Tampa, #250","Tampa, FL",,,https://jobs.lever.co/gopuff/18b27c6b-3577-4e13-a89e-64f98a33dda8,
gopuff,"Operations Associate, Druid Hills South, #300","Charlotte, NC",,,https://jobs.lever.co/gopuff/f54bf9c7-8b29-46d5-8a81-45f3d32e3b85,
gopuff,"Operations Associate, Duncanville, #551","Dallas, TX",,,https://jobs.lever.co/gopuff/819d7928-90d2-4df5-bdce-ae72ee56065f,
gopuff,"Operations Associate, Dundalk, #213","Graceland Park, MD",,,https://jobs.lever.co/gopuff/bd2f7ecb-d28c-4bc4-af5a-6beaac9c7759,
gopuff,"Operations Associate, Durham, #79","Durham, NC",,,https://jobs.lever.co/gopuff/ac58ba8c-4c0f-4ae8-998d-27b801344f04,
gopuff,"Operations Associate, East Atlanta, #334","Atlanta, GA",,,https://jobs.lever.co/gopuff/3f7d11ca-1a2a-42fa-be63-8970a45a3d56,
gopuff,"Operations Associate, East Boston, #257","East Boston, MA",,,https://jobs.lever.co/gopuff/418d1bab-eab7-48ec-8f15-f1c85de32e7b,
gopuff,"Operations Associate, East Cleveland, #396","Cleveland, OH",,,https://jobs.lever.co/gopuff/56d3f5b7-7d4b-4c94-8b45-2fca95503751,
gopuff,"Operations Associate, Eaton Industrial, #145","Phoenix, AZ",,,https://jobs.lever.co/gopuff/fc1c02a8-6ae8-48de-ba24-3191c0acfabc,
gopuff,"Operations Associate, El Paso #198","El Paso, TX",,,https://jobs.lever.co/gopuff/b549c1cc-f987-4978-9dd0-3288782c8312,
gopuff,"Operations Associate, El Paso, #162","El Paso, TX",,,https://jobs.lever.co/gopuff/33f679a9-2fe7-4c8f-bd92-caa8ef245065,
gopuff,"Operations Associate, Elmwood Park, #479","Chicago, IL",,,https://jobs.lever.co/gopuff/4a4f2882-08de-4209-b5d4-00a7c460f3f8,
gopuff,"Operations Associate, Essex, #212","Essex, MD",,,https://jobs.lever.co/gopuff/f936119d-e604-408c-93c0-2565ffb5fc3d,
gopuff,"Operations Associate, Eugene, #349","Eugene, OR",,,https://jobs.lever.co/gopuff/524f9f0a-f242-4dae-b607-aed6f87058e5,
gopuff,"Operations Associate, Euless, #694","Euless, TX",,,https://jobs.lever.co/gopuff/dfa077e7-9d34-4540-808a-94955a48cd40,
gopuff,"Operations Associate, FAU - Dixie Hwy, #321","Boca Raton, FL",,,https://jobs.lever.co/gopuff/12a80786-7185-4582-8ae9-4bd1271a0cf9,
gopuff,"Operations Associate, Five Points, #122","San Antonio, TX",,,https://jobs.lever.co/gopuff/c309c57a-9c68-4cd7-abcd-249b8957dcca,
gopuff,"Operations Associate, Flagstaff, #39","Flagstaff, AZ",,,https://jobs.lever.co/gopuff/5f28425d-0cca-47a5-8888-ce5ecba9284b,
gopuff,"Operations Associate, Flat Iron District, #983","New York, NY",,,https://jobs.lever.co/gopuff/ea1383bf-2ad6-46b0-b07a-78c079f5d92a,
gopuff,"Operations Associate, Forest Hills, #673","Washington, D.C.",,,https://jobs.lever.co/gopuff/936ad237-5a45-4f6f-a14e-38a3981a5d87,
gopuff,"Operations Associate, Fort Collins, #64","Fort Collins, CO",,,https://jobs.lever.co/gopuff/76acf928-2b99-47d1-9f1e-74017d07c1bb,
gopuff,"Operations Associate, Fort Lauderdale, #322","Fort Lauderdale, FL",,,https://jobs.lever.co/gopuff/3957e592-a2c3-47ab-8c94-3c096c603f2a,
gopuff,"Operations Associate, Fort Worth, #160","Fort Worth, TX",,,https://jobs.lever.co/gopuff/b5c4fb3e-c8ec-4b8e-ae8e-5793ceb8eab7,
gopuff,"Operations Associate, Fremont, #523","Seattle, WA",,,https://jobs.lever.co/gopuff/4aa616c8-a574-4708-8b0f-755a2ae497ba,
gopuff,"Operations Associate, Gainesville, #347","Gainesville, FL",,,https://jobs.lever.co/gopuff/a897e3c5-3027-4f1d-badc-62b502430be1,
gopuff,"Operations Associate, Georgia Tech, #25","Atlanta, GA",,,https://jobs.lever.co/gopuff/361a311e-117b-4673-b009-8a6a471918de,
gopuff,"Operations Associate, Germantown, 176","Philadelphia, PA",,,https://jobs.lever.co/gopuff/a153b2f3-82d6-4607-a2b2-89b3e6e8bfee,
gopuff,"Operations Associate, Glenview, #691","Glenview, IL",,,https://jobs.lever.co/gopuff/8a23c472-070d-47a5-969b-fab1d66b7636,
gopuff,"Operations Associate, Greensboro #99","Greensboro, NC",,,https://jobs.lever.co/gopuff/954d282a-f094-442e-92dd-579035651cf7,
gopuff,"Operations Associate, Greenwood, #327","Nashville, TN",,,https://jobs.lever.co/gopuff/6f883d77-d9e5-4514-b20c-b67b3d6caf49,
gopuff,"Operations Associate, Gresham, #225","Gresham, OR",,,https://jobs.lever.co/gopuff/36eaf77c-61e1-470d-b6ea-af6b9f680673,
gopuff,"Operations Associate, Guion Area, #395","Indianapolis, IN",,,https://jobs.lever.co/gopuff/ac36b344-7b79-45ee-bd62-c4f2fbf8cbe9,
gopuff,"Operations Associate, Halethorpe, #186","Halethorpe, MD",,,https://jobs.lever.co/gopuff/f8c801ff-2346-410d-b2ab-297de45bc1fe,
gopuff,"Operations Associate, Harrisburg, #227","Harrisburg, PA",,,https://jobs.lever.co/gopuff/a195c6b6-447a-4247-aa1d-00c4d7b7ca80,
gopuff,"Operations Associate, Hartford, #69","Hartford, CT",,,https://jobs.lever.co/gopuff/3bb6f91d-e29c-4ede-a631-559d6b8b99ef,
gopuff,"Operations Associate, Henrico, #821","Henrico, VA",,,https://jobs.lever.co/gopuff/5e415858-4bb6-4014-8421-7c68ef7a927c,
gopuff,"Operations Associate, Hillside, #167","Indianapolis, IN",,,https://jobs.lever.co/gopuff/1434b053-405d-4269-896e-f03cd5ce4a33,
gopuff,"Operations Associate, Hioaks, #255","Richmond, VA",,,https://jobs.lever.co/gopuff/c6e1f5e9-4232-4ad0-a7e7-abdb4e4dddcc,
gopuff,"Operations Associate, Hollywood, #323","Hollywood, FL",,,https://jobs.lever.co/gopuff/c5b366c2-dd80-4488-8555-5016a5b4149e,
gopuff,"Operations Associate, Houston - Hobby Area, #163","Houston, TX",,,https://jobs.lever.co/gopuff/b0b14721-b168-4785-8bec-0cc05ed1d3bd,
gopuff,"Operations Associate, Houston, #123","Houston, TX",,,https://jobs.lever.co/gopuff/cfe98515-39e8-4b4f-a0cf-c63e5274c819,
gopuff,"Operations Associate, Houston, #146","Houston, TX",,,https://jobs.lever.co/gopuff/5a1f55aa-9433-46ab-b324-13a7ec61d951,
gopuff,"Operations Associate, Howard Beach, #541","Howard Beach, NY",,,https://jobs.lever.co/gopuff/a9c69fe0-b81b-481b-bdcc-42a7924223cf,
gopuff,"Operations Associate, Indianapolis","Indianapolis, IN",,,https://jobs.lever.co/gopuff/39989bcb-1d45-44dd-acdd-6d138b4e771d,
gopuff,"Operations Associate, Iowa City, #75","Iowa City, IA",,,https://jobs.lever.co/gopuff/6b739c39-49be-46d7-a52e-91caae14929c,
gopuff,"Operations Associate, Jacksonville, #258","Jacksonville, FL",,,https://jobs.lever.co/gopuff/3aec1409-cc6d-4aff-90c6-de15080d857d,
gopuff,"Operations Associate, Jamaica, #881","Jamaica, NY",,,https://jobs.lever.co/gopuff/a5ca36f6-580e-4874-9e2a-68af9c7129fe,
gopuff,"Operations Associate, Kansas City, Midtown, #329","Kansas City, MO",,,https://jobs.lever.co/gopuff/f346f982-1ed5-4d10-947c-339b5cfc8e95,
gopuff,"Operations Associate, Kansas City, Riverside, #214","Kansas City, MO",,,https://jobs.lever.co/gopuff/489d29af-6f42-48ac-af13-3eecdd0ab295,
gopuff,"Operations Associate, Kansas City, Willow Creek, #639","Kansas City, MO",,,https://jobs.lever.co/gopuff/7fa82c53-281f-434c-bd8c-3ca927a17597,
gopuff,"Operations Associate, Knoxville, #147","Knoxville, TN",,,https://jobs.lever.co/gopuff/1afc6f8c-b8b5-46e6-ae6b-b83eb7e1be95,
gopuff,"Operations Associate, Lafayette, #33","Lafayette, IN",,,https://jobs.lever.co/gopuff/85b14410-4d17-41ad-8640-bc8aada57b2d,
gopuff,"Operations Associate, Lake Lorna Doone, #120","Orlando, FL",,,https://jobs.lever.co/gopuff/ce94eb22-2c20-469e-9c84-a4181a9864d1,
gopuff,"Operations Associate, Lakewood, #335","Lakewood, CO",,,https://jobs.lever.co/gopuff/2e8898cb-928f-40be-8408-dd6a4af6e87d,
gopuff,"Operations Associate, Lansdowne, #384","Lansdowne, PA",,,https://jobs.lever.co/gopuff/93740772-4e8e-4e8b-82ac-51a83ab348bd,
gopuff,"Operations Associate, Lansing, #124","Lansing, MI",,,https://jobs.lever.co/gopuff/ad9ff021-3200-4d81-bbfe-2b0dd36a6340,
gopuff,"Operations Associate, Lawrence, #397","Indianapolis, IN",,,https://jobs.lever.co/gopuff/b3b2e8ed-96fa-4a86-9a5d-995f31eb2841,
gopuff,"Operations Associate, Lexington, #168","Lexington, KY",,,https://jobs.lever.co/gopuff/f98fba95-f21c-4ff1-8fd5-9abfc2311562,
gopuff,"Operations Associate, Lincoln Road, #379","Miami Beach, FL",,,https://jobs.lever.co/gopuff/3d88cc64-5950-4126-b288-b72777d5d6bb,
gopuff,"Operations Associate, Lincoln, #100","Lincoln, NE",,,https://jobs.lever.co/gopuff/acbaffa9-f80b-4adc-b0d9-9184badf01b7,
gopuff,"Operations Associate, Lindbergh, #159","Atlanta, GA",,,https://jobs.lever.co/gopuff/3480f989-030d-4981-b72b-4bdf792411fc,
gopuff,"Operations Associate, Little Havana, #977","Miami, FL",,,https://jobs.lever.co/gopuff/47626fbb-d44e-4800-89b3-59b6e58b921a,
gopuff,"Operations Associate, Little Italy, #112","Chicago, IL",,,https://jobs.lever.co/gopuff/7ee8b879-391a-4172-9667-2849278f14fc,
gopuff,"Operations Associate, Little River, #330","Miami, FL",,,https://jobs.lever.co/gopuff/cb5089bf-dfe3-4b83-aaba-d0fb76c80284,
gopuff,"Operations Associate, Louisville","Louisville, KY",,,https://jobs.lever.co/gopuff/ac962f40-ac00-4f24-adda-f5e0ea483129,
gopuff,"Operations Associate, Louisville, #143","Louisville, KY",,,https://jobs.lever.co/gopuff/c40c3bfc-c215-43c6-890a-02e6d83f855f,
gopuff,"Operations Associate, Louisville, #338","Louisville, KY",,,https://jobs.lever.co/gopuff/b62466bb-5bd8-4f35-ae21-99b3d91cda6d,
gopuff,"Operations Associate, Lowell, #298","Lowell, MA",,,https://jobs.lever.co/gopuff/11335d56-84c9-4ba9-9058-cf2e68d7466f,
gopuff,"Operations Associate, Lower East Side, #880","New York, NY",,,https://jobs.lever.co/gopuff/11f0f185-6043-47c0-8037-9a4c3d25abcc,
gopuff,"Operations Associate, Lubbock, #333","Lubbock, TX",,,https://jobs.lever.co/gopuff/667c0d36-2c47-4f03-a4a3-3425aca154f9,
gopuff,"Operations Associate, Ludlow, #367","Philadelphia, PA",,,https://jobs.lever.co/gopuff/3f1c7658-9f4d-4670-be4e-688a8a6f6619,
gopuff,"Operations Associate, Madison, #23","Madison, WI",,,https://jobs.lever.co/gopuff/7cc3831d-e68a-46ed-bd3a-a2e0dc9e05c1,
gopuff,"Operations Associate, Malden","Malden, MA",,,https://jobs.lever.co/gopuff/e364fb31-be67-4a1e-a47e-3f50a8ced815,
gopuff,"Operations Associate, Manchester, #218","Manchester, New Hampshire",,,https://jobs.lever.co/gopuff/eb12cb2e-9dc7-49ac-ae2d-548d69b9c0df,
gopuff,"Operations Associate, Manhattan, #807","Manhattan, NY",,,https://jobs.lever.co/gopuff/dde8c86e-5ee2-4885-84f3-a2fad898ef37,
gopuff,"Operations Associate, Memphis, #252","Memphis, TN",,,https://jobs.lever.co/gopuff/a18e463d-94b6-422b-a5fc-8c5e9877ba6a,
gopuff,"Operations Associate, Mesa, #289","Mesa, AZ",,,https://jobs.lever.co/gopuff/76e4017a-576f-40c6-aaf0-a2ff552b8a06,
gopuff,"Operations Associate, Mesa, #305","Mesa, AZ",,,https://jobs.lever.co/gopuff/a4940105-2be3-4528-bc57-13fabc95616c,
gopuff,"Operations Associate, Mesquite, #128","Mesquite, TX",,,https://jobs.lever.co/gopuff/83669b08-7a7c-44ac-9b8e-351100d1c2e6,
gopuff,"Operations Associate, Miami","Miami, FL",,,https://jobs.lever.co/gopuff/ea6602ae-aec8-4143-8dc7-644d464ab8b7,
gopuff,"Operations Associate, Miami #183","Miami, FL",,,https://jobs.lever.co/gopuff/41925d77-53a8-49f3-8e13-7154f7622614,
gopuff,"Operations Associate, Miami Beach","Miami Beach, FL",,,https://jobs.lever.co/gopuff/3dacfe72-45c2-4543-9253-872cf411a29b,
gopuff,"Operations Associate, Miami, #376","Miami, FL",,,https://jobs.lever.co/gopuff/e97a63bc-e0a4-4c9f-92ea-fc3a3ab16dfd,
gopuff,"Operations Associate, Midtown, #164","Detroit, MI",,,https://jobs.lever.co/gopuff/edcdec45-23ac-425c-8c91-9d49bd3b0693,
gopuff,"Operations Associate, Milwaukee, #136","Milwaukee, WI",,,https://jobs.lever.co/gopuff/1727ea60-02b5-4623-870d-2310899e35eb,
gopuff,"Operations Associate, Miramar, #574","Miramar, FL",,,https://jobs.lever.co/gopuff/b9ece863-3007-451b-94fa-6c006913bc21,
gopuff,"Operations Associate, Morgantown, #44","Morgantown, WV",,,https://jobs.lever.co/gopuff/7a26cb48-1e5e-47fa-aa20-d748851a99b9,
gopuff,"Operations Associate, Nashville","Nashville, TN",,,https://jobs.lever.co/gopuff/389f9420-9fa1-4660-add5-3f51678c22ae,
gopuff,"Operations Associate, New Brunswick, #74","New Brunswick, NJ",,,https://jobs.lever.co/gopuff/bd132a50-0fb5-49db-9f8b-8c3ba94ae3d3,
gopuff,"Operations Associate, New Haven, #109","New Haven, CT",,,https://jobs.lever.co/gopuff/31a50dae-fb39-4d2e-a872-4c1b3e78626f,
gopuff,"Operations Associate, New Orleans, #615","New Orleans, LA",,,https://jobs.lever.co/gopuff/c68b63c6-8010-4a41-8af2-18712c11f8ad,
gopuff,"Operations Associate, New York, #869","New York, NY",,,https://jobs.lever.co/gopuff/e148bfc1-e3db-4572-a1a9-7af305f45cde,
gopuff,"Operations Associate, New York, #975","New York, NY",,,https://jobs.lever.co/gopuff/5aa28e26-93a1-4917-b0c4-722647d47ef4,
gopuff,"Operations Associate, Newark, #1123","Newark, NJ",,,https://jobs.lever.co/gopuff/2ea41d25-568b-49f1-a266-f106d3813151,
gopuff,"Operations Associate, Newark, #26","Newark, DE",,,https://jobs.lever.co/gopuff/fe90448c-3fa5-4b41-9a69-77c2bfc93777,
gopuff,"Operations Associate, Newton-Highlands, #139","Newton Highlands, MA",,,https://jobs.lever.co/gopuff/47080c63-e8fc-41b6-8c61-3cf310d0e2ef,
gopuff,"Operations Associate, Norfolk, #59","Norfolk, VA",,,https://jobs.lever.co/gopuff/fd2cc09e-9a95-4454-821a-d356f811a5ec,
gopuff,"Operations Associate, Normandy Isles, #911","Miami Beach, FL",,,https://jobs.lever.co/gopuff/30cd0c9e-33b1-483f-8a75-9f4bfad871be,
gopuff,"Operations Associate, North Houston, #133","Houston, TX",,,https://jobs.lever.co/gopuff/10bc82ce-e941-4a5c-a3b9-d447ed3abce7,
gopuff,"Operations Associate, North Las Vegas, #269","Las Vegas, NV",,,https://jobs.lever.co/gopuff/572ec5f8-f4a5-4d1d-873b-04431cd8ca84,
gopuff,"Operations Associate, Northeast Philadelphia, #30","Philadelphia, PA",,,https://jobs.lever.co/gopuff/e8e02813-31c2-434b-ae63-445f193e4fca,
gopuff,"Operations Associate, Northwest Dallas, #241","Dallas, TX",,,https://jobs.lever.co/gopuff/c0902e17-2a0e-4c00-9a1c-689e941c037d,
gopuff,"Operations Associate, Norwood, #273","Cincinnati, OH",,,https://jobs.lever.co/gopuff/be8fd6a1-d92c-4b47-90da-dede251338e6,
gopuff,"Operations Associate, Oklahoma City, Kingsridge, #537","Oklahoma City, OK",,,https://jobs.lever.co/gopuff/4dfa5fed-64e7-4480-8881-4d63db734d5d,
gopuff,"Operations Associate, Oklahoma City, Metro Park, #142","Oklahoma City, OK",,,https://jobs.lever.co/gopuff/fb217210-105b-41d5-b22d-a159f2520a4a,
gopuff,"Operations Associate, Omaha, #104","Omaha, NE",,,https://jobs.lever.co/gopuff/ff6b3bce-b070-43af-a194-21d90e1d4ddb,
gopuff,"Operations Associate, Orlando","Orlando, FL",,,https://jobs.lever.co/gopuff/90060819-2df7-4034-8c91-d1208b68c0d1,
gopuff,"Operations Associate, Pensacola, #265","Pensacola, FL",,,https://jobs.lever.co/gopuff/2f2be6cc-679e-42c0-b44f-ba947660e565,
gopuff,"Operations Associate, Pflugerville, #675","Pflugerville, TX",,,https://jobs.lever.co/gopuff/0e25cb61-e95a-4e01-a13a-ac937adb72c6,
gopuff,"Operations Associate, Philadelphia, #1463","Philadelphia, PA",,,https://jobs.lever.co/gopuff/82c7f552-8e28-4ea7-8348-952fb5706400,
gopuff,"Operations Associate, Philadelphia, #670","Philadelphia, PA",,,https://jobs.lever.co/gopuff/d8866343-7185-469c-8dc8-9ce996d1a4ce,
gopuff,"Operations Associate, Phoenix","Phoenix, AZ",,,https://jobs.lever.co/gopuff/23e590d0-46c1-4406-ba3f-8d889f0e35a4,
gopuff,"Operations Associate, Phoenix #242","Phoenix, AZ",,,https://jobs.lever.co/gopuff/7146c3f2-99a3-4890-b8af-8f6d22f1d419,
gopuff,"Operations Associate, Phoenix, #299","Phoenix, AZ",,,https://jobs.lever.co/gopuff/1bf4ac11-7967-4896-8b53-8747be6880fc,
gopuff,"Operations Associate, Phoenix, #315","Phoenix, AZ",,,https://jobs.lever.co/gopuff/8603b841-c859-4d62-915f-e13970e8b88d,
gopuff,"Operations Associate, Pittsburgh","Pittsburgh, PA",,,https://jobs.lever.co/gopuff/1ccc85e0-d7a3-4500-808a-b08f642ca77b,
gopuff,"Operations Associate, Plano, #245","Plano, TX",,,https://jobs.lever.co/gopuff/57487476-56da-4f2c-9302-0621a608c862,
gopuff,"Operations Associate, Portland","Portland, OR",,,https://jobs.lever.co/gopuff/14705ce4-a185-4e2c-ac60-a0ea8f0baab8,
gopuff,"Operations Associate, Portland - Brooklyn, #185","Portland, OR",,,https://jobs.lever.co/gopuff/617dc3b9-1f7e-4d30-a6d7-e03278986217,
gopuff,"Operations Associate, Portland, #266","Portland, ME",,,https://jobs.lever.co/gopuff/9e019022-00c7-4e3b-9f6d-62a7f8e7a49f,
gopuff,"Operations Associate, Portland, Maine","Portland, ME",,,https://jobs.lever.co/gopuff/942a43bf-8df7-4cea-b7c9-ceaccb1e1c50,
gopuff,"Operations Associate, Providence","Providence, RI",,,https://jobs.lever.co/gopuff/7496915f-a672-4340-96d3-f050ee30b812,
gopuff,"Operations Associate, Providence, #102","Providence, RI",,,https://jobs.lever.co/gopuff/2866b307-bb14-4b6d-96c3-da8faa9817f8,
gopuff,"Operations Associate, Queens, #1025","Queens, NY",,,https://jobs.lever.co/gopuff/6968a0ed-2f3c-4214-b8f7-a0c4a886bee4,
gopuff,"Operations Associate, Quincy, #823","Quincy, MA",,,https://jobs.lever.co/gopuff/18ba12c2-6c4b-42e3-9ea2-1afebf621409,
gopuff,"Operations Associate, Richardson, #135","Richardson, TX",,,https://jobs.lever.co/gopuff/36f4215a-86d4-445e-83c9-08cadb4f73ff,
gopuff,"Operations Associate, Richmond","Richmond, VA",,,https://jobs.lever.co/gopuff/36a339b9-0a2d-44ef-917a-fa9cb2b7a045,
gopuff,"Operations Associate, Richmond, #56","Richmond, VA",,,https://jobs.lever.co/gopuff/5c61354f-357d-4c28-b819-cbf780cb5a8e,
gopuff,"Operations Associate, RiNo, #365","Denver, CO",,,https://jobs.lever.co/gopuff/dc38f81b-0625-4c01-ab1e-2aeb445d2ebd,
gopuff,"Operations Associate, Riverside, #80","Indianapolis, IN",,,https://jobs.lever.co/gopuff/69562588-fe95-4c7f-8308-5a53d7ee5f04,
gopuff,"Operations Associate, Rochester","Rochester, NY",,,https://jobs.lever.co/gopuff/5b9dd011-2ec6-4fb2-b88f-38e44aebbde4,
gopuff,"Operations Associate, Rochester, #303","Rochester, NY",,,https://jobs.lever.co/gopuff/2cda8fbe-e2ce-4a13-aff2-b4a9701ad17c,
gopuff,"Operations Associate, Rogers Park, #364","Chicago, IL",,,https://jobs.lever.co/gopuff/35411305-7b21-4e72-9249-50b29060169f,
gopuff,"Operations Associate, Roxborough, #132","Philadelphia, PA",,,https://jobs.lever.co/gopuff/ea5bbc5b-20c8-4e3c-bd29-2b629cb2b3b0,
gopuff,"Operations Associate, Saint Louis - Cheltenham, #113","St. Louis, MO",,,https://jobs.lever.co/gopuff/9abdb0f1-104f-4207-9ee0-b1ffd10fb765,
gopuff,"Operations Associate, Saint Louis, Midtown, #341","St. Louis, MO",,,https://jobs.lever.co/gopuff/397cb3a9-6ed1-48af-ad1d-fc248e74f05f,
gopuff,"Operations Associate, Saint Paul, #68","St. Paul, MN",,,https://jobs.lever.co/gopuff/c4177988-e032-4852-80ed-b540a15e08aa,
gopuff,"Operations Associate, Salem, #226","Salem, OR",,,https://jobs.lever.co/gopuff/120a9c37-f614-4561-88dd-52a7bb6c4f68,
gopuff,"Operations Associate, San Antonio, #144","San Antonio, TX",,,https://jobs.lever.co/gopuff/245a4099-cf21-4d0e-ba61-7b10e31fd79b,
gopuff,"Operations Associate, San Marcos, #251","San Marcos, TX",,,https://jobs.lever.co/gopuff/53d09c19-82f1-4bd0-a447-30fa6b017326,
gopuff,"Operations Associate, Scottsdale, #247","Scottsdale, AZ",,,https://jobs.lever.co/gopuff/4c315afa-a845-467f-9e38-e56bbc9ec77d,
gopuff,"Operations Associate, Shady Side","Pittsburgh, PA",,,https://jobs.lever.co/gopuff/2d7aeb14-e1fd-4e31-adbf-52d396cf064b,
gopuff,"Operations Associate, Shady Side, #371","Pittsburgh, PA",,,https://jobs.lever.co/gopuff/7cd54b50-2125-4bb4-87c6-3a93b6bc5a9f,
gopuff,"Operations Associate, Showboat, #268","Las Vegas, NV",,,https://jobs.lever.co/gopuff/2c4dd99b-a6d4-44bf-a4ff-34e9cac3163a,
gopuff,"Operations Associate, Skokie, #161","Skokie, IL",,,https://jobs.lever.co/gopuff/3cec6e69-68c7-4569-b181-33fa39b7686b,
gopuff,"Operations Associate, Smyrna, #172","Atlanta, GA",,,https://jobs.lever.co/gopuff/16424df3-9435-465d-ae56-a98d2e047032,
gopuff,"Operations Associate, South Atlanta, #340","Atlanta, GA",,,https://jobs.lever.co/gopuff/3b371007-34f8-4464-ae98-fe59972b05af,
gopuff,"Operations Associate, South Austin, #560","Austin, TX",,,https://jobs.lever.co/gopuff/b4a058cd-9bab-48f9-bfda-ce2fca71ee9e,
gopuff,"Operations Associate, South Bend, #88","South Bend, IN",,,https://jobs.lever.co/gopuff/115ac480-df60-4958-b275-9e48d1929982,
gopuff,"Operations Associate, South Boston, #130","South Boston, MA",,,https://jobs.lever.co/gopuff/a4d7d7ab-115c-48bf-8cb3-3265fc2c79b3,
gopuff,"Operations Associate, South Philly, #1567","Philadelphia, PA",,,https://jobs.lever.co/gopuff/7ca1f5b6-ae84-4127-87be-4204cbb65089,
gopuff,"Operations Associate, Southpoint, #175","Jacksonville, FL",,,https://jobs.lever.co/gopuff/9683c631-84d5-4557-9823-cbae7cc0611b,
gopuff,"Operations Associate, Southside Slopes","Pittsburgh, PA",,,https://jobs.lever.co/gopuff/8ca22e3f-dab5-4609-9558-16b6b0d147f5,
gopuff,"Operations Associate, Southside Slopes, #294","Pittsburgh, PA",,,https://jobs.lever.co/gopuff/ba1da34c-6f05-4578-9ead-de3e46f57746,
gopuff,"Operations Associate, Springfield, #171","Springfield, MO",,,https://jobs.lever.co/gopuff/a34e610c-e180-4614-80bb-dfde91db8477,
gopuff,"Operations Associate, St. Petersburg, #261","St. Petersburg, FL",,,https://jobs.lever.co/gopuff/c8189f8b-989a-4584-b761-801411b36bd1,
gopuff,"Operations Associate, Stamford, #203","Stamford, CT",,,https://jobs.lever.co/gopuff/c53f1184-b7c5-463d-a64d-c4f023fa5361,
gopuff,"Operations Associate, Starbucks Barista, Bethlehem, #111","Allentown, PA",,,https://jobs.lever.co/gopuff/c3e7f15b-9251-4f64-8e4c-8132a6e2b446,
gopuff,"Operations Associate, Starbucks Barista, Bronx, #620","Bronx, NY",,,https://jobs.lever.co/gopuff/6e014b6f-34b0-45c0-b875-3c0ef8222c97,
gopuff,"Operations Associate, Starbucks Barista, Bronx, #621","Bronx, NY",,,https://jobs.lever.co/gopuff/61063b62-f785-441e-b48d-bebbe74150db,
gopuff,"Operations Associate, Starbucks Barista, Bronx, #637","Bronx, NY",,,https://jobs.lever.co/gopuff/335e85f6-fe89-4173-8213-319aba6925d5,
gopuff,"Operations Associate, Starbucks Barista, Brooklyn, #554","Brooklyn, NY",,,https://jobs.lever.co/gopuff/f9155c69-bcec-4802-b513-57188ab4a04f,
gopuff,"Operations Associate, Starbucks Barista, Chandler, #149","Chandler, AZ",,,https://jobs.lever.co/gopuff/9c4f02b5-209c-4418-9492-f08a30efe434,
gopuff,"Operations Associate, Starbucks Barista, Davie, #528","Davie, FL",,,https://jobs.lever.co/gopuff/4eea8140-17c7-4ebc-a9a1-311597c39e7e,
gopuff,"Operations Associate, Starbucks Barista, Fort Lauderdale, #322","Fort Lauderdale, FL",,,https://jobs.lever.co/gopuff/7683dd0e-c91b-480b-9c1a-fc50747f5674,
gopuff,"Operations Associate, Starbucks Barista, Lansdowne, #384","Lansdowne, PA",,,https://jobs.lever.co/gopuff/b905b6fa-43a4-443f-b6f4-97f05539eeca,
gopuff,"Operations Associate, Starbucks Barista, Little Havana, #977","Miami, FL",,,https://jobs.lever.co/gopuff/8ee509a1-fc2c-451d-a5df-9707807bd3c1,
gopuff,"Operations Associate, Starbucks Barista, Little River, #330","Miami, FL",,,https://jobs.lever.co/gopuff/39398ef8-52ac-4c55-ad6a-bbf9e0505d12,
gopuff,"Operations Associate, Starbucks Barista, Mesa, #305","Mesa, AZ",,,https://jobs.lever.co/gopuff/5c08cd0a-f210-4657-9ed2-4f1b1343a684,
gopuff,"Operations Associate, Starbucks Barista, Miami Beach, #379","Miami Beach, FL",,,https://jobs.lever.co/gopuff/456be260-073e-436f-84e5-8bf424aa4baf,
gopuff,"Operations Associate, Starbucks Barista, Miami Beach, #911","Miami Beach, FL",,,https://jobs.lever.co/gopuff/d324f092-72fa-488a-95ab-8c931e617710,
gopuff,"Operations Associate, Starbucks Barista, Miami, #183","Miami, FL",,,https://jobs.lever.co/gopuff/03427d35-957a-4011-a0df-dbfe3e712fce,
gopuff,"Operations Associate, Starbucks Barista, Miami, #376","Miami, FL",,,https://jobs.lever.co/gopuff/e14a18a8-0dbb-4c68-a1c6-928c9e0872e3,
gopuff,"Operations Associate, Starbucks Barista, New York, #807","New York, NY",,,https://jobs.lever.co/gopuff/ef1a1666-d21f-4cbd-b9ee-21846fb6b625,
gopuff,"Operations Associate, Starbucks Barista, New York, #839","New York, NY",,,https://jobs.lever.co/gopuff/45243edd-6fe8-47ea-9e15-0de23e827933,
gopuff,"Operations Associate, Starbucks Barista, New York, #880","New York, NY",,,https://jobs.lever.co/gopuff/3c52eacc-285c-4166-b09c-9524714ce3c7,
gopuff,"Operations Associate, Starbucks Barista, New York, #975","New York, NY",,,https://jobs.lever.co/gopuff/0a74ad88-d439-40f9-841c-8a49bd2d0e50,
gopuff,"Operations Associate, Starbucks Barista, Phoenix, #145","Phoenix, AZ",,,https://jobs.lever.co/gopuff/0498e04b-9901-4fb6-85c4-7c34e387afd7,
gopuff,"Operations Associate, Starbucks Barista, Phoenix, #150","Phoenix, AZ",,,https://jobs.lever.co/gopuff/70a2824c-ad1b-4cd0-b65c-7cfa1cb79872,
gopuff,"Operations Associate, Starbucks Barista, Phoenix, #242","Phoenix, AZ",,,https://jobs.lever.co/gopuff/829ae528-705e-4ad5-b4fa-6ca1daa1b35e,
gopuff,"Operations Associate, Starbucks Barista, Queens, #1025","Queens, NY",,,https://jobs.lever.co/gopuff/7dda3271-07ae-4b54-b751-f6a86c05e1c8,
gopuff,"Operations Associate, Starbucks Barista, Scottsdale, #247","Scottsdale, AZ",,,https://jobs.lever.co/gopuff/b6f6fc3a-bec9-47d2-815d-0b67d2d2c840,
gopuff,"Operations Associate, Starbucks Barista, Southside Slopes, #294","Pittsburgh, PA",,,https://jobs.lever.co/gopuff/92e68dd1-2f17-44a9-ab09-f6fdceb3da4e,
gopuff,"Operations Associate, Starbucks Barista, Tempe, #288","Tempe, AZ",,,https://jobs.lever.co/gopuff/74a5527e-4b78-4bcd-9c23-d44d33617034,
gopuff,"Operations Associate, Starbucks Barista, University Park, #602","Miami, FL",,,https://jobs.lever.co/gopuff/1bd86243-7626-4831-971d-8242a75157b9,
gopuff,"Operations Associate, Starbucks Barista, Washington, D.C., #206","Washington, D.C.",,,https://jobs.lever.co/gopuff/adf57a6a-5d25-4d01-aac8-3b2330046401,
gopuff,"Operations Associate, Starbucks Barista, Woodlyn, #625","Woodlyn, PA",,,https://jobs.lever.co/gopuff/993f25ab-568b-4e86-9e5b-95966148bbf6,
gopuff,"Operations Associate, State College","State College, PA",,,https://jobs.lever.co/gopuff/ea01c31f-1a2b-4585-82f5-de9c83a09963,
gopuff,"Operations Associate, State College, #230","State College, PA",,,https://jobs.lever.co/gopuff/7bd6bb15-3045-491d-928e-6c14f0e1e005,
gopuff,"Operations Associate, Syracuse","Syracuse, NY",,,https://jobs.lever.co/gopuff/a99b1046-cfe1-4028-8d1d-54b3294f41d0,
gopuff,"Operations Associate, Syracuse, #1545","Syracuse, NY",,,https://jobs.lever.co/gopuff/b7139d5f-df38-4e23-b81e-74db6c75942d,
gopuff,"Operations Associate, Takoma, #522","Washington, D.C.",,,https://jobs.lever.co/gopuff/7edf2c7b-8616-4ab9-aa8d-3d1ab6b09974,
gopuff,"Operations Associate, Tallahassee, #480","Tallahassee, FL",,,https://jobs.lever.co/gopuff/7886eefa-c738-4269-b058-50229d1cd0c0,
gopuff,"Operations Associate, Tampa, #105","Tampa, FL",,,https://jobs.lever.co/gopuff/60a0460c-18f8-492c-ac6e-2e893094a972,
gopuff,"Operations Associate, Tempe","Tempe, AZ",,,https://jobs.lever.co/gopuff/9eba0252-4740-458d-9946-0fc241be32f2,
gopuff,"Operations Associate, Tempe, #288","Tempe, AZ",,,https://jobs.lever.co/gopuff/9d6fb684-2970-46f9-9859-d3cbd15413ba,
gopuff,"Operations Associate, Thunderbird Hills, #187","San Antonio, TX",,,https://jobs.lever.co/gopuff/32db204e-317c-4d09-bba8-fe92923c825b,
gopuff,"Operations Associate, Towson, #47","Towson, MD",,,https://jobs.lever.co/gopuff/afae5f39-b7b1-4205-8527-c98a08b61f35,
gopuff,"Operations Associate, Tucson - Downtown, #18","Tucson, AZ",,,https://jobs.lever.co/gopuff/934a6c48-17e8-4b5a-926a-291b98a1a064,
gopuff,"Operations Associate, Tulsa - Downtown, #134","Tulsa, OK",,,https://jobs.lever.co/gopuff/d16e522f-4d1c-47ec-a1f7-baf1ff43bccf,
gopuff,"Operations Associate, Tulsa, #224","Tulsa, OK",,,https://jobs.lever.co/gopuff/4fcf106d-9feb-438d-8cc5-47cba4c69e37,
gopuff,"Operations Associate, Tuscaloosa, #174","Tuscaloosa, AL",,,https://jobs.lever.co/gopuff/f357917b-7aeb-4050-8aed-b73d145f9bbf,
gopuff,"Operations Associate, Union City, #304","Union City, NJ",,,https://jobs.lever.co/gopuff/034a8b60-b2b0-4231-94a6-dd5672595b64,
gopuff,"Operations Associate, University District, #13","Seattle, WA",,,https://jobs.lever.co/gopuff/2a81d56c-b71f-425e-bfb1-c97993db2a12,
gopuff,"Operations Associate, University Hills, #478","Denver, CO",,,https://jobs.lever.co/gopuff/dbab7496-6b8b-4a98-8590-b46f71749e8e,
gopuff,"Operations Associate, University of Texas, #348","Austin, TX",,,https://jobs.lever.co/gopuff/ecb11d5f-9e6e-4853-9566-e2f2e1ee3570,
gopuff,"Operations Associate, University Park, #117","Orlando, FL",,,https://jobs.lever.co/gopuff/c3bfcce9-3ad7-44db-a065-58ecfdb2be55,
gopuff,"Operations Associate, University Park, #602","Miami, FL",,,https://jobs.lever.co/gopuff/44551b3e-444f-4df7-b5a2-b8492f94b6a2,
gopuff,"Operations Associate, Upper East Side, #839","New York, NY",,,https://jobs.lever.co/gopuff/220f4f1b-0e7b-421c-b228-08d0520a282c,
gopuff,"Operations Associate, Urbana, #37","Urbana, IL",,,https://jobs.lever.co/gopuff/e71970ee-7cde-4b20-959a-c4a9bbdfd931,
gopuff,"Operations Associate, Vickery Meadow, #566","Dallas, TX",,,https://jobs.lever.co/gopuff/cb486833-c367-43b1-8d36-4c6ccbb312e0,
gopuff,"Operations Associate, Waltham, #166","Waltham, MA",,,https://jobs.lever.co/gopuff/19349199-9ee6-4e23-8c20-fb7e38f31343,
gopuff,"Operations Associate, Washington D.C., #206","Washington, D.C.",,,https://jobs.lever.co/gopuff/27ba67b7-af73-40a0-8821-1407ecce9b07,
gopuff,"Operations Associate, Washington D.C., #529","Washington, D.C.",,,https://jobs.lever.co/gopuff/a2a1677a-436e-4250-bbf6-f94672f2d6c0,
gopuff,"Operations Associate, Washington, D.C.","Washington, D.C.",,,https://jobs.lever.co/gopuff/846c83de-f95c-45b7-8fb3-21dd8cdca1f5,
gopuff,"Operations Associate, West Chester, PA #89","West Chester, PA",,,https://jobs.lever.co/gopuff/bf6f5529-97cc-4bf6-8273-bd228c36d7f9,
gopuff,"Operations Associate, West Phoenix, #150","Phoenix, AZ",,,https://jobs.lever.co/gopuff/a5a0a946-38c9-4db4-8a37-f1636e511538,
gopuff,"Operations Associate, West Town, #312","Chicago, IL",,,https://jobs.lever.co/gopuff/628550b7-f7e6-4b75-9410-035b4034d32f,
gopuff,"Operations Associate, Western Park, #86","Raleigh, NC",,,https://jobs.lever.co/gopuff/832dbd58-4f85-4e1a-9b6b-0bdff6253bac,
gopuff,"Operations Associate, Westminster, #110","Westminster, CO",,,https://jobs.lever.co/gopuff/075f605b-bd28-463e-abe3-0236926ee04d,
gopuff,"Operations Associate, Wheat Ridge, #616","Wheat Ridge, CO",,,https://jobs.lever.co/gopuff/84ea0d23-c119-42fb-8ac4-1e5ab7b2c243,
gopuff,"Operations Associate, Whitcomb, #279","Richmond, VA",,,https://jobs.lever.co/gopuff/8f6f0fe4-b026-43c6-96c1-6f1b7fe14c19,
gopuff,"Operations Associate, Wilmington, #207","Wilmington, DE",,,https://jobs.lever.co/gopuff/99521fb7-a208-4b2e-9615-7c3e453ea43c,
gopuff,"Operations Associate, Winston Salem, #83","Winston Salem, NC",,,https://jobs.lever.co/gopuff/3a41899c-d239-4ec8-8299-8b4d94b532c5,
gopuff,"Operations Associate, Woodlawn, #606","Woodlawn, MD",,,https://jobs.lever.co/gopuff/adf0d65e-c4dc-420a-8ec7-f263702304c7,
gopuff,"Operations Associate, Woodlyn, #625","Woodlyn, PA",,,https://jobs.lever.co/gopuff/ab17e7a9-9b39-4c0e-a8c2-f771f6924f4f,
gopuff,"Operations Associate, Worcester, #201","Worcester, MA",,,https://jobs.lever.co/gopuff/9466c9cd-0605-4137-86ad-548fb0ea9d44,
gopuff,"Operations Associate, Wrigleyville, #182","Chicago, IL",,,https://jobs.lever.co/gopuff/14f0766b-c335-46d8-b972-04f5fdf37663,
gopuff,Operations Supervisor,East London,,,https://jobs.lever.co/gopuff/2120150c-fcca-4e16-9540-d61a8fd5b442,
gopuff,Operations Supervisor,"Salford, England",,,https://jobs.lever.co/gopuff/a14ba38e-d353-4f7d-b464-5aa56c9e44fc,
gopuff,Principal Analytics Engineer,United States,,,https://jobs.lever.co/gopuff/7fb79da9-b5d3-4238-9936-74fbd7838674,
gopuff,Principal Machine Learning Engineer - Consumer Personalization & Generative AI,United States,,,https://jobs.lever.co/gopuff/3c2c53f1-178f-43a0-be18-309c1d06e00b,
gopuff,"Process Lead, Bethlehem, #111","Bethlehem, PA",,,https://jobs.lever.co/gopuff/6fefde59-a19e-4889-88a9-93bdb494d88f,
gopuff,"Process Lead, Brooklyn, #892","Brooklyn, NY",,,https://jobs.lever.co/gopuff/1e127fb0-11ca-49de-87b6-8683f70d8950,
gopuff,"Process Lead, Cicero, #297","Cicero, IL",,,https://jobs.lever.co/gopuff/af9414c2-b74e-4132-a577-17f833d3e2c6,
gopuff,"Process Lead, Cleveland, #194","Cleveland, OH",,,https://jobs.lever.co/gopuff/44c633a1-934c-43e3-ae96-fae1b3a15bd7,
gopuff,"Process Lead, Germantown, #176","Philadelphia, PA",,,https://jobs.lever.co/gopuff/e1faaf4d-a416-4f24-86af-0295f57395ee,
gopuff,"Process Lead, Hartford, #69","Hartford, CT",,,https://jobs.lever.co/gopuff/44ba8e5b-c752-4112-a85f-5502a19a563d,
gopuff,"Process Lead, New York, #1367","New York, NY",,,https://jobs.lever.co/gopuff/d4dda7d6-23c6-456a-94f0-422f17acab04,
gopuff,"Process Lead, New York, #807","New York, NY",,,https://jobs.lever.co/gopuff/faa8341c-2343-4e66-998e-def26de966da,
gopuff,"Process Lead, Philadelphia, #30","Philadelphia, PA",,,https://jobs.lever.co/gopuff/50896cb9-c2f2-4ebb-8ff2-61b552d831f1,
gopuff,"Retail Key Holder,  San Jose - Blossom Hill, #459","San Jose, CA",,,https://jobs.lever.co/gopuff/e9f78d50-ffd7-4b90-aa97-3a1b5514b26f,
gopuff,"Retail Key Holder, Albany, #449","Albany, CA",,,https://jobs.lever.co/gopuff/846e7480-5422-4d30-a742-8780094c41f5,
gopuff,"Retail Key Holder, Anaheim Hills, #420","Anaheim Hills, CA",,,https://jobs.lever.co/gopuff/af1a5bc6-c3f7-4d12-a57d-7afa7816bbef,
gopuff,"Retail Key Holder, Antioch, #428","Antioch, CA",,,https://jobs.lever.co/gopuff/12b92dec-d363-4a18-a860-ff0c141eac8e,
gopuff,"Retail Key Holder, Auburn, #1435","Auburn, CA",,,https://jobs.lever.co/gopuff/d73291f2-04c1-42f1-9d88-c02f2f3a93fb,
gopuff,"Retail Key Holder, Bakersfield, #469","Bakersfield, CA",,,https://jobs.lever.co/gopuff/75f44bca-a0b3-4532-b980-fcc612701059,
gopuff,"Retail Key Holder, Ballard, #523","Ballard, WA",,,https://jobs.lever.co/gopuff/94da37c9-7519-47d1-a8d8-fb6e06b23254,
gopuff,"Retail Key Holder, Bellevue, #598","Bellevue, WA",,,https://jobs.lever.co/gopuff/e941c3c4-b37a-459c-860d-04c37a1a89ae,
gopuff,"Retail Key Holder, Bellingham #599","Bellingham, WA",,,https://jobs.lever.co/gopuff/75504848-0aa2-4e69-9b3d-f64da87df7e3,
gopuff,"Retail Key Holder, Burbank, #498","Burbank, CA",,,https://jobs.lever.co/gopuff/cd2392d8-4934-48a3-88a8-cb78305fbc0a,
gopuff,"Retail Key Holder, Burlingame #512","Burlingame, CA",,,https://jobs.lever.co/gopuff/52d5286b-4d3f-402b-851f-6fcbaa17ea3c,
gopuff,"Retail Key Holder, Camarillo, #1442","Camarillo, CA",,,https://jobs.lever.co/gopuff/da66e4a9-6576-40a5-92dc-021601713712,
gopuff,"Retail Key Holder, Canoga Park, #452","Canoga Park, CA",,,https://jobs.lever.co/gopuff/7d9f1935-a2f1-446b-9e2f-881f0404d4e3,
gopuff,"Retail Key Holder, Capitola #785","Capitola, CA",,,https://jobs.lever.co/gopuff/ed87f852-59df-4114-97b0-c2cf2f1db1d9,
gopuff,"Retail Key Holder, Carlsbad, #1452","Carlsbad, CA",,,https://jobs.lever.co/gopuff/c06d244c-5272-4308-ac0e-ea7fcda9f4b5,
gopuff,"Retail Key Holder, Carmel Mountain #447","Carmel, CA",,,https://jobs.lever.co/gopuff/6b1dc637-d45b-4223-b606-269a4c501284,
gopuff,"Retail Key Holder, Carmel, #1434","Carmel, CA",,,https://jobs.lever.co/gopuff/55367823-b48f-4b33-b24d-f1a79591d07d,
gopuff,"Retail Key Holder, Chandler, #451","Chandler, AZ",,,https://jobs.lever.co/gopuff/a51f7f8a-88a5-43b0-80d1-83255d663cda,
gopuff,"Retail Key Holder, Chico, #1020","Chico, CA",,,https://jobs.lever.co/gopuff/882daa47-7f5c-4ba2-8cf8-543ae1f2a023,
gopuff,"Retail Key Holder, Chino, #409","Chino, CA",,,https://jobs.lever.co/gopuff/6020e27f-6cd0-40b6-a8d7-7e4e0ac2a530,
gopuff,"Retail Key Holder, Chula Vista, #509","Chula Vista, CA",,,https://jobs.lever.co/gopuff/4d57e87e-e514-48c3-97e0-75ecb5037496,
gopuff,"Retail Key Holder, Citrus Heights, #435","Citrus Heights, CA",,,https://jobs.lever.co/gopuff/38ef2020-2e33-4a6b-bbed-9a24adc7a1b2,
gopuff,"Retail Key Holder, City of Industry, #499","City of Industry, CA",,,https://jobs.lever.co/gopuff/9815245b-5b00-4b3c-ba11-ed445f16598a,
gopuff,"Retail Key Holder, Clovis, #417","Clovis, CA",,,https://jobs.lever.co/gopuff/58ba9da2-1dbf-4198-ac53-2c37c8071892,
gopuff,"Retail Key Holder, Colma #405","Colma, CA",,,https://jobs.lever.co/gopuff/7ef1edc9-01c5-408f-a2e8-944495283afa,
gopuff,"Retail Key Holder, Corona #473","Corona, CA",,,https://jobs.lever.co/gopuff/9a00a50e-9889-47e9-bae9-8021044ed285,
gopuff,"Retail Key Holder, Costa Mesa, #441","Costa Mesa, CA",,,https://jobs.lever.co/gopuff/5243f481-dc36-4cf0-afa6-aaa4c041ad63,
gopuff,"Retail Key Holder, Culver City, #423","Culver City, CA",,,https://jobs.lever.co/gopuff/68179977-0426-438f-8b30-852b523e9f29,
gopuff,"Retail Key Holder, Cypress, #453","Cypress, CA",,,https://jobs.lever.co/gopuff/c9fffdf6-8e36-4e8b-b62c-608ddc5a798b,
gopuff,"Retail Key Holder, Dana-Point, #1444","Dana Point, CA",,,https://jobs.lever.co/gopuff/f0d1acc0-27d2-426b-9f5d-90b04838fbc9,
gopuff,"Retail Key Holder, Danville, #487","Danville, CA",,,https://jobs.lever.co/gopuff/0da20b03-b874-47f3-98f6-6c971028bcdf,
gopuff,"Retail Key Holder, East LA","West Covina, CA",,,https://jobs.lever.co/gopuff/7e06a11f-ecee-453c-b126-9d20955014d0,
gopuff,"Retail Key Holder, East Pasadena #454","Pasadena, CA",,,https://jobs.lever.co/gopuff/ec46e7c6-a505-4deb-9d63-5ca4cf6fc738,
gopuff,"Retail Key Holder, El-Centro, #1437","El Centro, CA",,,https://jobs.lever.co/gopuff/718f432c-6283-47f0-9116-fba1fcf02dcc,
gopuff,"Retail Key Holder, Elk-Grove, #421","Elk Grove, CA",,,https://jobs.lever.co/gopuff/3c1116c7-6b5d-48e6-922b-22ee5c2acc56,
gopuff,"Retail Key Holder, Emeryville, #485","Emeryville, CA",,,https://jobs.lever.co/gopuff/ed135c77-b6f6-4499-8e0d-180621965a37,
gopuff,"Retail Key Holder, Encinitas, #483","Encinitas, CA",,,https://jobs.lever.co/gopuff/4e72d696-1549-451e-9ba5-8eb12c30ccac,
gopuff,"Retail Key Holder, Encino, #491","Encino, CA",,,https://jobs.lever.co/gopuff/0a3ec462-8efc-4a47-8b2c-85c06ef12366,
gopuff,"Retail Key Holder, Escondido #463","Escondido, CA",,,https://jobs.lever.co/gopuff/67cce7c7-bf53-4dca-9e61-845d9464ebd6,
gopuff,"Retail Key Holder, Eureka, #1438","Eureka, Ca",,,https://jobs.lever.co/gopuff/2bb0e043-1a06-4a8d-9985-badd218c7f6a,
gopuff,"Retail Key Holder, Fairfield, #520","Fairfield, CA",,,https://jobs.lever.co/gopuff/39133034-dbd6-41e2-83b5-2fd33cbe116a,
gopuff,"Retail Key Holder, Folsom, #1453","Folsom, CA",,,https://jobs.lever.co/gopuff/aa5ce0f6-ec6c-4fcc-8011-262356f9fb83,
gopuff,"Retail Key Holder, Fremont #458","Fremont, CA",,,https://jobs.lever.co/gopuff/4dc29e53-46de-499d-8f41-2ba8c3987ed6,
gopuff,"Retail Key Holder, Fresno, #470","Fresno, CA",,,https://jobs.lever.co/gopuff/cd4480c1-1b48-4ef2-94cf-8d11dda0df42,
gopuff,"Retail Key Holder, Gilroy #778","Gilroy, CA",,,https://jobs.lever.co/gopuff/5f54bf4d-671b-4b0e-9305-d76582d35114,
gopuff,"Retail Key Holder, Glendale, #443","Glendale, AZ",,,https://jobs.lever.co/gopuff/77f1d42c-3344-46cf-9623-2a0f4e2fce56,
gopuff,"Retail Key Holder, Glendale, #495","Glendale, CA",,,https://jobs.lever.co/gopuff/b66f1f44-db94-48bb-99de-0198f5de9998,
gopuff,"Retail Key Holder, Glendora, #455","Glendora, CA",,,https://jobs.lever.co/gopuff/b75df69c-b151-4558-944e-41eba0677998,
gopuff,"Retail Key Holder, Goleta #518","Goleta, CA",,,https://jobs.lever.co/gopuff/18b8ef22-2af8-4d8f-9dc2-8c1d7ceec9df,
gopuff,"Retail Key Holder, Goodyear, #412","Goodyear, AZ",,,https://jobs.lever.co/gopuff/9d934e70-4ac0-40de-8622-0d4817bd3f92,
gopuff,"Retail Key Holder, Greenbrae, #511","Greenbrae, CA",,,https://jobs.lever.co/gopuff/c265d92b-8fd7-41e9-b3ef-85f1a392a403,
gopuff,"Retail Key Holder, Happy Valley, #475","Happy Valley, AZ",,,https://jobs.lever.co/gopuff/c2dd70cf-76b4-477c-9792-bd833ed9f2e0,
gopuff,"Retail Key Holder, Huntington Beach, #442","Huntington Beach, CA",,,https://jobs.lever.co/gopuff/7f51618d-10b7-4a38-9b4e-f9c5637de1a0,
gopuff,"Retail Key Holder, Irvine, #440","Irvine, CA",,,https://jobs.lever.co/gopuff/02c3af04-c74f-48bd-bbab-88875aa9ad82,
gopuff,"Retail Key Holder, Issaquah, #600","Issaquah, WA",,,https://jobs.lever.co/gopuff/abaa2963-5b79-4ce3-bcbb-69e6af3e982d,
gopuff,"Retail Key Holder, La Cienega, #786","La Cienega, CA",,,https://jobs.lever.co/gopuff/101dfa5b-7b6d-41e3-bd3c-3340bef2ff0a,
gopuff,"Retail Key Holder, La Jolla, #1016","La Jolla, CA",,,https://jobs.lever.co/gopuff/424bc40a-1c5d-47c6-9bfd-6a88d70d943c,
gopuff,"Retail Key Holder, La Mesa, #404","La Mesa, CA",,,https://jobs.lever.co/gopuff/b5464717-4bf7-4d45-bdcb-9a22ef800938,
gopuff,"Retail Key Holder, La Quinta #456","La Quinta, CA",,,https://jobs.lever.co/gopuff/a22a70a6-8543-4ccb-aa6f-302307b49cea,
gopuff,"Retail Key Holder, Ladera Ranch, $489","Ladera Ranch, CA",,,https://jobs.lever.co/gopuff/091b76ee-03dc-44d8-be77-7d4b4eb8c8d6,
gopuff,"Retail Key Holder, Lafayette, #1448","Lafayette, CA",,,https://jobs.lever.co/gopuff/0238da32-a19d-42bc-99d7-b9351d61a6dd,
gopuff,"Retail Key Holder, Laguna Niguel #516","Laguna Niguel, CA",,,https://jobs.lever.co/gopuff/485fff12-71b0-4884-a09f-6691383433e4,
gopuff,"Retail Key Holder, Lake Forest, #474","Lake Forest, CA",,,https://jobs.lever.co/gopuff/3538b7a7-360f-479c-9634-7e6ce76e13e3,
gopuff,"Retail Key Holder, Lakewood, #505","Lakewood, CA",,,https://jobs.lever.co/gopuff/18d38dc3-008d-443f-ad3f-2c8b4b530112,
gopuff,"Retail Key Holder, Livermore, #1445","Livermore, CA",,,https://jobs.lever.co/gopuff/ea67eac1-8c1f-4b78-b24f-d6fb65d6b5ad,
gopuff,"Retail Key Holder, Lodi, #1450","Lodi, CA",,,https://jobs.lever.co/gopuff/79e3fd27-6d61-4cde-b30f-71c290098af9,
gopuff,"Retail Key Holder, Long Beach, #503","Long Beach, CA",,,https://jobs.lever.co/gopuff/a8b56bad-b2c0-4838-b286-be560d302320,
gopuff,"Retail Key Holder, Los Altos, #1019","Los Altos, CA",,,https://jobs.lever.co/gopuff/f3bb3a64-b971-4be5-9358-2a7bac602c21,
gopuff,"Retail Key Holder, Los Gatos, #1476","Los Gatos, CA",,,https://jobs.lever.co/gopuff/3784ff13-31dd-4730-9c71-a9a010e6d45f,
gopuff,"Retail Key Holder, Manhattan Beach, #429","Manhattan Beach, CA",,,https://jobs.lever.co/gopuff/7ad12b62-c4aa-4b99-915d-f635256cb3d0,
gopuff,"Retail Key Holder, Marina Del Rey, #507","Marina Del Rey, CA",,,https://jobs.lever.co/gopuff/9137f4fe-983b-4e5a-bda3-858e37e1fd13,
gopuff,"Retail Key Holder, Menlo Park, #521","Menlo Park, CA",,,https://jobs.lever.co/gopuff/134ab055-d259-493b-bf2b-060147871c4b,
gopuff,"Retail Key Holder, Milpitas, #400","Milpitas, CA",,,https://jobs.lever.co/gopuff/21846ef0-6bda-47bd-98d3-6804afdc2100,
gopuff,"Retail Key Holder, Mira Loma, #1118","Mira Loma, CA",,,https://jobs.lever.co/gopuff/c37688b2-32d9-4966-8e12-864f5907cccc,
gopuff,"Retail Key Holder, Mira Mesa, #401","Mira Mesa, CA",,,https://jobs.lever.co/gopuff/b57d0eee-8d03-4768-b996-a7e72165ace9,
gopuff,"Retail Key Holder, Mission Valley #1456","Mission Valley, CA",,,https://jobs.lever.co/gopuff/bf171484-e6a9-409c-b421-eab358f992aa,
gopuff,"Retail Key Holder, Mission-Valley, #501","Mission Valley, CA",,,https://jobs.lever.co/gopuff/6ae48374-6926-478a-bf4b-9bb853a2340d,
gopuff,"Retail Key Holder, Modesto, #784","Modesto, CA",,,https://jobs.lever.co/gopuff/71bd4275-7616-4844-ac54-a83157830ad7,
gopuff,"Retail Key Holder, Moreno-Valley, #444","Moreno Valley, CA",,,https://jobs.lever.co/gopuff/a779bfda-45fd-4026-bdba-3e19ff1198f5,
gopuff,"Retail Key Holder, Murrieta, #517","Murrieta, CA",,,https://jobs.lever.co/gopuff/2512f35e-7b5a-406e-8d4d-655760fdf9a9,
gopuff,"Retail Key Holder, Napa North, #1451","Napa, CA",,,https://jobs.lever.co/gopuff/94e338f9-d88e-48da-bacb-b3d8e587eb75,
gopuff,"Retail Key Holder, Novato, #1119","Novato, CA",,,https://jobs.lever.co/gopuff/457e00b4-b80a-4c20-a161-607005ab1201,
gopuff,"Retail Key Holder, Oakgrove-Walnut Creek, #514","Walnut Creek, CA",,,https://jobs.lever.co/gopuff/078a8241-8681-402e-922f-e3ef659dc875,
gopuff,"Retail Key Holder, Oakland, #403","Oakland, CA",,,https://jobs.lever.co/gopuff/9c1ee498-aa86-4894-b342-66a631e4b9f1,
gopuff,"Retail Key Holder, Oceanside, #413","Oceanside, CA",,,https://jobs.lever.co/gopuff/bc0bac32-e9a8-4f4d-9775-ce66f4a15732,
gopuff,"Retail Key Holder, Orange, #408","Orange, CA",,,https://jobs.lever.co/gopuff/83264d46-9e0f-4e1a-9b76-997cce69f98f,
gopuff,"Retail Key Holder, Orinda, #490","Orinda, CA",,,https://jobs.lever.co/gopuff/2dfbd2b9-834d-4c25-8d53-ac8a5fc45e49,
gopuff,"Retail Key Holder, Palm-Springs, #1152","Palm Springs, CA",,,https://jobs.lever.co/gopuff/f4efbaea-b37f-457b-a14a-71262dde3923,
gopuff,"Retail Key Holder, Palmdale, #439","Palmdale, CA",,,https://jobs.lever.co/gopuff/620f3c79-83f2-4fb1-af0f-9c833d0315bf,
gopuff,"Retail Key Holder, Pasadena, #416","Pasadena, CA",,,https://jobs.lever.co/gopuff/fbc3640b-6f2f-42f1-8188-4f16d1fcfbd5,
gopuff,"Retail Key Holder, Paso Robles, #1449","Paso Robles, CA",,,https://jobs.lever.co/gopuff/eddbb095-4d1a-46e5-80b8-07fa1ed11637,
gopuff,"Retail Key Holder, Peoria #590","Peoria, AZ",,,https://jobs.lever.co/gopuff/840d9752-94d0-4856-8760-8fd0e42b8297,
gopuff,"Retail Key Holder, Petaluma, #1436","Petaluma, CA",,,https://jobs.lever.co/gopuff/6f15ae97-101a-4cff-be33-05b154386923,
gopuff,"Retail Key Holder, Pinole, #461","Pinole, CA",,,https://jobs.lever.co/gopuff/e4667ce4-4e31-4eaa-be3d-8cc004942742,
gopuff,"Retail Key Holder, Pleasanton, #482","Pleasanton, CA",,,https://jobs.lever.co/gopuff/88df47a6-c82a-4936-ad51-96073422c998,
gopuff,"Retail Key Holder, Point Loma #446","Point Loma, CA",,,https://jobs.lever.co/gopuff/3717d822-1e3f-4841-b0b6-b0234eec5cdc,
gopuff,"Retail Key Holder, Rancho Cucamonga, #468","Rancho Cucamonga, CA",,,https://jobs.lever.co/gopuff/31ffee1c-0037-4c68-8e79-edef0398fe3c,
gopuff,"Retail Key Holder, Rancho San Diego, #1443","San Diego, CA",,,https://jobs.lever.co/gopuff/13d3ddf2-5527-4bcb-9eae-8b5f57c94ec5,
gopuff,"Retail Key Holder, Rancho-Santa-Margarita, #1439","Rancho Santa Margarita, CA",,,https://jobs.lever.co/gopuff/86448d10-f506-4a82-9d4f-5e1f0dc55dcd,
gopuff,"Retail Key Holder, Redding, #777","Redding, CA",,,https://jobs.lever.co/gopuff/6bf81e27-a630-4144-8251-544f33849522,
gopuff,"Retail Key Holder, Redlands, #472","Redlands, CA",,,https://jobs.lever.co/gopuff/56db14dc-8dca-4a6f-86b7-f3e29ec2754d,
gopuff,"Retail Key Holder, Redmond, #595","Redmond, WA",,,https://jobs.lever.co/gopuff/ab37bdca-7d4f-4a27-bfcd-ec2abf57421e,
gopuff,"Retail Key Holder, Redondo Beach, #1447","Redondo Beach, CA",,,https://jobs.lever.co/gopuff/057b6fed-17bd-4c8e-8aa8-7508aa036e33,
gopuff,"Retail Key Holder, Redwood City #1441","Redwood City, CA",,,https://jobs.lever.co/gopuff/be5c0238-f8dd-488e-959e-140a8767fc06,
gopuff,"Retail Key Holder, Riverbank, #519","Riverbank, CA",,,https://jobs.lever.co/gopuff/305d5642-0a65-4869-af8b-2eb329f76a56,
gopuff,"Retail Key Holder, Riverside, #1440","Riverside, CA",,,https://jobs.lever.co/gopuff/4a8e5a85-e880-4389-b76d-919fa124f893,
gopuff,"Retail Key Holder, Rolling Hills, #415","Rolling Hills, CA",,,https://jobs.lever.co/gopuff/57907d96-5c31-4a38-a4fe-ff3ffe77b18f,
gopuff,"Retail Key Holder, Roseville Fairway, #471","Roseville, CA",,,https://jobs.lever.co/gopuff/c81f28ec-b3ac-4152-a34b-8cef9be99d30,
gopuff,"Retail Key Holder, Roseville, #494","Roseville, CA",,,https://jobs.lever.co/gopuff/50ebc45c-edcf-4224-8991-44951958c4e4,
gopuff,"Retail Key Holder, Sacramento Arden, #437","Sacramento, CA",,,https://jobs.lever.co/gopuff/14c00593-f336-473a-9608-32646ea72c60,
gopuff,"Retail Key Holder, Sacramento-Midtown, #445","Sacramento, CA",,,https://jobs.lever.co/gopuff/0ab96fa3-d491-4936-aaad-b5d78b3031d5,
gopuff,"Retail Key Holder, Sacramento-Natomas, #466","Sacramento, CA",,,https://jobs.lever.co/gopuff/83cf6adb-494f-4b98-a8c8-94e6cfa45ea8,
gopuff,"Retail Key Holder, Salinas, #424","Salinas, CA",,,https://jobs.lever.co/gopuff/531684c5-f450-4e4c-8b1a-0af8a5b59f9c,
gopuff,"Retail Key Holder, San Francisco Geary, #504","San Francisco, CA",,,https://jobs.lever.co/gopuff/1d10609e-9d2a-4be1-ae69-3f97b31ed3bb,
gopuff,"Retail Key Holder, San Leandro, #497","San Leandro, CA",,,https://jobs.lever.co/gopuff/c4f75270-084d-45f8-a724-8a3e3f777c2a,
gopuff,"Retail Key Holder, San Luis Obispo, #492","San Luis Obispo,	CA",,,https://jobs.lever.co/gopuff/d8e465c5-0584-4883-b1ce-77641aebc250,
gopuff,"Retail Key Holder, San Mateo, #496","San Mateo, CA",,,https://jobs.lever.co/gopuff/ec0ad0b6-2897-4bc9-8153-a1982ad5fd0e,
gopuff,"Retail Key Holder, San Rafael #450","San Rafael, CA",,,https://jobs.lever.co/gopuff/6bb69174-ee5e-4bb8-9fd3-a42815c3572d,
gopuff,"Retail Key Holder, San Ramon, #488","San Ramon, CA",,,https://jobs.lever.co/gopuff/cce411df-a448-44f3-af22-0ee513bde450,
gopuff,"Retail Key Holder, San-Francisco-Van-Ness, #434","San Francisco, CA",,,https://jobs.lever.co/gopuff/3ef15a92-b2d5-4c37-af6d-535217299a2f,
gopuff,"Retail Key Holder, San-Jose-West Gate, #464","San Jose, CA",,,https://jobs.lever.co/gopuff/85748831-2b8a-4cb9-847f-d103b597483e,
gopuff,"Retail Key Holder, Santa Barbara, #510","Santa Barbara, CA",,,https://jobs.lever.co/gopuff/659280ce-c0f7-4d0a-8c1c-78a638515be6,
gopuff,"Retail Key Holder, Santa Clara, #407","Santa Clara, CA",,,https://jobs.lever.co/gopuff/473db4e1-ae9d-41e6-a270-cd2c4240adf1,
gopuff,"Retail Key Holder, Santa Clarita, #515","Santa Clarita, CA",,,https://jobs.lever.co/gopuff/19852643-5d0c-49a0-b381-dfb6d2282eec,
gopuff,"Retail Key Holder, Santa Maria, #398","Santa Maria, CA",,,https://jobs.lever.co/gopuff/7d8e2662-d121-462c-bff3-36ee266be18a,
gopuff,"Retail Key Holder, Santa Monica, #427","Santa Monica, CA",,,https://jobs.lever.co/gopuff/2facbfa7-783b-4c3f-bf75-6488a1785625,
gopuff,"Retail Key Holder, Santa Rosa, #402","Santa Rosa, CA",,,https://jobs.lever.co/gopuff/3123a178-6b27-4768-b5f2-c262ec35b744,
gopuff,"Retail Key Holder, Santee, #418","Santee, CA",,,https://jobs.lever.co/gopuff/4abf808c-0e9d-4fc6-bec8-3d8350c21bbd,
gopuff,"Retail Key Holder, Scottsdale, #411","Scottsdale, AZ",,,https://jobs.lever.co/gopuff/b0764030-48ec-4454-899c-2aadce0f6793,
gopuff,"Retail Key Holder, Silverdale #593","Silverdale, WA",,,https://jobs.lever.co/gopuff/89df87db-b5d1-484a-8b7f-16ee0ea14b85,
gopuff,"Retail Key Holder, Simi Valley, #465","Simi Valley, CA",,,https://jobs.lever.co/gopuff/32751ad7-61af-4892-98c6-c46746272920,
gopuff,"Retail Key Holder, Solana-Beach, #1454","Solana Beach, CA",,,https://jobs.lever.co/gopuff/aa969755-a970-4449-9222-30a2e9261002,
gopuff,"Retail Key Holder, South-Lake-Tahoe, #782","South Lake Tahoe, CA",,,https://jobs.lever.co/gopuff/3e5861e6-f7a5-4e93-9a26-6a4970f45c91,
gopuff,"Retail Key Holder, Stockton, #467","Stockton, CA",,,https://jobs.lever.co/gopuff/a3024018-2892-4402-9504-95304df6ab1b,
gopuff,"Retail Key Holder, Studio City, #500","Studio City, CA",,,https://jobs.lever.co/gopuff/b1766e4f-7de1-4e9c-a80e-37d01237da30,
gopuff,"Retail Key Holder, Sunnyvale, #436","Sunnyvale, CA",,,https://jobs.lever.co/gopuff/e5ef9657-20da-4d81-a847-2dab12821b49,
gopuff,"Retail Key Holder, Tacoma, #410","Tacoma, WA",,,https://jobs.lever.co/gopuff/abe984e0-1b19-4afd-a52d-8cbdc0202f2e,
gopuff,"Retail Key Holder, Temecula #780","Temecula, CA",,,https://jobs.lever.co/gopuff/5cb06f93-9ea4-42f6-8aed-c10f08c63af8,
gopuff,"Retail Key Holder, Thousand Oaks #1117","Thousand Oaks, CA",,,https://jobs.lever.co/gopuff/9533759d-75d4-45b6-9e07-8827a227846f,
gopuff,"Retail Key Holder, Torrance #462","Torrance, CA",,,https://jobs.lever.co/gopuff/19731263-d46a-4a5a-b2e7-d5a204b95449,
gopuff,"Retail Key Holder, Tracy, #1021","Tracy, CA",,,https://jobs.lever.co/gopuff/2c448936-7fe2-49e5-a283-18cba3df2cb0,
gopuff,"Retail Key Holder, Tucson Broadway, #448","Tucson, AZ",,,https://jobs.lever.co/gopuff/8d19fb86-4d10-4703-8022-d59dcc5fd1ba,
gopuff,"Retail Key Holder, Tukwila, #596","Seattle, WA",,,https://jobs.lever.co/gopuff/018e12c1-b550-46b6-b871-d5b76c776580,
gopuff,"Retail Key Holder, Turlock, #425","Turlock, CA",,,https://jobs.lever.co/gopuff/0347ac89-0082-47d0-9a4e-a7c29d0bc1b3,
gopuff,"Retail Key Holder, Upland North, #783","Upland, CA",,,https://jobs.lever.co/gopuff/765fe525-167e-4ce1-9819-dd81f519ccea,
gopuff,"Retail Key Holder, Upland South #422","Upland, CA",,,https://jobs.lever.co/gopuff/6c30b0b2-9dc7-489a-851f-832fc68f7010,
gopuff,"Retail Key Holder, Vacaville, #779","Vacaville, CA",,,https://jobs.lever.co/gopuff/c132d846-aede-44d9-b1e2-95efbace6db0,
gopuff,"Retail Key Holder, Valencia, #781","Valencia, CA",,,https://jobs.lever.co/gopuff/2dd48fa3-6ea7-44de-a197-eadd84eef80d,
gopuff,"Retail Key Holder, Van Nuys, #438","Van Nuys, CA",,,https://jobs.lever.co/gopuff/920608f5-9e79-4de6-a510-f2f77295077c,
gopuff,"Retail Key Holder, Vancouver, #594","Vancouver, WA",,,https://jobs.lever.co/gopuff/53bb5eda-c705-4007-96a4-c750a45ddde5,
gopuff,"Retail Key Holder, Ventura, #460","Ventura, CA",,,https://jobs.lever.co/gopuff/6690e3f7-aeec-44c1-a0e4-727263219183,
gopuff,"Retail Key Holder, Visalia, #419","Visalia, CA",,,https://jobs.lever.co/gopuff/f4dc94a2-f52c-4b57-be2d-c47722a20d00,
gopuff,"Retail Key Holder, Vista, #1017","Vista, CA",,,https://jobs.lever.co/gopuff/e022c36c-8209-455d-8e7b-9bf9cdc71eae,
gopuff,"Retail Key Holder, Walnut Creek, #406","Walnut Creek, CA",,,https://jobs.lever.co/gopuff/801ed022-c195-47ac-ac85-55816eb4bb05,
gopuff,"Retail Key Holder, West Covina, #414","West Covina, CA",,,https://jobs.lever.co/gopuff/b397b8e4-0954-46eb-b8ff-f494da066a6c,
gopuff,"Retail Key Holder, West Hollywood, #457","West Hollywood, CA",,,https://jobs.lever.co/gopuff/9eb96b90-3228-45ce-bb0e-b85e3e9a6a62,
gopuff,"Retail Key Holder, West LA","Wilshire, CA",,,https://jobs.lever.co/gopuff/2ac154fb-693a-46b9-99e0-a8545faf0a9e,
gopuff,"Retail Key Holder, West Los Angeles, #508","Los Angeles, CA",,,https://jobs.lever.co/gopuff/96ae7446-059f-4c06-ba04-cd7e4fee7c4b,
gopuff,"Retail Key Holder, Whittier #426","Whittier, CA",,,https://jobs.lever.co/gopuff/37adb829-1a74-412a-8a12-f0d5e5bc9d88,
gopuff,"Retail Key Holder, Willow Glen-SJ, #506","Willow Glen, San Jose",,,https://jobs.lever.co/gopuff/09b9e1b3-c945-4d1b-a1da-16f43ae33384,
gopuff,"Retail Key Holder, Wilshire #502","Wilshire, CA",,,https://jobs.lever.co/gopuff/1b659052-86c5-45a3-84b8-51478c05ab13,
gopuff,Retail Media Specialist,"London, England",,,https://jobs.lever.co/gopuff/702f9588-3656-439f-9a08-f2fe75280f79,
gopuff,"Retail Sales Associate, Albany","Albany, CA",,,https://jobs.lever.co/gopuff/8ba7e681-42c2-46c4-9981-3ef3c1c3fb5c,
gopuff,"Retail Sales Associate, Albany, #449","Albany, CA",,,https://jobs.lever.co/gopuff/ab2d4915-fe80-4bc5-96d4-dd6a3cad7286,
gopuff,"Retail Sales Associate, Antioch, #428","Antioch, CA",,,https://jobs.lever.co/gopuff/16f61630-e746-44e9-8273-4a25f93bdcfc,
gopuff,"Retail Sales Associate, Auburn, #1435","Auburn, CA",,,https://jobs.lever.co/gopuff/136773c8-6e48-4fbc-aae0-ee5a3ee4c61e,
gopuff,"Retail Sales Associate, Bakersfield, #469","Bakersfield, CA",,,https://jobs.lever.co/gopuff/d14b43e1-ed85-43d7-a521-eb0b0b781a2b,
gopuff,"Retail Sales Associate, Ballard","Ballard, WA",,,https://jobs.lever.co/gopuff/7bae7f9e-0f67-4a83-8e35-c3c8bc927181,
gopuff,"Retail Sales Associate, Ballard, #523","Ballard, WA",,,https://jobs.lever.co/gopuff/f02f4a75-918f-42dd-aab5-e013a7e82a22,
gopuff,"Retail Sales Associate, Bayshore, #399","San Francisco, CA",,,https://jobs.lever.co/gopuff/079503e3-631a-4dca-8ae6-4ac9d20029f0,
gopuff,"Retail Sales Associate, Bellevue","Bellevue, WA",,,https://jobs.lever.co/gopuff/d1ad472b-53a5-4523-b09b-90c3f134fb26,
gopuff,"Retail Sales Associate, Bellevue, #598","Bellevue, WA",,,https://jobs.lever.co/gopuff/3d2a2cfa-ab60-4a86-9251-cfbb334cf0a5,
gopuff,"Retail Sales Associate, Bellingham","Bellingham, WA",,,https://jobs.lever.co/gopuff/2bad510f-3a08-4955-9353-f5a38c8c51b5,
gopuff,"Retail Sales Associate, Bellingham, #599","Bellingham, WA",,,https://jobs.lever.co/gopuff/7dcb536b-0df3-4a05-81ca-eac8351ea4d3,
gopuff,"Retail Sales Associate, Burbank, #498","Burbank, CA",,,https://jobs.lever.co/gopuff/160c29e1-d5e0-49eb-a5ec-8829a0ff1b0b,
gopuff,"Retail Sales Associate, Burlingame, #512","Burlingame, CA",,,https://jobs.lever.co/gopuff/3d04bbc7-2d1c-4492-a2db-e296603a28f1,
gopuff,"Retail Sales Associate, Camarillo, #1442","Camarillo, CA",,,https://jobs.lever.co/gopuff/c43488ed-e2c0-42ec-a3f4-e03277088b19,
gopuff,"Retail Sales Associate, Canoga Park, #452","Canoga Park, CA",,,https://jobs.lever.co/gopuff/3d1425b9-10cd-41fd-9f0b-1471a24c4a37,
gopuff,"Retail Sales Associate, Capitola, #785","Capitola, CA",,,https://jobs.lever.co/gopuff/10188840-1b01-44c0-8b2f-de0793dee884,
gopuff,"Retail Sales Associate, Carlsbad, #1452","Carlsbad, CA",,,https://jobs.lever.co/gopuff/dc377f93-f1bd-451a-bf25-f637e2a33ab4,
gopuff,"Retail Sales Associate, Carmel Mountain, #447","San Diego, CA",,,https://jobs.lever.co/gopuff/a6a6542a-0137-4c53-8230-594b987801da,
gopuff,"Retail Sales Associate, Carmel, #1434","Carmel, CA",,,https://jobs.lever.co/gopuff/8d4a25d1-5643-4b5a-acba-fcd2f65f4b87,
gopuff,"Retail Sales Associate, Chandler, #451","Chandler, AZ",,,https://jobs.lever.co/gopuff/6d00a858-e788-4202-9eee-139b7385d7db,
gopuff,"Retail Sales Associate, Chico, #1020","Chico, CA",,,https://jobs.lever.co/gopuff/b9178793-66f3-4700-b344-00dc02ad7e47,
gopuff,"Retail Sales Associate, Chino, #409","Chino, CA",,,https://jobs.lever.co/gopuff/bc4d4485-05f6-40ca-b772-98479bc3442f,
gopuff,"Retail Sales Associate, City of Industry, #499","City of Industry, CA",,,https://jobs.lever.co/gopuff/7bda3bf6-a1ec-4a3e-922a-8ed22e58c3f0,
gopuff,"Retail Sales Associate, Clovis, #417","Clovis,CA",,,https://jobs.lever.co/gopuff/dd30c8a3-6009-4196-821f-da05852e17f8,
gopuff,"Retail Sales Associate, Colma","Colma, CA",,,https://jobs.lever.co/gopuff/6867a708-837c-4164-b032-918d57ff5a3b,
gopuff,"Retail Sales Associate, Colma, #405","Colma, CA",,,https://jobs.lever.co/gopuff/ffd025db-f00b-4b14-9f44-9af79e7ff0d9,
gopuff,"Retail Sales Associate, Costa Mesa, #441","Costa Mesa, CA",,,https://jobs.lever.co/gopuff/9b87d1c9-c3b6-4200-ae68-d091aeb6cf1a,
gopuff,"Retail Sales Associate, Culver City, #423","Culver City, CA",,,https://jobs.lever.co/gopuff/7f93c392-0cf2-4d2c-aac6-7ea2633f2c5b,
gopuff,"Retail Sales Associate, Cypress, #453","Cypress, CA",,,https://jobs.lever.co/gopuff/b4059e74-f773-4196-b195-4b64b1effdf2,
gopuff,"Retail Sales Associate, Dana Point","Dana Point, CA",,,https://jobs.lever.co/gopuff/0d700227-5146-4f5b-94a1-130822c03c04,
gopuff,"Retail Sales Associate, Dana Point, #1444","Dana Point, CA",,,https://jobs.lever.co/gopuff/1f4cd3ff-6804-4757-879d-444165446485,
gopuff,"Retail Sales Associate, Danville, #487","Danville, CA",,,https://jobs.lever.co/gopuff/10ba6e69-5b2a-436b-8785-b2d113af682d,
gopuff,"Retail Sales Associate, East Pasadena, #454","Los Angeles, CA",,,https://jobs.lever.co/gopuff/c02c1596-2d41-4e4f-ae21-c716d5604a83,
gopuff,"Retail Sales Associate, East Vancouver, #594","Vancouver, WA",,,https://jobs.lever.co/gopuff/117ef090-52e3-4350-92f8-57762ec066c0,
gopuff,"Retail Sales Associate, El Centro, #1437","El Centro, CA",,,https://jobs.lever.co/gopuff/8cea1646-275c-4568-8d1e-35737fd88372,
gopuff,"Retail Sales Associate, Elk Grove, #421","Elk Grove, CA",,,https://jobs.lever.co/gopuff/9e7fe1d4-d7e0-43fc-a4cf-087b4e6067ce,
gopuff,"Retail Sales Associate, Emeryville","Emeryville, CA",,,https://jobs.lever.co/gopuff/f59045b5-435b-452f-88d2-ceca632c399b,
gopuff,"Retail Sales Associate, Emeryville, #485","Emeryville, CA",,,https://jobs.lever.co/gopuff/7c0d6437-2909-45be-9a9a-6b9c5e58c702,
gopuff,"Retail Sales Associate, Encinitas","Encinitas, CA",,,https://jobs.lever.co/gopuff/7670025f-8840-421e-9e1e-248b18a33582,
gopuff,"Retail Sales Associate, Encinitas, #483","Encinitas, CA",,,https://jobs.lever.co/gopuff/538b351b-9f28-41f1-ad89-4eca7047f3e9,
gopuff,"Retail Sales Associate, Encino, #491","Encino, CA",,,https://jobs.lever.co/gopuff/ef247986-7b89-4cb6-9b10-631a972287c7,
gopuff,"Retail Sales Associate, Eureka, #1438","Eureka, Ca",,,https://jobs.lever.co/gopuff/3f296d5f-d14a-4b9b-9bc7-a10b27006642,
gopuff,"Retail Sales Associate, Fairfield, #520","Fairfield, CA",,,https://jobs.lever.co/gopuff/1b6ae8c7-bec0-4a00-a538-d2e061885277,
gopuff,"Retail Sales Associate, Folsom, #1453","Folsom, CA",,,https://jobs.lever.co/gopuff/242957ae-439a-49ac-be82-c0399d89ded5,
gopuff,"Retail Sales Associate, Fresno, #470","Fresno, CA",,,https://jobs.lever.co/gopuff/e0cc29a4-56d4-48ac-9fe9-5b9fb83a76f0,
gopuff,"Retail Sales Associate, Gilroy, #778","Gilroy, CA",,,https://jobs.lever.co/gopuff/c374ed38-3173-45cb-9755-8dd629ab638e,
gopuff,"Retail Sales Associate, Glendale, #495","Glendale, CA",,,https://jobs.lever.co/gopuff/5beea0a0-4436-4ab6-9327-f46f03f20550,
gopuff,"Retail Sales Associate, Glendora, #455","San Dimas, CA",,,https://jobs.lever.co/gopuff/3dee98e9-fe6a-473e-ac10-c9eebc012a1f,
gopuff,"Retail Sales Associate, Goleta, #518","Goleta, CA",,,https://jobs.lever.co/gopuff/7a1f7c31-b2f5-4da2-a4f4-066d290d4f3a,
gopuff,"Retail Sales Associate, Goodyear, #412","Goodyear, AZ",,,https://jobs.lever.co/gopuff/801d6d3e-d44f-4a0f-9a95-b61eb8492128,
gopuff,"Retail Sales Associate, Happy Valley, #475","Phoenix, AZ",,,https://jobs.lever.co/gopuff/862b46eb-32b0-4497-86a3-7cc21d68cd6e,
gopuff,"Retail Sales Associate, Huntington Beach, #442","Huntington Beach, CA",,,https://jobs.lever.co/gopuff/0760c532-9e3d-45a3-b002-8e2f254c85dd,
gopuff,"Retail Sales Associate, Irvine","Irvine, CA",,,https://jobs.lever.co/gopuff/e8e91dcc-c182-4034-9741-2d9e39dc76b0,
gopuff,"Retail Sales Associate, Irvine, #440","Irvine, CA",,,https://jobs.lever.co/gopuff/c2b52a30-90ba-4757-bea1-c3bdaa710233,
gopuff,"Retail Sales Associate, Issaquah","Issaquah, WA",,,https://jobs.lever.co/gopuff/0b94bda8-58ec-4c1c-aefd-23a1462da3cd,
gopuff,"Retail Sales Associate, Issaquah, #600","Issaquah, WA",,,https://jobs.lever.co/gopuff/89cbb062-a72e-4fb0-b922-8f1ad948041f,
gopuff,"Retail Sales Associate, La Cienega","La Cienega, CA",,,https://jobs.lever.co/gopuff/be23c9d2-3355-4e3a-b007-cea5d68d92a7,
gopuff,"Retail Sales Associate, La Cienega, #786","La Cienega, CA",,,https://jobs.lever.co/gopuff/56f617a0-ab0c-4a91-a738-77453d7ba0c9,
gopuff,"Retail Sales Associate, La Jolla","San Diego, CA",,,https://jobs.lever.co/gopuff/5195e701-c27d-40cc-955f-638b1cc348fd,
gopuff,"Retail Sales Associate, La Jolla, #1016","San Diego, CA",,,https://jobs.lever.co/gopuff/7b18766e-103a-4a35-97f1-f6d0a5c3c873,
gopuff,"Retail Sales Associate, La Mesa, #404","La Mesa, CA",,,https://jobs.lever.co/gopuff/88680d41-1971-471c-94dc-200fac68f641,
gopuff,"Retail Sales Associate, Ladera Ranch, #489","Ladera Ranch, CA",,,https://jobs.lever.co/gopuff/9a78146e-b406-4ce5-beca-371e49653ac1,
gopuff,"Retail Sales Associate, Lafayette, #1448","Lafayette, CA",,,https://jobs.lever.co/gopuff/78b71c12-e479-4e0a-8fd5-0824312630b7,
gopuff,"Retail Sales Associate, Laguna Niguel, #516","Laguna Niguel, CA",,,https://jobs.lever.co/gopuff/b7ae2b1e-48be-4ee9-90e5-6c5ce339ba52,
gopuff,"Retail Sales Associate, Lake Forest, #474","Lake Forest, CA",,,https://jobs.lever.co/gopuff/8184864c-1bc3-41e3-8131-3dcd99d83d8d,
gopuff,"Retail Sales Associate, Lakewood, #505","Lakewood, CA",,,https://jobs.lever.co/gopuff/92941977-fa08-48b3-a5d5-ff9be2af7cfe,
gopuff,"Retail Sales Associate, Livermore, #1445","Livermore, CA",,,https://jobs.lever.co/gopuff/24b018f0-b5f6-4c1d-9d9d-513589a4c1e9,
gopuff,"Retail Sales Associate, Lodi, #1450","Lodi, CA",,,https://jobs.lever.co/gopuff/f9ed28b3-81b8-458f-a17a-c23d47b2240a,
gopuff,"Retail Sales Associate, Los Altos, #1019","Los Altos, CA",,,https://jobs.lever.co/gopuff/93a2799f-f29f-47d5-90b1-57369c5d1d0e,
gopuff,"Retail Sales Associate, Los Angeles","Los Angeles, CA",,,https://jobs.lever.co/gopuff/f5674d03-32f9-42c2-a61d-7140a910a574,
gopuff,"Retail Sales Associate, Los Gatos, #1476","Los Gatos, CA",,,https://jobs.lever.co/gopuff/717c9c4c-6b1d-45cb-af32-0d75cb8b4ef1,
gopuff,"Retail Sales Associate, Manhattan Beach, #429","Manhattan Beach, CA",,,https://jobs.lever.co/gopuff/63cbe8f9-066b-4329-a771-4e20238580cf,
gopuff,"Retail Sales Associate, Marina Del Rey, #507","Marina Del Rey, CA",,,https://jobs.lever.co/gopuff/d93db36b-8df9-4670-804a-766e9f1fa27a,
gopuff,"Retail Sales Associate, Menlo Park","Menlo Park, CA",,,https://jobs.lever.co/gopuff/eb9cad10-4e2d-4ad1-945a-80f29a73db6c,
gopuff,"Retail Sales Associate, Menlo Park, #521","Menlo Park, CA",,,https://jobs.lever.co/gopuff/3b1b8d21-7374-4b86-a4f8-141365af19c1,
gopuff,"Retail Sales Associate, Milpitas, #400","Milpitas, CA",,,https://jobs.lever.co/gopuff/6ce36a4b-03da-470e-aa79-fafee07fc07c,
gopuff,"Retail Sales Associate, Mission Valley North, #1456","San Diego, CA",,,https://jobs.lever.co/gopuff/6a4d43f5-ae6e-443a-bfd1-3ec852445ea5,
gopuff,"Retail Sales Associate, Mission Valley, #501","San Diego, CA",,,https://jobs.lever.co/gopuff/3e385da2-6847-4bc4-9693-3e2337733c2d,
gopuff,"Retail Sales Associate, Modesto, #784","Modesto, CA",,,https://jobs.lever.co/gopuff/fe659798-d5c1-4ae4-a84a-da460b28d228,
gopuff,"Retail Sales Associate, Moreno Valley, #444","Moreno Valley, CA",,,https://jobs.lever.co/gopuff/b66d9dbb-04c7-4707-b392-5c099f6b6cb1,
gopuff,"Retail Sales Associate, Murrieta, #517","Murrieta, CA",,,https://jobs.lever.co/gopuff/91b9ebfc-2ab6-4f01-8ad9-d971331ef7f4,
gopuff,"Retail Sales Associate, Napa","Napa, CA",,,https://jobs.lever.co/gopuff/fc3d058e-7a81-4e98-9877-19f775edadf3,
gopuff,"Retail Sales Associate, Napa, #1451","Napa, CA",,,https://jobs.lever.co/gopuff/9a3d6287-7a04-4786-868a-230b864d4286,
gopuff,"Retail Sales Associate, Oceanside, #413","Oceanside, CA",,,https://jobs.lever.co/gopuff/aedd102c-1d4e-4d9d-a86a-c5086f208ed7,
gopuff,"Retail Sales Associate, Orange County","Orange County, CA",,,https://jobs.lever.co/gopuff/be854d2a-08d0-4945-9c39-9acd6bf747f8,
gopuff,"Retail Sales Associate, Orange, #408","Orange, CA",,,https://jobs.lever.co/gopuff/cefca8e9-75b3-468d-9f59-d5fa4336e52f,
gopuff,"Retail Sales Associate, Orinda","Orinda, CA",,,https://jobs.lever.co/gopuff/148f62ae-131e-4ad9-9eac-b7fb13e0aa91,
gopuff,"Retail Sales Associate, Orinda, #490","Orinda, CA",,,https://jobs.lever.co/gopuff/7f8fe191-6ab6-4998-8189-0ce1df52448c,
gopuff,"Retail Sales Associate, Palm Springs, #1152","Palm Springs, CA",,,https://jobs.lever.co/gopuff/7c22fba0-a9c3-43e4-bd7a-9ad532b0e21f,
gopuff,"Retail Sales Associate, Palmdale, #439","Palmdale, CA",,,https://jobs.lever.co/gopuff/1e0a7559-ccfa-4cf6-a8c9-cb4af7ede4fe,
gopuff,"Retail Sales Associate, Pasadena, #416","Pasadena, CA",,,https://jobs.lever.co/gopuff/363042d9-3d30-42c6-915d-817750aa9e36,
gopuff,"Retail Sales Associate, Paso Robles, #1449","Paso Robles, CA",,,https://jobs.lever.co/gopuff/ea9e123a-a844-461e-a0e0-53a6226228b2,
gopuff,"Retail Sales Associate, Peoria, #590","Peoria, AZ",,,https://jobs.lever.co/gopuff/7ad9a2fa-8787-4fce-97ee-75acda14943e,
gopuff,"Retail Sales Associate, Petaluma, #1436","Petaluma, CA",,,https://jobs.lever.co/gopuff/3971da98-ee53-47ca-8632-3d11808e7e0f,
gopuff,"Retail Sales Associate, Pinole","Pinole, CA",,,https://jobs.lever.co/gopuff/f3ccd8b0-1d3a-4970-b07f-375ae24ef1a8,
gopuff,"Retail Sales Associate, Pinole, #461","Pinole, CA",,,https://jobs.lever.co/gopuff/125da0be-7f03-414e-aa0a-c60702c95803,
gopuff,"Retail Sales Associate, Pleasanton, #482","Pleasanton, CA",,,https://jobs.lever.co/gopuff/f93be953-95bb-469f-a9b1-552bc72b1e69,
gopuff,"Retail Sales Associate, Point Loma, #446","San Diego, CA",,,https://jobs.lever.co/gopuff/07dd84fc-5c6d-4dc3-9ff1-278d0333b598,
gopuff,"Retail Sales Associate, Rancho San Diego, #1443","El Cajon, CA",,,https://jobs.lever.co/gopuff/e8029b65-ed37-457b-b58b-1e6a57c58587,
gopuff,"Retail Sales Associate, Rancho-Cucamonga, #468","Rancho Cucamonga, CA",,,https://jobs.lever.co/gopuff/b54782cf-ecea-43c1-b565-49aa035a3c0c,
gopuff,"Retail Sales Associate, Redding, #777","Redding, CA",,,https://jobs.lever.co/gopuff/edc07bf7-15e4-48cf-922d-9d72ceb0056c,
gopuff,"Retail Sales Associate, Redlands, #472","Redlands, CA",,,https://jobs.lever.co/gopuff/fa8f4e79-4f81-428b-aa2c-c388ebebd413,
gopuff,"Retail Sales Associate, Redmond","Redmond, WA",,,https://jobs.lever.co/gopuff/295ac19a-752f-449f-9ff3-656b14e31357,
gopuff,"Retail Sales Associate, Redmond, #595","Redmond, WA",,,https://jobs.lever.co/gopuff/8a164aea-9c80-4088-9bd4-f3e994a7c80e,
gopuff,"Retail Sales Associate, Redondo Beach, #1447","Torrance, CA",,,https://jobs.lever.co/gopuff/15eeddd3-51b7-400d-a45b-c6a5e88e1696,
gopuff,"Retail Sales Associate, Redwood-City, #1441","Redwood City, CA",,,https://jobs.lever.co/gopuff/4ffe073d-35ef-4bb1-8ecc-df2c5d4cc0f2,
gopuff,"Retail Sales Associate, Riverbank, #519","Riverbank, CA",,,https://jobs.lever.co/gopuff/ac9379c0-416d-4bec-b95c-d5372596f3ec,
gopuff,"Retail Sales Associate, Riverside, #1440","Riverside, CA",,,https://jobs.lever.co/gopuff/73adafcd-3754-4246-bcef-33b5b51a4916,
gopuff,"Retail Sales Associate, Rolling Hills, #415","Torrance, CA",,,https://jobs.lever.co/gopuff/5b993abe-fc19-49e9-b463-0bad4504ac48,
gopuff,"Retail Sales Associate, Roseville Fairway","Roseville, CA",,,https://jobs.lever.co/gopuff/c56d388a-d653-4639-868d-167c4645c6fb,
gopuff,"Retail Sales Associate, Roseville Fairway, #471","Roseville, CA",,,https://jobs.lever.co/gopuff/5104c18d-2c1a-46ca-8f5c-fec1982cd4bc,
gopuff,"Retail Sales Associate, Roseville, #494","Roseville, CA",,,https://jobs.lever.co/gopuff/d339b25d-adc4-4e19-b2e4-87b36f54bb1d,
gopuff,"Retail Sales Associate, Sacramento Arden, #437","Sacramento, CA",,,https://jobs.lever.co/gopuff/90625849-42c5-43ce-acb3-bcf51be236bd,
gopuff,"Retail Sales Associate, Sacramento Natomas, #466","Sacramento, CA",,,https://jobs.lever.co/gopuff/529f06c0-d6e3-41ae-a161-cf4e0c65e4e2,
gopuff,"Retail Sales Associate, San Bruno, #1446","San Bruno, CA",,,https://jobs.lever.co/gopuff/2aa1e8fa-7d14-464f-8e7d-29ebbf0dd16c,
gopuff,"Retail Sales Associate, San Diego","San Diego, CA",,,https://jobs.lever.co/gopuff/5a218d04-5503-4745-b3d0-9cd95689332e,
gopuff,"Retail Sales Associate, San Francisco","San Francisco, CA",,,https://jobs.lever.co/gopuff/315b6dca-6814-406d-8a7c-1b21a614d918,
gopuff,"Retail Sales Associate, San Francisco Geary, #504","San Francisco, CA",,,https://jobs.lever.co/gopuff/d0b79f69-4abe-46db-899d-1256d85673ac,
gopuff,"Retail Sales Associate, San Jose - Blossom Hill, #459","San Jose, CA",,,https://jobs.lever.co/gopuff/a4d4dfd8-5978-4d2a-bd23-d144f0addaf1,
gopuff,"Retail Sales Associate, San Jose-West Gate, #464","San Jose, CA",,,https://jobs.lever.co/gopuff/c889dfa8-c43c-4596-9bb1-7b0bdbf9927c,
gopuff,"Retail Sales Associate, San Leandro, #497","San Leandro, CA",,,https://jobs.lever.co/gopuff/d4549a09-67ed-4032-b5c5-b649347cc4d7,
gopuff,"Retail Sales Associate, San Luis Obispo, #492","San Luis Obispo,	CA",,,https://jobs.lever.co/gopuff/0c7068d6-439f-4cc5-9044-ee476d005275,
gopuff,"Retail Sales Associate, San Mateo, #496","San Mateo, CA",,,https://jobs.lever.co/gopuff/f43b8283-65a0-43b5-8908-96fef32e9822,
gopuff,"Retail Sales Associate, San Rafael","San Rafael, CA",,,https://jobs.lever.co/gopuff/ddc0e7f2-be7a-46d8-943f-45d73509dfd5,
gopuff,"Retail Sales Associate, San Rafael, #450","San Rafael, CA",,,https://jobs.lever.co/gopuff/e59ac9e4-b5b5-4d4a-b585-43cc2234c4fa,
gopuff,"Retail Sales Associate, San Ramon, #488","San Ramon, CA",,,https://jobs.lever.co/gopuff/ed7aae04-213a-4fcd-a150-3bd2950fa347,
gopuff,"Retail Sales Associate, Santa Clara, #407","Santa Clara, CA",,,https://jobs.lever.co/gopuff/4cf67d35-a5e4-46c0-b295-03acb3a31aef,
gopuff,"Retail Sales Associate, Santa Clarita, #515","Santa Clarita, CA",,,https://jobs.lever.co/gopuff/5d862bf7-40f1-4005-8c3a-95b149a5ec6e,
gopuff,"Retail Sales Associate, Santa Maria, #398","Santa Maria, CA",,,https://jobs.lever.co/gopuff/22fdb859-6480-451e-a68f-0fbde4274ed4,
gopuff,"Retail Sales Associate, Santa Rosa, #402","Santa Rosa, CA",,,https://jobs.lever.co/gopuff/22f2c1c2-eec4-4e3e-a076-530f344b21e0,
gopuff,"Retail Sales Associate, Santa-Barbara","Santa Barbara, CA",,,https://jobs.lever.co/gopuff/11930016-db91-4de6-b96b-fadb0e44bd67,
gopuff,"Retail Sales Associate, Santa-Barbara, #510","Santa Barbara, CA",,,https://jobs.lever.co/gopuff/1808941a-4292-42f7-a758-53fbe7b6b5d8,
gopuff,"Retail Sales Associate, Santee, #418","Santee, CA",,,https://jobs.lever.co/gopuff/8cd09768-0bc9-4f9d-ac4f-d7aafad1e07b,
gopuff,"Retail Sales Associate, Scottsdale, #411","Scottsdale, AZ",,,https://jobs.lever.co/gopuff/f219e630-1c44-4081-ab84-f3366454f6b5,
gopuff,"Retail Sales Associate, Seattle","Seattle, WA",,,https://jobs.lever.co/gopuff/25c58e58-feb7-45e9-8368-6d5ffcbfcfec,
gopuff,"Retail Sales Associate, Silverdale, #593","Silverdale, WA",,,https://jobs.lever.co/gopuff/fc96d3ba-9c1a-444b-b499-50463f76e6b2,
gopuff,"Retail Sales Associate, Simi Valley, #465","Simi Valley, CA",,,https://jobs.lever.co/gopuff/fb806fa3-04d0-4c4c-b6a7-a129274c2057,
gopuff,"Retail Sales Associate, Solana Beach, #1454","Solana-Beach, CA",,,https://jobs.lever.co/gopuff/88e3ebfe-0cfc-402f-8724-929c2e7f02ef,
gopuff,"Retail Sales Associate, South Lake Tahoe","South Lake Tahoe, CA",,,https://jobs.lever.co/gopuff/31d2a27c-a72e-45c8-9281-dfa88f67d248,
gopuff,"Retail Sales Associate, South Lake Tahoe, #782","South Lake Tahoe, CA",,,https://jobs.lever.co/gopuff/414ea544-1fb7-462e-adcb-feb9cdf15c52,
gopuff,"Retail Sales Associate, Stockton, #467","Stockton, CA",,,https://jobs.lever.co/gopuff/521373f0-7613-47e2-a8d8-ca51c48bd048,
gopuff,"Retail Sales Associate, Studio City, #500","Studio City, CA",,,https://jobs.lever.co/gopuff/767d2514-0d4b-49ea-9fa5-2e88a682928b,
gopuff,"Retail Sales Associate, Tacoma, #410","Tacoma, WA",,,https://jobs.lever.co/gopuff/894178c9-447f-4d30-8fae-0e81754d6c1f,
gopuff,"Retail Sales Associate, Temecula, #780","Temecula, CA",,,https://jobs.lever.co/gopuff/628e4c28-32fb-4b89-9feb-792341070da7,
gopuff,"Retail Sales Associate, Thousand-Oaks, #1117","Thousand Oaks, CA",,,https://jobs.lever.co/gopuff/ac8770aa-b08b-4225-832c-33a9743ecdbb,
gopuff,"Retail Sales Associate, Torrance, #462","Torrance, CA",,,https://jobs.lever.co/gopuff/293609ba-626f-4976-97cc-99c198f56d06,
gopuff,"Retail Sales Associate, Tracy, #1021","Tracy, CA",,,https://jobs.lever.co/gopuff/ca4eb678-75c9-4afc-87c9-972f3610f8ce,
gopuff,"Retail Sales Associate, Tucson-Broadway, #448","Tucson, AZ",,,https://jobs.lever.co/gopuff/2eb267d1-85af-4175-b304-263eec483bc1,
gopuff,"Retail Sales Associate, Tukwila","Tukwila, WA",,,https://jobs.lever.co/gopuff/f97fd538-f380-40e0-944a-c290c0dbfa03,
gopuff,"Retail Sales Associate, Tukwila, #596","Tukwila, WA",,,https://jobs.lever.co/gopuff/9743b11a-2e83-4c30-9776-7c543007adde,
gopuff,"Retail Sales Associate, Turlock, #425","Turlock, CA",,,https://jobs.lever.co/gopuff/790baa61-73e0-4be0-981a-3efb9547d0d6,
gopuff,"Retail Sales Associate, Upland North, #783","Upland, CA",,,https://jobs.lever.co/gopuff/f24c2e85-b7a6-4352-9d00-77728e9f9b11,
gopuff,"Retail Sales Associate, Upland South, #422","Upland, CA",,,https://jobs.lever.co/gopuff/53ad3410-2018-4386-a557-7ac6beaa2230,
gopuff,"Retail Sales Associate, Vacaville, #779","Vacaville, CA",,,https://jobs.lever.co/gopuff/cdab905c-e20e-4bab-9d72-109148d33fff,
gopuff,"Retail Sales Associate, Valencia, #781","Valencia, CA",,,https://jobs.lever.co/gopuff/5783a64e-f6d2-44e5-9533-0028c6a98f72,
gopuff,"Retail Sales Associate, Van Nuys, #438","Van Nuys, CA",,,https://jobs.lever.co/gopuff/0c0647c0-5691-42cf-8ba0-d786cbc2cb1c,
gopuff,"Retail Sales Associate, Ventura, #460","Ventura, CA",,,https://jobs.lever.co/gopuff/c51cbdc0-ff5e-44c6-b922-4e7b9cd5a18d,
gopuff,"Retail Sales Associate, Visalia, #419","Visalia, CA",,,https://jobs.lever.co/gopuff/c7a7211b-9c05-4089-940d-fc0072e2551e,
gopuff,"Retail Sales Associate, Vista","Vista, CA",,,https://jobs.lever.co/gopuff/093c0e3a-c0c1-4689-8fe8-6d4e2454b925,
gopuff,"Retail Sales Associate, Vista, #1017","Vista, CA",,,https://jobs.lever.co/gopuff/864ad86d-d6fe-45c5-8b37-b6bfbfe130f3,
gopuff,"Retail Sales Associate, Walnut Creek, #514","Walnut Creek, CA",,,https://jobs.lever.co/gopuff/bb829fae-25bc-42af-8509-d63d82f1e42a,
gopuff,"Retail Sales Associate, West Covina, #414","West Covina, CA",,,https://jobs.lever.co/gopuff/14413fdf-dd18-4c0e-8c1e-a9caccaa0260,
gopuff,"Retail Sales Associate, Westwood, #659","Los Angeles, CA",,,https://jobs.lever.co/gopuff/50cfa968-3a19-4a7c-abd0-0ffb4a93e0b0,
gopuff,"Retail Sales Associate, Whittier, #426","Whittier, CA",,,https://jobs.lever.co/gopuff/4479320b-72f4-4991-9d3b-a957b62eee6b,
gopuff,"Retail Sales Associates, Anaheim Hills, #420","Anaheim Hills, CA",,,https://jobs.lever.co/gopuff/cb68010e-e890-456e-a064-4f94380cca40,
gopuff,"Retail Sales Associates, Chula Vista, #509","Chula Vista, CA",,,https://jobs.lever.co/gopuff/e561e73a-3716-4eed-b4fa-c446887c5d67,
gopuff,"Retail Sales Associates, Citrus Heights, #435","Citrus Heights, CA",,,https://jobs.lever.co/gopuff/cd0e49b3-b8fb-40c7-bed3-f77f252cb176,
gopuff,"Retail Sales Associates, Corona, #473","Corona, CA",,,https://jobs.lever.co/gopuff/6f2b3642-c18e-48b5-ba17-8f519708273d,
gopuff,"Retail Sales Associates, Escondido, #463","Escondido, CA",,,https://jobs.lever.co/gopuff/e87d4d01-c170-451d-9fcd-7145c95dedcc,
gopuff,"Retail Sales Associates, Fremont, #458","Fremont, CA",,,https://jobs.lever.co/gopuff/7cb035ef-74f9-4354-801a-ff6b25456928,
gopuff,"Retail Sales Associates, Glendale, #443","Glendale, AZ",,,https://jobs.lever.co/gopuff/9061cf16-9972-4ea3-877f-de055fa8b517,
gopuff,"Retail Sales Associates, Greenbrae","Greenbrae, CA",,,https://jobs.lever.co/gopuff/74edc34c-0e3c-4bfe-822c-a9af9ffa3061,
gopuff,"Retail Sales Associates, Greenbrae, #511","Greenbrae, CA",,,https://jobs.lever.co/gopuff/b452c0b6-8d18-4e4c-a3ce-14724c374ccc,
gopuff,"Retail Sales Associates, La Quinta, #456","La Quinta, CA",,,https://jobs.lever.co/gopuff/3b8e7b41-5936-4525-a296-4e79f581d465,
gopuff,"Retail Sales Associates, Long Beach, #503","Long Beach, CA",,,https://jobs.lever.co/gopuff/a97f18bd-8481-4f37-911c-7d3fd4eeae54,
gopuff,"Retail Sales Associates, Mira Loma #1118","Mira Loma, CA",,,https://jobs.lever.co/gopuff/0cb2d787-bc5e-40fb-83cd-6a49cf3ad5bc,
gopuff,"Retail Sales Associates, Mira Mesa, #401","San Diego, CA",,,https://jobs.lever.co/gopuff/ecbe9032-5a45-4cff-818d-47e86120c661,
gopuff,"Retail Sales Associates, Novato","Novato, CA",,,https://jobs.lever.co/gopuff/7f2868d8-af79-400f-befe-2fa45e0c2a7c,
gopuff,"Retail Sales Associates, Novato, #1119","Novato, CA",,,https://jobs.lever.co/gopuff/f1328362-2e0d-4d3d-b7a5-0b53e8fa5243,
gopuff,"Retail Sales Associates, Oakland","Oakland, CA",,,https://jobs.lever.co/gopuff/0e6362da-6f14-4ab1-a631-9ff8e9793b2c,
gopuff,"Retail Sales Associates, Oakland, #403","Oakland, CA",,,https://jobs.lever.co/gopuff/d5a5f8a9-e775-40b0-875a-91f9641b77ba,
gopuff,"Retail Sales Associates, Rancho Santa Margarita, #1439","Rancho Santa Margarita, CA",,,https://jobs.lever.co/gopuff/a3119699-8021-49f3-9950-434ab6b73cdb,
gopuff,"Retail Sales Associates, Sacramento-Midtown, #445","Sacramento, CA",,,https://jobs.lever.co/gopuff/0f6b38c3-14be-4c3e-bf54-0605484300a2,
gopuff,"Retail Sales Associates, Salinas, #424","Salinas, CA",,,https://jobs.lever.co/gopuff/bd303575-2221-4056-8329-844365f56b56,
gopuff,"Retail Sales Associates, San Jose","San Jose, CA",,,https://jobs.lever.co/gopuff/2bc7605f-a95d-49d3-ac6d-2e89893fd6ff,
gopuff,"Retail Sales Associates, San Jose Willow Glen, #506","San Jose, CA",,,https://jobs.lever.co/gopuff/140eec87-e02a-41d1-932f-dc98dca8dc34,
gopuff,"Retail Sales Associates, San Ramon","San Ramon, CA",,,https://jobs.lever.co/gopuff/8256eb92-2f57-41dd-af69-4c44a850c5ff,
gopuff,"Retail Sales Associates, San-Francisco-Van-Ness","San Francisco, CA",,,https://jobs.lever.co/gopuff/ec42a17c-1852-4140-9ba2-7185587a0135,
gopuff,"Retail Sales Associates, San-Francisco-Van-Ness, #434","San Francisco, CA",,,https://jobs.lever.co/gopuff/77163538-56bb-4d73-b482-f46b43f0bbcc,
gopuff,"Retail Sales Associates, Santa Monica","Santa Monica, CA",,,https://jobs.lever.co/gopuff/a360d0f1-8bd1-4a7c-a980-06fe6697cf89,
gopuff,"Retail Sales Associates, Santa Monica, #427","Santa Monica, CA",,,https://jobs.lever.co/gopuff/0cd11438-78b3-4d09-b91e-82e021123f5f,
gopuff,"Retail Sales Associates, Scottsdale","Scottsdale, AZ",,,https://jobs.lever.co/gopuff/e9bd089f-db85-4150-852d-fa045661347c,
gopuff,"Retail Sales Associates, Sunnyvale, #436","Sunnyvale, CA",,,https://jobs.lever.co/gopuff/c7b77c55-d1bb-4df8-8d35-1befe9354cf0,
gopuff,"Retail Sales Associates, Walnut Creek","Walnut Creek, CA",,,https://jobs.lever.co/gopuff/c1d4517d-f399-484f-ac99-9a2946651423,
gopuff,"Retail Sales Associates, Walnut Creek, #406","Walnut Creek, CA",,,https://jobs.lever.co/gopuff/e2f51f96-ad6c-4ddd-941e-59d829fa3fb5,
gopuff,"Retail Sales Associates, West Hollywood","West Hollywood, CA",,,https://jobs.lever.co/gopuff/859108e4-a99b-4910-a729-1bfa4a634c01,
gopuff,"Retail Sales Associates, West Hollywood, #457","West Hollywood, CA",,,https://jobs.lever.co/gopuff/0f903419-f926-4004-8512-e62acc24e2c6,
gopuff,"Retail Sales Associates, West Los Angeles, #508","Los Angeles, CA",,,https://jobs.lever.co/gopuff/48c4a41f-90c7-468e-9a79-8aacef4735ce,
gopuff,"Retail Sales Floor Leader, Anaheim-Hills, #420","Anaheim Hills, CA",,,https://jobs.lever.co/gopuff/8aa0d9f1-ca57-41bd-9720-65a14c97bd55,
gopuff,"Retail Sales Floor Leader, Carmel, #1434","Carmel, CA",,,https://jobs.lever.co/gopuff/e0ca42a8-261d-474e-8656-2a91232d62fc,
gopuff,"Retail Sales Floor Leader, Dana Point, #1444","Dana Point, CA",,,https://jobs.lever.co/gopuff/3551f2d6-49d4-4e42-89c5-2ba10afe9081,
gopuff,"Retail Sales Floor Leader, Danville, #487","Danville, CA",,,https://jobs.lever.co/gopuff/aa6e5c7b-2e41-48e1-8e33-b4a8933e0099,
gopuff,"Retail Sales Floor Leader, Goleta, #518","Goleta, CA",,,https://jobs.lever.co/gopuff/b2402539-a125-46f4-9634-72614ce1f831,
gopuff,"Retail Sales Floor Leader, Goodyear, #412","Goodyear, AZ",,,https://jobs.lever.co/gopuff/b4f670be-1e57-49f2-af0f-934bdb61ab96,
gopuff,"Retail Sales Floor Leader, La Jolla, #1016","La Jolla, CA",,,https://jobs.lever.co/gopuff/ff9f775c-1aca-4691-ac43-c3ee1d962a13,
gopuff,"Retail Sales Floor Leader, La Quinta, #456","La Quinta, CA",,,https://jobs.lever.co/gopuff/5d7831fd-5484-4771-886a-600ada51446c,
gopuff,"Retail Sales Floor Leader, Lafayette, #1448","Lafayette, CA",,,https://jobs.lever.co/gopuff/ad60b7f1-a948-4fbf-b8c7-7dae6f8002fb,
gopuff,"Retail Sales Floor Leader, Laguna Niguel, #516","Laguna Niguel, CA",,,https://jobs.lever.co/gopuff/a4c27a24-a918-4623-8a8b-1fac7184061e,
gopuff,"Retail Sales Floor Leader, Lodi, #1450","Lodi, CA",,,https://jobs.lever.co/gopuff/0d920edd-5371-4e77-98ee-f8983282039d,
gopuff,"Retail Sales Floor Leader, Manhattan Beach, #429","Manhattan Beach, CA",,,https://jobs.lever.co/gopuff/b68bafb6-c2c1-437d-a7aa-a7109a9be94b,
gopuff,"Retail Sales Floor Leader, Oakland, #403","Oakland, CA",,,https://jobs.lever.co/gopuff/d824ef75-2153-4cd9-8268-38087e0f43b4,
gopuff,"Retail Sales Floor Leader, Palmdale, #439","Palmdale, CA",,,https://jobs.lever.co/gopuff/e85213a5-d2e3-4505-860c-4e7ca3596cbb,
gopuff,"Retail Sales Floor Leader, Point Loma, #446","Point Loma, CA",,,https://jobs.lever.co/gopuff/502f9357-fe99-4e93-8888-8a94818e99a5,
gopuff,"Retail Sales Floor Leader, Rancho Santa Margarita, #1439","Rancho Santa Margarita, CA",,,https://jobs.lever.co/gopuff/68f32927-3e70-43bf-94e3-604eca6ab7ab,
gopuff,"Retail Sales Floor Leader, Redondo Beach, #1447","Redondo Beach, CA",,,https://jobs.lever.co/gopuff/6299e625-5e9c-45d7-aafa-e3bc209bbc74,
gopuff,"Retail Sales Floor Leader, Rolling Hills, #415","Rolling Hills, CA",,,https://jobs.lever.co/gopuff/b4210331-8974-41e7-84e8-ada51524b97e,
gopuff,"Retail Sales Floor Leader, San Leandro, #497","San Leandro, CA",,,https://jobs.lever.co/gopuff/c2d6f07e-c25a-4b79-a530-9c6486aaf710,
gopuff,"Retail Sales Floor Leader, San-Francisco-Van-Ness, #434","San Francisco, CA",,,https://jobs.lever.co/gopuff/c1411b21-c739-457c-9548-a0e6c12b632f,
gopuff,"Retail Sales Floor Leader, Santa Rosa, #402","Santa Rosa, CA",,,https://jobs.lever.co/gopuff/0a27de94-3199-42df-b761-fa273ca1da50,
gopuff,"Retail Sales Floor Leader, Santa-Clara, #407","Santa Clara, CA",,,https://jobs.lever.co/gopuff/f272401c-35f4-476c-97fe-d52362ec1779,
gopuff,"Retail Sales Floor Leader, Silverdale, #593","Silverdale, WA",,,https://jobs.lever.co/gopuff/bfe34aa8-034d-4437-a5dd-c80870c10d51,
gopuff,"Retail Sales Floor Leader, Studio City, #500","Studio City, CA",,,https://jobs.lever.co/gopuff/29fd0345-f096-4fb7-9cff-f163d0f277b9,
gopuff,"Retail Sales Floor Leader, Tacoma, #410","Tacoma, WA",,,https://jobs.lever.co/gopuff/c8a5b8fd-38c8-4c25-9e45-d556208d70fa,
gopuff,"Retail Sales Floor Leader, Tukwila, #596","Tukwila, WA",,,https://jobs.lever.co/gopuff/d70753c4-993a-4851-b741-33fc558bbe51,
gopuff,"Retail Sales Floor Leader, Valencia, #781","Valencia, CA",,,https://jobs.lever.co/gopuff/afeca9a1-d0c9-4104-aab3-250158c60f72,
gopuff,"Retail Sales Floor Leader, West Hollywood, #457","West Hollywood, CA",,,https://jobs.lever.co/gopuff/5d8ad3f9-b8d3-4c16-a7fb-cac4abc0aa0c,
gopuff,"Retail Store Manager I, Redwood City #1441","Redwood City, CA",,,https://jobs.lever.co/gopuff/885542e1-724a-4279-9c8d-884b5eb025c3,
gopuff,"Retail Store Manager I, San Jose Metro","San Jose, CA",,,https://jobs.lever.co/gopuff/3b33da5c-5863-471f-992c-b93580433b50,
gopuff,"Retail Store Manager I, Santa-Barbara, #510","Santa Barbara, CA",,,https://jobs.lever.co/gopuff/a573baea-9621-4ba3-9393-e4cee24b0669,
gopuff,"Retail Store Manager I, Vacaville, #779","Vacaville, CA",,,https://jobs.lever.co/gopuff/1c3627ce-291b-4968-ae27-b0b57034563d,
gopuff,"Retail Store Manager II, Fresno, #470","Fresno, CA",,,https://jobs.lever.co/gopuff/49f11d82-034c-4086-a2da-25618e15665e,
gopuff,"Retail Store Manager III, Antioch, #428","Antioch, CA",,,https://jobs.lever.co/gopuff/2f29193f-cc11-446a-8b6d-b652014078f9,
gopuff,"Retail Store Manager III, Sacramento Midtown, #445","Sacramento, CA",,,https://jobs.lever.co/gopuff/b78c5f4f-c15c-4d52-995b-d2e3f2175aa1,
gopuff,"Retail Store Manager, New York City Metro","New York, NY",,,https://jobs.lever.co/gopuff/01cc4a85-ad75-4c02-8239-62c9af7f65b4,
gopuff,Seasonal Operations Associate - Distribution Center,"Richmond, CA",,,https://jobs.lever.co/gopuff/c4bb6beb-3cbf-4b57-a4a3-8362aa215f7d,
gopuff,"Seasonal Retail Sales Associate, Antioch, #428","Antioch, CA",,,https://jobs.lever.co/gopuff/7c14b816-4213-40bd-94f0-dd0a24123b15,
gopuff,"Seasonal Retail Sales Associate, Bakersfield, #469","Bakersfield, CA",,,https://jobs.lever.co/gopuff/a46ddc99-8c48-42ed-b8ba-652f3a05d4be,
gopuff,"Seasonal Retail Sales Associate, Ballard, #523","Ballard, WA",,,https://jobs.lever.co/gopuff/78d3b945-fcee-4c8e-8074-d8626cd9f084,
gopuff,"Seasonal Retail Sales Associate, Bayshore, #399","San Francisco, CA",,,https://jobs.lever.co/gopuff/d265faff-9383-4a5f-aebf-19c944e52413,
gopuff,"Seasonal Retail Sales Associate, Bellevue, #598","Bellevue, WA",,,https://jobs.lever.co/gopuff/15537af8-7296-4a5e-85b2-89516ed80ca2,
gopuff,"Seasonal Retail Sales Associate, Burbank, #498","Burbank, CA",,,https://jobs.lever.co/gopuff/3a7ea3e4-4ea8-414d-a897-a65bd4ec5990,
gopuff,"Seasonal Retail Sales Associate, Burlingame, #512","Burlingame, CA",,,https://jobs.lever.co/gopuff/a929f748-26ff-43df-b3f3-3bbcdda7c60f,
gopuff,"Seasonal Retail Sales Associate, Camarillo, #1442","Camarillo, CA",,,https://jobs.lever.co/gopuff/ef75c530-7476-44ab-a80a-537a874e7667,
gopuff,"Seasonal Retail Sales Associate, Carmel, #1434","Carmel, CA",,,https://jobs.lever.co/gopuff/afbd85b2-4366-4d6a-aa2a-2fb7d60aafd0,
gopuff,"Seasonal Retail Sales Associate, Chandler, #451","Chandler, AZ",,,https://jobs.lever.co/gopuff/37deb670-064b-4c5d-8760-7f406a4c40db,
gopuff,"Seasonal Retail Sales Associate, Chico, #1020","Chico, CA",,,https://jobs.lever.co/gopuff/2047898c-c662-4e06-9dd5-43fbfe897e10,
gopuff,"Seasonal Retail Sales Associate, City of Industry, #499","City of Industry, CA",,,https://jobs.lever.co/gopuff/ce43347d-45be-4851-92f5-56c59951b4db,
gopuff,"Seasonal Retail Sales Associate, Costa Mesa, #441","Costa Mesa, CA",,,https://jobs.lever.co/gopuff/9836de8a-bc01-437f-ae0b-21bafb21e7f2,
gopuff,"Seasonal Retail Sales Associate, East Vancouver, #594","Vancouver, WA",,,https://jobs.lever.co/gopuff/937fdd6c-fc98-4c3b-8229-1ada8f4370cb,
gopuff,"Seasonal Retail Sales Associate, Eureka, #1438","Eureka, Ca",,,https://jobs.lever.co/gopuff/d9d4fca6-e555-4c9b-96ed-e79ff78870ae,
gopuff,"Seasonal Retail Sales Associate, Goleta, #518","Goleta, CA",,,https://jobs.lever.co/gopuff/7cf60c7b-655c-4850-8b28-7c557b534491,
gopuff,"Seasonal Retail Sales Associate, Happy Valley, #475","Happy Valley, AZ",,,https://jobs.lever.co/gopuff/bce8d6f6-a601-4693-a531-98a170c0d66c,
gopuff,"Seasonal Retail Sales Associate, La Mesa, #404","La Mesa, CA",,,https://jobs.lever.co/gopuff/27604f8e-5f0e-4f15-ac8b-002a55774a3f,
gopuff,"Seasonal Retail Sales Associate, Lakewood, #505","Lakewood, CA",,,https://jobs.lever.co/gopuff/18ea400f-3950-4175-b21a-c854427d8fea,
gopuff,"Seasonal Retail Sales Associate, Los Altos, #1019","Los Altos, CA",,,https://jobs.lever.co/gopuff/19064284-3dd5-4f17-9221-e154625c2af7,
gopuff,"Seasonal Retail Sales Associate, Manhattan Beach, #429","Manhattan Beach, CA",,,https://jobs.lever.co/gopuff/c4794a95-ff9e-47d1-bc52-d328ca128854,
gopuff,"Seasonal Retail Sales Associate, Menlo Park, #521","Menlo Park, CA",,,https://jobs.lever.co/gopuff/9c762ec4-c68f-43b8-a3e3-0ae3ab7166bf,
gopuff,"Seasonal Retail Sales Associate, Moreno Valley, #444","Moreno Valley, CA",,,https://jobs.lever.co/gopuff/da20b9a5-833c-4ac8-870e-ffee6429ce5b,
gopuff,"Seasonal Retail Sales Associate, Murrieta, #517","Murrieta, CA",,,https://jobs.lever.co/gopuff/000247f6-62f4-4095-8911-76faec6a0ff2,
gopuff,"Seasonal Retail Sales Associate, Oceanside, #413","Oceanside, CA",,,https://jobs.lever.co/gopuff/b8c8bf52-4a54-4d18-8703-4224be8f53e2,
gopuff,"Seasonal Retail Sales Associate, Orange, #408","Orange, CA",,,https://jobs.lever.co/gopuff/79ad3222-fe91-4b7d-9bb3-e78b0516d13e,
gopuff,"Seasonal Retail Sales Associate, Orinda, #490","Orinda, CA",,,https://jobs.lever.co/gopuff/bf3337b4-537d-4d4e-87f0-e06c83edc973,
gopuff,"Seasonal Retail Sales Associate, Paso Robles, #1449","Paso Robles, CA",,,https://jobs.lever.co/gopuff/652224d9-41b0-4500-a3c6-f12120763eff,
gopuff,"Seasonal Retail Sales Associate, Pleasanton, #482","Pleasanton, CA",,,https://jobs.lever.co/gopuff/a5e5ed96-bf2c-4a8f-a55c-30bb37088318,
gopuff,"Seasonal Retail Sales Associate, Point Loma, #446","San Diego, CA",,,https://jobs.lever.co/gopuff/c16aeb4e-a725-4360-866d-8a05d0f5ec76,
gopuff,"Seasonal Retail Sales Associate, Redlands, #472","Redlands, CA",,,https://jobs.lever.co/gopuff/a194d106-c028-41d2-9819-d483f95f9a23,
gopuff,"Seasonal Retail Sales Associate, Redmond, #595","Redmond, WA",,,https://jobs.lever.co/gopuff/df4a31d8-ca28-4f8c-b488-3862ddcc7ad8,
gopuff,"Seasonal Retail Sales Associate, Roseville Fairway, #471","Roseville, CA",,,https://jobs.lever.co/gopuff/8d27596d-268d-4f55-9ddf-debf0268246d,
gopuff,"Seasonal Retail Sales Associate, San Rafael, #450","San Rafael, CA",,,https://jobs.lever.co/gopuff/285eab27-e3dd-40b8-bb1c-cb1e493aaff4,
gopuff,"Seasonal Retail Sales Associate, South Lake Tahoe, #782","South Lake Tahoe, CA",,,https://jobs.lever.co/gopuff/90214daa-459e-457e-a8e8-e9f2fdceafdd,
gopuff,"Seasonal Retail Sales Associate, Stockton, #467","Stockton, CA",,,https://jobs.lever.co/gopuff/b5826bd8-0f5d-4ec4-a8f8-41acd9151139,
gopuff,"Seasonal Retail Sales Associate, Tacoma, #410","Tacoma, WA",,,https://jobs.lever.co/gopuff/b426fa69-4389-4a68-a51f-c31630e09541,
gopuff,"Seasonal Retail Sales Associate, Temecula, #780","Temecula, CA",,,https://jobs.lever.co/gopuff/580b6584-66e0-4dc9-92a9-b94d5d62c7ea,
gopuff,"Seasonal Retail Sales Associate, Tucson-Broadway, #448","Tucson, AZ",,,https://jobs.lever.co/gopuff/9ad84ca9-3bbe-4ead-8b08-8bfb0361755e,
gopuff,"Seasonal Retail Sales Associate, Tukwila, #596","Tukwila, WA",,,https://jobs.lever.co/gopuff/8ff7adfe-edfb-4d44-bd07-d8b0c62d5136,
gopuff,"Seasonal Retail Sales Associate, Turlock, #425","Turlock, CA",,,https://jobs.lever.co/gopuff/890f525f-40dd-4dba-8724-7e7183e232df,
gopuff,"Seasonal Retail Sales Associate, Ventura, #460","Ventura, CA",,,https://jobs.lever.co/gopuff/cdf4a262-fb75-4185-b959-88f6bd239f07,
gopuff,"Seasonal Retail Sales Associate, Walnut Creek, #514","Walnut Creek, CA",,,https://jobs.lever.co/gopuff/236694cd-19a2-47ee-a72b-ad99fb584501,
gopuff,"Seasonal Retail Sales Associate, West Covina, #414","West Covina, CA",,,https://jobs.lever.co/gopuff/5081dfc1-d22b-4d07-b750-8a857ff0d673,
gopuff,"Seasonal Retail Sales Associates, Chula Vista, #509","Chula Vista, CA",,,https://jobs.lever.co/gopuff/bf49a44a-2807-48e0-bc8c-b51ac2523df2,
gopuff,"Seasonal Retail Sales Associates, Citrus Heights, #435","Citrus Heights, CA",,,https://jobs.lever.co/gopuff/1c1f759c-f649-4777-beb4-b18b88dfd083,
gopuff,"Seasonal Retail Sales Associates, Fremont, #458","Fremont, CA",,,https://jobs.lever.co/gopuff/cbc8b12f-78f1-43f0-aebe-eaae92946b4c,
gopuff,"Seasonal Retail Sales Associates, Mira Loma #1118","Mira Loma, CA",,,https://jobs.lever.co/gopuff/c654f84d-4f02-4c89-abbd-e047508acb3e,
gopuff,"Seasonal Retail Sales Associates, Mira Mesa, #401","San Diego, CA",,,https://jobs.lever.co/gopuff/ce9e32d2-24dc-48b9-ae20-8983b1b17a7d,
gopuff,"Seasonal Retail Sales Associates, Oakland, #403","Oakland, CA",,,https://jobs.lever.co/gopuff/1647c186-f211-49a7-9204-fff79d19c784,
gopuff,"Seasonal Retail Sales Associates, Rancho Santa Margarita, #1439","Rancho Santa Margarita, CA",,,https://jobs.lever.co/gopuff/79f70b0f-2718-487b-a2bf-73ac266e40e5,
gopuff,"Seasonal Retail Sales Associates, Sacramento-Midtown, #445","Sacramento, CA",,,https://jobs.lever.co/gopuff/1b6564cf-16a3-4acd-8a8b-bcddf8bf61ef,
gopuff,"Seasonal Retail Sales Associates, San-Francisco-Van-Ness, #434","San Francisco, CA",,,https://jobs.lever.co/gopuff/b6ea948c-8856-499b-9ea8-bd74e08257a6,
gopuff,"Seasonal Retail Sales Associates, Walnut Creek, #406","Walnut Creek, CA",,,https://jobs.lever.co/gopuff/bf7f305c-f4f7-448f-9127-e0300792a68e,
gopuff,Senior Data Engineer,"Philadelphia, PA",,,https://jobs.lever.co/gopuff/b5754303-6dea-4053-a3ce-a0bf8cb06f80,
gopuff,"Senior Manager, Data & Analytics Engineering","Philadelphia, PA",,,https://jobs.lever.co/gopuff/bad14f06-37c5-4825-b9d2-e2d7033fcf71,
gopuff,Senior Principal Software Engineer,United States,,,https://jobs.lever.co/gopuff/700d1236-c4db-4349-aff7-1cf6273b4751,
gopuff,"Shift Supervisor - Lead Barista, Starbucks, Brooklyn, #554","Brooklyn, NY",,,https://jobs.lever.co/gopuff/9a79a3a9-6a38-48ff-ac78-49673b23f747,
gopuff,"Shift Supervisor - Lead Barista, Starbucks, Grays Ferry, #1463","Philadelphia, PA",,,https://jobs.lever.co/gopuff/17b31c1c-b3f2-4566-94d1-4da7689c91b4,
gopuff,"Shift Supervisor - Lead Barista, Starbucks, Lansdowne, #384","Lansdowne, PA",,,https://jobs.lever.co/gopuff/8eb23629-faef-4724-abaa-7193d6a26beb,
gopuff,"Shift Supervisor - Lead Barista, Starbucks, Lower East Side, #880","New York, NY",,,https://jobs.lever.co/gopuff/78e672ee-2a33-4251-bcb8-263afc82f715,
gopuff,"Shift Supervisor - Lead Barista, Starbucks, Miami, #183","Miami, FL",,,https://jobs.lever.co/gopuff/41727e76-9f64-404d-8722-36082a7453e7,
gopuff,"Shift Supervisor - Lead Barista, Starbucks, New York, #807","Manhattan, NY",,,https://jobs.lever.co/gopuff/ca21672b-0c95-4c0b-a41e-ee25b3e84592,
gopuff,"Shift Supervisor - Lead Barista, Starbucks, New York, #839","Manhattan, NY",,,https://jobs.lever.co/gopuff/58e12110-da99-48e6-85ac-d2bfd81a429e,
gopuff,"Shift Supervisor - Lead Barista, Starbucks, Woodlyn, #625","Woodlyn, PA",,,https://jobs.lever.co/gopuff/54020755-5406-4844-a0b3-b3fcca8511de,
gopuff,Site Leader - Fern Valley,"Louisville, KY",,,https://jobs.lever.co/gopuff/acb46d9c-4c73-454c-b334-2a4fcc218805,
gopuff,"Site Leader I, Charlotte, #1348","Charlotte, NC",,,https://jobs.lever.co/gopuff/6fec4603-9f2c-4e1f-b8f1-c256a7a5a11b,
gopuff,"Site Leader I, Philadelphia Metro","Philadelphia, PA",,,https://jobs.lever.co/gopuff/3eab68a0-6098-4587-b5a1-2456a7de9fb4,
gopuff,"Site Leader I, Richmond Metro","Richmond, VA",,,https://jobs.lever.co/gopuff/958f1114-1cf8-4a5a-a6f0-e02afded3fc1,
gopuff,"Site Leader, Covington, #928","Covington, KY",,,https://jobs.lever.co/gopuff/6c1aff63-4364-4028-8552-a615c198b814,
gopuff,"Site Leader, Louisville, #947","Louisville, KY",,,https://jobs.lever.co/gopuff/3b39d1a3-16db-484f-a135-4aa6104a3f7e,
gopuff,"Site Manager, Bronx, #637","Bronx, NY",,,https://jobs.lever.co/gopuff/e64bd25d-af22-49f1-b2ac-90c7a1c5119d,
gopuff,"Site Manager, Dallas, #156","Dallas, TX",,,https://jobs.lever.co/gopuff/4beb508b-aa4a-49e9-93c9-1d1a85711e6c,
gopuff,"Site Manager, Henrico, #821","Henrico, VA",,,https://jobs.lever.co/gopuff/a3b469f0-3e07-4e61-81d1-d0096fd1dbdf,
gopuff,"Site Manager, Stamford, #203","Stamford, CT",,,https://jobs.lever.co/gopuff/699a3bb0-0161-4d46-beca-f29dbb1ca148,
gopuff,"Starbucks Barista, Grays Ferry, #1463","Philadelphia, PA",,,https://jobs.lever.co/gopuff/b357c58c-af51-4926-b4f8-586d2f0f733b,
gopuff,"Starbucks Barista, Northern Liberties/Callowhill, #670","Philadelphia, PA",,,https://jobs.lever.co/gopuff/d7e088a6-bffa-40cc-ad99-0bb931c711a4,
gopuff,"Starbucks Barista, Philadelphia, #176","Philadelphia, PA",,,https://jobs.lever.co/gopuff/9aa178f1-ff82-4210-a0d2-236bc42685f8,
gopuff,"Starbucks Barista, Philadelphia, #30","Philadelphia, PA",,,https://jobs.lever.co/gopuff/19ce7944-e3b0-4905-a349-aa59cf75366e,
gopuff,"Starbucks Cafe Manager, Philadelphia","Philadelphia, PA",,,https://jobs.lever.co/gopuff/b9d9b3e6-ff40-445d-a59f-e4fbc5fbc094,
gopuff,"Starbucks Operations Associate, Barista, Shady Side, #371","Pittsburgh, PA",,,https://jobs.lever.co/gopuff/4c161330-2242-43e8-a54e-6f3c31eba132,
gopuff,Store Associate - 3rd Street,"Covington, KY",,,https://jobs.lever.co/gopuff/23ae130a-0950-4833-98f5-75a689e8c8e1,
gopuff,Store Associate - Bashford Manor,"Louisville, KY",,,https://jobs.lever.co/gopuff/f3bba364-d9f1-435e-bf5a-4d44001d04ea,
gopuff,Store Associate - Beaumont,"Lexington, KY",,,https://jobs.lever.co/gopuff/b36e50a5-7168-48b7-ae1a-c9aba00f4f79,
gopuff,Store Associate - Bowling Green,"Bowling Green, KY",,,https://jobs.lever.co/gopuff/64bd78e1-60fd-46a8-8fb6-0de0685c1601,
gopuff,Store Associate - Brownsboro Road,"Louisville, KY",,,https://jobs.lever.co/gopuff/12330e13-e3c6-49c6-822f-91fc21441c3b,
gopuff,Store Associate - Chevy Chase,"Lexington, KY",,,https://jobs.lever.co/gopuff/10608659-bb65-43bf-a259-e46dac157ebe,
gopuff,Store Associate - Danville,"Danville, KY",,,https://jobs.lever.co/gopuff/14c18e21-b581-49d0-aec8-f1b6485443ef,
gopuff,Store Associate - Elizabethtown,"Elizabethtown, KY",,,https://jobs.lever.co/gopuff/c51cfd12-e80b-47c9-97bd-a80cca3955a2,
gopuff,Store Associate - Fern Valley,"Louisville, KY",,,https://jobs.lever.co/gopuff/532acf7e-631a-44a1-8d2d-03a1511c9269,
gopuff,Store Associate - Hamburg,"Lexington, KY",,,https://jobs.lever.co/gopuff/cb42f399-3d8f-4d87-82bd-72cd3712e18a,
gopuff,Store Associate - Hurstbourne,"Louisville, KY",,,https://jobs.lever.co/gopuff/3ac6da39-7d05-49dd-8ad8-9a6fb6d4e7d8,
gopuff,Store Associate - Jefferson Commons,"Louisville, KY",,,https://jobs.lever.co/gopuff/fc9e37b8-e06f-4285-aaec-9735e7922d1a,
gopuff,Store Associate - Market Street,"Louisville, KY",,,https://jobs.lever.co/gopuff/cc26becc-af01-45b4-9bdf-3293adb037fd,
gopuff,Store Associate - New Hartford,"Owensboro, KY",,,https://jobs.lever.co/gopuff/24656178-9965-4b5b-a295-b34d56ae8f7c,
gopuff,Store Associate - North Broadway,"Lexington, KY",,,https://jobs.lever.co/gopuff/9db33c79-d032-4f85-9e1f-b8acf0123771,
gopuff,Store Associate - Richmond Road,"Lexington, KY",,,https://jobs.lever.co/gopuff/635adf00-0cf9-4bb9-abde-cd163a679c8d,
gopuff,Store Associate - Russell Street,"Covington, KY",,,https://jobs.lever.co/gopuff/ad77f9c3-3c21-4757-9d2a-92fde06b4520,
gopuff,Store Associate - Springhurst,"Louisville, KY",,,https://jobs.lever.co/gopuff/023e1d7e-c56c-44a7-9c8d-ba4a487b6464,
gopuff,Store Associate - Versailles Road,"Lexington, KY",,,https://jobs.lever.co/gopuff/fa66bda9-b6b4-4e9c-9478-6ad1b03ae1de,
gopuff,Store Associate - West Parrish,"Owensboro, KY",,,https://jobs.lever.co/gopuff/1ed632c1-7966-453a-8ed3-2c82016aea5b,
gopuff,"Store Manager - Retail, Boston","Boston, MA",,,https://jobs.lever.co/gopuff/3e2c89f7-86f8-4ef8-ab60-2b4ef8107134,
plexus,Account Manager,North Carolina (Remote),Go,,https://jobs.lever.co/plexus/b5be8c78-3c0f-4a4d-a97b-5e01fdf7e4ae,"{""Go"": 1}"
plexus,Account Manager,"Melbourne, Victoria",Go,,https://jobs.lever.co/plexus/e5e126b9-6577-4557-8bcf-a119be73bf5e,"{""Go"": 1}"
plexus,Customer Adoption Manager,"Melbourne, Victoria",,,https://jobs.lever.co/plexus/087bf3f5-c1c8-4806-b9f2-cf592e0b2781,
plexus,Expression of Interest,"Melbourne, Victoria",,,https://jobs.lever.co/plexus/809fd9fe-06e0-4f7d-8dd4-a80158f34b71,
plexus,Growth Marketing Manager,"Melbourne, Victoria",,,https://jobs.lever.co/plexus/b34f22a6-e0c2-4803-8373-a7b64fa24d4b,
plexus,Marketing Director,"Melbourne, Victoria",,,https://jobs.lever.co/plexus/8faf2b29-a6af-4c5d-bf4f-4d082f4f3be1,
plexus,Senior Account Executive,"Melbourne, Victoria",Go,,https://jobs.lever.co/plexus/2a14295b-baa3-4f93-99d4-9d819238a51f,"{""Go"": 1}"
plexus,Senior Lawyer,"Melbourne, Victoria",,,https://jobs.lever.co/plexus/392597ff-5651-4371-8aba-e7a3d4bf8ed2,
farfetch,Associate Governance Professional,Porto,,,https://jobs.lever.co/farfetch/2e203c19-d9dc-492d-918c-d9128230548a,
farfetch,Associate Privacy & Legal Project Manager,Porto,,,https://jobs.lever.co/farfetch/e37f3a35-9938-4a68-b220-36fa9d545de0,
farfetch,Business Development Manager,"US New York, New York, United States",,,https://jobs.lever.co/farfetch/f11f5b76-716d-481f-90cc-f2ccd856c35e,
farfetch,Consignment Specialist,"US New York, New York, United States",,,https://jobs.lever.co/farfetch/22c75404-0aff-4d53-8ee7-425153a9ead8,
farfetch,Consignment Specialist,"US New Jersey,  United States, Warehouse",,,https://jobs.lever.co/farfetch/65313d08-8db9-440b-a362-0bfd26ccd45f,
farfetch,Corporate IT Systems Administrator,Porto,,,https://jobs.lever.co/farfetch/be9d5ef0-ca75-46b5-b425-e29df34d1671,
farfetch,CRM Specialist,"UK London, United Kingdom",,,https://jobs.lever.co/farfetch/c152e614-7e51-4cf9-9310-d16fd27414f6,
farfetch,Customer Operations Technician,Porto,,,https://jobs.lever.co/farfetch/250ab113-ff4c-4a5f-8377-53abd2f52cf2,
farfetch,Customer Service Advisor - Portuguese Speaker,"BR São Paulo, São Paulo, Brazil",,,https://jobs.lever.co/farfetch/be68a623-5f1f-44ea-adf1-9b1d30eda356,
farfetch,Customer Service Advisor (Italian Speaker),Porto,,,https://jobs.lever.co/farfetch/1bc679fb-4c2f-408e-be0b-006e9e2d5d4d,
farfetch,Customer Service Advisor (Italian Speaker),"PT Lisboa, Portugal",,,https://jobs.lever.co/farfetch/ed275b9a-a546-40a7-ba00-803f36e0495c,
farfetch,"Data Scientist, Commercial Finance",Porto,,,https://jobs.lever.co/farfetch/b5e640e1-65f9-423b-8817-716d118299a9,
farfetch,Head of Editorial Content & Creative,"UK London, United Kingdom",,,https://jobs.lever.co/farfetch/1dd2ec40-2303-4343-ad0e-975065e6871b,
farfetch,"Head of Procurement – Tech, Fintech and Digital Marketing",Porto,,,https://jobs.lever.co/farfetch/db1a4591-92e8-4ece-805f-36a601af994b,
farfetch,IAM Engineer,Porto,,,https://jobs.lever.co/farfetch/a29966b2-ae49-4fed-9679-e42475969265,
farfetch,Interim Account Manager,Porto,,,https://jobs.lever.co/farfetch/9abfe8cb-c501-4502-ba61-7445b0cb1d9a,
farfetch,Interim Operations Brand Specialist,Porto,,,https://jobs.lever.co/farfetch/c3deb684-8dc6-4095-80eb-a41f16af840e,
farfetch,Interim Technical SEO Specialist,"UK London, United Kingdom",,,https://jobs.lever.co/farfetch/6a0c82e2-6aa0-43db-abcf-98429e38851e,
farfetch,Internal Auditor (SOX),Porto,,,https://jobs.lever.co/farfetch/971d6a08-188c-4699-a28d-b477f36531de,
farfetch,Japanese Customer Service Advisor (1 year Contract),JP Tokyo,,,https://jobs.lever.co/farfetch/7ee34ec1-9697-413c-8432-2f08677367a3,
farfetch,"Machine Learning Engineer, Search and Ranking Systems",Porto,,,https://jobs.lever.co/farfetch/580adb2d-8a20-476e-a2cd-f8112e6de7fb,
farfetch,Operations Business Analyst,Porto,,,https://jobs.lever.co/farfetch/260f685b-3846-460b-b7fd-61eaf76edb06,
farfetch,Personal Shopper,"UK London, United Kingdom, Browns Retail",,,https://jobs.lever.co/farfetch/28a888a3-bfac-414b-993e-ded6da69068d,
farfetch,Pricing & Commercial Analyst,"UK London, United Kingdom",,,https://jobs.lever.co/farfetch/fb22c311-8ea4-4681-845b-3788ba28fd68,
farfetch,Pricing Strategy Analyst,"UK London, United Kingdom",,,https://jobs.lever.co/farfetch/f8a15940-77c2-4760-86c3-dc60b78a5ef4,
farfetch,Private Client Assistant,"US New York, New York, United States",,,https://jobs.lever.co/farfetch/af0376b1-a386-461e-8356-726ac1f0293b,
farfetch,Sales Associate,"US Woodbury, United States, Off-White",Go,,https://jobs.lever.co/farfetch/ac703ffb-809a-4645-be9b-6f15b27d848c,"{""Go"": 1}"
farfetch,SEM Manager,"UK London, United Kingdom",,,https://jobs.lever.co/farfetch/d17db674-bbaf-4e0f-87a3-5275db1c22e9,
farfetch,"Senior Legal Counsel, Regulatory (APAC)","UK London, United Kingdom",,,https://jobs.lever.co/farfetch/517a67fb-5561-4403-9138-4b7adda71265,
farfetch,"Senior Legal Counsel, Regulatory (APAC)",Porto,,,https://jobs.lever.co/farfetch/558cc2dd-7bc8-4300-9b5c-8dbe73f17c40,
farfetch,Senior Reporting & Analytics Analyst,"UK London, United Kingdom",,,https://jobs.lever.co/farfetch/e91e198a-d0f2-4649-8576-143a47934355,
farfetch,VAT Associate,"PT Lisboa, Portugal",,,https://jobs.lever.co/farfetch/79b13a86-bfce-4cce-a4a3-a123c53911b5,
farfetch,VAT Associate,Porto,,,https://jobs.lever.co/farfetch/f08bcb4c-33d1-4ea3-b8e7-7b9a8a6abb05,
farfetch,VAT Senior Associate,"PT Lisboa, Portugal",,,https://jobs.lever.co/farfetch/7000a858-4766-49ef-8673-f31488582a21,
farfetch,VAT Senior Associate,Porto,,,https://jobs.lever.co/farfetch/e7e6b3d7-af7e-4d49-b679-35a41d8b42b7,
farfetch,Warehouse Associate,"US New Jersey,  United States, Warehouse",,,https://jobs.lever.co/farfetch/bd5651a5-45b2-45a7-ade9-4745b25236cb,
shieldai,2026 Summer Intern - Electrical Engineering - (R4099),"Dallas, Texas",,,https://jobs.lever.co/shieldai/9daf1b3d-6d07-41c3-8bf9-f679c58d62f8,
shieldai,"2026 Summer Intern - Hardware Test, Mechanical Engineering (R4067)","Dallas, Texas",,,https://jobs.lever.co/shieldai/b073413a-0adf-40db-bf95-3721b2734531,
shieldai,"2026 Summer Intern - Hardware Test, Software Engineering (R4065)","Dallas, Texas",,,https://jobs.lever.co/shieldai/0ebcc338-59d1-431a-9ac9-ddf85fc4a8bf,
shieldai,2026 Summer Intern - Mechanical Engineering,"Dallas, Texas",,,https://jobs.lever.co/shieldai/9ecc62f2-9b60-4b58-beb3-02eaa0495584,
shieldai,2026 Summer Intern - Propulsion Engineering (X-BAT),"Dallas, Texas",,,https://jobs.lever.co/shieldai/b328bcb2-f1ca-4a9d-a12e-1d39f7e7f8f5,
shieldai,2026 Summer Intern - RF Engineering - (R4101),"Dallas, Texas",,,https://jobs.lever.co/shieldai/2ab7a6a5-e47d-4899-b924-01e6b61f5d88,
shieldai,Accounting Intern - 2026 Summer Intern (R4113),"San Diego, California",,,https://jobs.lever.co/shieldai/d82c22f6-fa9a-4a54-99dc-6ecbc81f0cd5,
shieldai,Advanced Manufacturing Engineering Co-op - Spring 2026 (R4200),"Dallas, Texas",,,https://jobs.lever.co/shieldai/3762affd-63ac-4a32-9223-4eafa43c4a08,
shieldai,Advanced Manufacturing Engineering Intern - 2026 Summer Intern (R4102),"Dallas, Texas",Spring,,https://jobs.lever.co/shieldai/64d9fdbd-2c67-4886-b61a-afd631f27226,"{""Spring"": 1}"
shieldai,AP Specialist,United States,,,https://jobs.lever.co/shieldai/b95961b5-357c-430d-bcd6-7adddded8d39,
shieldai,Associate Systems Administrator (R3915),"San Francisco, California",,,https://jobs.lever.co/shieldai/2ac5eac8-3df8-4c0a-a463-b682f7ccb6dc,
shieldai,"Autonomy Engineer, Navigation (R4171)","San Diego, California","C++, Linux",,https://jobs.lever.co/shieldai/d4c14f3f-bf86-4592-9f50-7155f81fa1b9,"{""C++"": 1, ""Linux"": 1}"
shieldai,"Autonomy Engineer, Planning (R2879)",United States,,,https://jobs.lever.co/shieldai/771ef1c9-1cc8-4766-84a7-aa0696634990,
shieldai,Aviation Safety Officer (R4177),"Dallas, Texas",,,https://jobs.lever.co/shieldai/97ffd34d-83ad-4e4c-9e70-af9066c3ff06,
shieldai,Business Development Associate (R3956),Riyadh,,,https://jobs.lever.co/shieldai/b0e2409c-8e03-413c-ab23-5a6a0aa2eab6,
shieldai,Business Development Manager,New Delhi,,,https://jobs.lever.co/shieldai/a255acce-59cb-40df-bef3-4753e8687f75,
shieldai,"Business Development Manager, Japan",Tokyo,,,https://jobs.lever.co/shieldai/6d6a32da-b985-45ea-adc2-1e67d4791f5a,
shieldai,"Business Development Manager, Saudi Arabia",Riyadh,,,https://jobs.lever.co/shieldai/adb5864a-938a-4d24-8163-264f0ab2d5b2,
shieldai,"Business Development Manager, Southern Europe",Rome,,,https://jobs.lever.co/shieldai/784ce119-ebf2-4188-ae4e-95bf4adb25af,
shieldai,"Business Development Manager, Taiwan (R4049)",Taipei,,,https://jobs.lever.co/shieldai/92a187a8-f340-4396-ab3f-65cd6422b28d,
shieldai,Business Operations Manager,Oslo,,,https://jobs.lever.co/shieldai/d95ce729-b714-42b0-9840-4fd8e785e04f,
shieldai,Chief Engineer - Launch & Recovery Vehicle (R4033),"Dallas, Texas",,,https://jobs.lever.co/shieldai/220070f5-236a-4492-92a8-66dc5b7ceda6,
shieldai,"Chief Engineer, Autonomy (R3900)","Washington, DC",,,https://jobs.lever.co/shieldai/144f5cec-7d0c-40eb-99b9-dd6f89fa7a91,
shieldai,"Chief Engineer, Autonomy (R3954)",London,,,https://jobs.lever.co/shieldai/dd795a91-7317-44ea-8197-caf6266eb8f8,
shieldai,Communications Intern - 2026 Summer Intern (R4109),"Washington, DC",,,https://jobs.lever.co/shieldai/a6b7d285-851f-4b22-a211-1423161397de,
shieldai,"Country Manager,  Norway",Oslo,,,https://jobs.lever.co/shieldai/2db7519e-c72d-4fbf-bf07-8a437c513c4f,
shieldai,"Curriculum Manager, Next Gen Aircraft (R4178)","Dallas, Texas",,,https://jobs.lever.co/shieldai/08c7814f-16aa-4606-88fc-4da9fa19198a,
shieldai,Customer Success Manager (R3710),"Washington, DC",,,https://jobs.lever.co/shieldai/fd938d01-0807-4cf1-95df-5dd97b0faf21,
shieldai,Data Analyst Intern - 2026 Summer Intern,"Dallas, Texas",,,https://jobs.lever.co/shieldai/d00348c2-18a8-4580-a084-be602d455fcf,
shieldai,Director of Accounting (R3451),United States,,,https://jobs.lever.co/shieldai/3a91409c-a83b-44de-8d1a-3b3b5a966dae,
shieldai,"Director of Business Development, X-BAT",Munich,Go,,https://jobs.lever.co/shieldai/14f83ee4-4097-4dc2-95c5-624ea35a3332,"{""Go"": 1}"
shieldai,"Director of Government Relations, Asia (R4185)",Taipei,,,https://jobs.lever.co/shieldai/0ed45876-6c5f-449b-9d6d-03e2dfb383b0,
shieldai,Director of Product Management,London,,,https://jobs.lever.co/shieldai/671bdb32-77fd-4059-a4c3-7c171768e1a3,
shieldai,"Director, Autonomy Applications Engineering (R3988)","San Diego, California",,,https://jobs.lever.co/shieldai/60989f83-b507-420c-a3b7-00d4a4d64d26,
shieldai,"Director, Solutions Engineering (R4159)","San Diego, California",,,https://jobs.lever.co/shieldai/a718bbcf-fbf6-4aa0-8e2d-4d63cebeb3c6,
shieldai,Edge Application Software Lead,Melbourne,,,https://jobs.lever.co/shieldai/8d4f5ac5-f887-453f-977a-aaa1569646ac,
shieldai,Electrical Engineer I (R4192) (SD),"San Diego, California",,,https://jobs.lever.co/shieldai/1b229cdc-9a0b-4704-b39b-b3b4c6e3fa89,
shieldai,Electrical Engineer I (R4193) (TX),"Dallas, Texas",,,https://jobs.lever.co/shieldai/c9321f8a-b367-4dcb-9308-bd64ae6bac1d,
shieldai,Electrical Engineer I (R4194) (BOS),"Boston, MA",,,https://jobs.lever.co/shieldai/37fa20c1-57dc-4aa1-9515-ecc87f22f31b,
shieldai,Electrical Engineer II - Power (R3932),"Dallas, Texas",,,https://jobs.lever.co/shieldai/622ee448-5ab3-4b2e-b20b-1fff995cbc45,
shieldai,Electrical Engineering Fall Co-op (June 2026),"Dallas, Texas",,,https://jobs.lever.co/shieldai/7b4e2234-fa9a-4945-8a20-0c16d176c702,
shieldai,Electrical Quality Engineer (R3530),"Dallas, Texas",,,https://jobs.lever.co/shieldai/44c749e3-ccfe-49df-8a97-a1c02f89aaeb,
shieldai,Electrical Test & Rapid Prototype Engineer (R4000),"Dallas, Texas",Python,,https://jobs.lever.co/shieldai/94ff0a13-1092-4df5-9009-9d4dc8e4e16f,"{""Python"": 1}"
shieldai,"Embedded Engineering Spring 2026 Co-Op (Dallas, TX)","Dallas, Texas",,,https://jobs.lever.co/shieldai/f216e041-2f9e-40d0-b93d-68ec1ec5a396,
shieldai,Embedded Software Engineering Intern - 2026 Summer Intern,"Dallas, Texas","Python, C++",,https://jobs.lever.co/shieldai/84ed6c2d-a904-4459-9ddb-254561df2439,"{""Python"": 1, ""C++"": 1}"
shieldai,"Engineer I, GNC (R4003)","Dallas, Texas",,,https://jobs.lever.co/shieldai/cd2f9868-4cc6-4128-a26c-414f3a4f2551,
shieldai,"Engineer II, Full Stack Software - Autonomy Tooling & Visualization (R4125)","San Diego, California",,,https://jobs.lever.co/shieldai/78f39483-2390-4de0-9417-2f51c6e47985,
shieldai,"Engineer II/Senior Engineer, Systems Test  (R3255)","Washington, DC",,,https://jobs.lever.co/shieldai/5f5c9935-f2f7-42a8-a515-55bc2f806931,
shieldai,"Engineer, State Estimation (Dallas/San Diego/Boston/ DC/ San Fran)","Dallas, Texas",,,https://jobs.lever.co/shieldai/133ad6aa-d624-4fad-b1cc-1f8f42d0401f,
shieldai,"Engineer, State Estimation (Dallas/San Diego/Boston/ DC/ San Fran)","Dallas, Texas",,,https://jobs.lever.co/shieldai/78ce0ef3-2a6d-4b7f-a31e-3bf70c9da82a,
shieldai,"Engineer, State Estimation (Dallas/San Diego/Boston/ DC/ San Fran) (R3945)","Dallas, Texas",,,https://jobs.lever.co/shieldai/133e1006-4bcd-4a31-afaf-c85ad113b749,
shieldai,Executive Assistant,New Delhi,,,https://jobs.lever.co/shieldai/3c790f34-f7c5-45b5-8b49-b0ab94b48f6c,
shieldai,Facilities Coordinator (R3916),"San Francisco, California",,,https://jobs.lever.co/shieldai/cd4fa4f4-bf76-4d99-96bf-d7316e2ddc89,
shieldai,Facilities Technician (R3842),"Dallas, Texas",,,https://jobs.lever.co/shieldai/5cf6b4d2-842f-4859-a4d0-b79c7dfb2e23,
shieldai,Field Applications Engineer (R4163),Lviv,,,https://jobs.lever.co/shieldai/9850f6f3-03ad-4db6-b634-5c6c22d90aa8,
shieldai,Fleet Support Specialist (R3917),"Dallas, Texas",,,https://jobs.lever.co/shieldai/c5aebd46-f976-42ca-9d0a-e76684701a02,
shieldai,"Flight Test Engineer, VBAT Hivemind (R4009)","Dallas, Texas",,,https://jobs.lever.co/shieldai/763700d9-d3f2-4f7e-87cf-ccab1e53b4e4,
shieldai,"Flight Test Engineer, XBAT (R4004)",Wichita Metro Area,,,https://jobs.lever.co/shieldai/379b704a-82e6-4386-934a-5d99a9560792,
shieldai,Flight Test Engineering Intern - 2026 Summer Intern,"Dallas, Texas",Spring,,https://jobs.lever.co/shieldai/7daf3d20-9653-4909-8b4b-8da1c063cf13,"{""Spring"": 1}"
shieldai,Flight Test Engineering Manager,"Dallas, Texas",,,https://jobs.lever.co/shieldai/eecc7166-bc38-4808-a3ab-44bf0ec96302,
shieldai,FSR Supervisor (R4215),"Dallas, Texas",,,https://jobs.lever.co/shieldai/27c06754-7ef2-448c-974d-912e5c9602d2,
shieldai,Fuel Systems Engineer (R3300) (X-BAT),"Dallas, Texas",,,https://jobs.lever.co/shieldai/9a6944c7-f448-45bd-a272-09c94d2faa80,
shieldai,Ground Control Station (GCS) Software Engineer,"Dallas, Texas",,,https://jobs.lever.co/shieldai/cf148e69-2ca0-4bfd-a4cc-af214bfcce8a,
shieldai,Hardware Test Engineering Fall Co-op (Mechanical) (June 2026),"Dallas, Texas",,,https://jobs.lever.co/shieldai/b3e9f8bb-42dc-4daa-80ae-c5cefd9855c7,
shieldai,Hardware Test Engineering Fall Co-op (Software) (June 2026),"Dallas, Texas",,,https://jobs.lever.co/shieldai/1c1a805c-7e26-4442-9698-a55a57bcd4e0,
shieldai,Hardware Test Engineering Spring Co-op (Electrical) (January 2026),"Dallas, Texas",,,https://jobs.lever.co/shieldai/1e518847-3017-4098-9a77-f2e035509af3,
shieldai,Hivemind Integration & Operations Engineer (R4164),Lviv,,,https://jobs.lever.co/shieldai/2182e0f0-d20e-471a-b77e-d192d8c68f06,
shieldai,Hivemind Solutions Architect (R3836),"Washington, DC",,,https://jobs.lever.co/shieldai/0757ee68-f8c4-46bb-b737-45cf9b6ff9f7,
shieldai,Information Systems Security Officer (ISSO) (R3980),"Washington, DC",,,https://jobs.lever.co/shieldai/8ac58338-bb97-46e6-b3fc-c29e6fcc9ec0,
shieldai,"Inspector 3, Quality Engineering (R3967)","Dallas, Texas",,,https://jobs.lever.co/shieldai/7888b3f8-c4b2-48b5-b2d7-90dd6a929fa7,
shieldai,"Integration & Test Engineering Spring 2026 Co-Op (Dallas, TX)","Dallas, Texas",,,https://jobs.lever.co/shieldai/510e75c8-20c6-4eb3-8aba-6e2ffaedd9d3,
shieldai,"Lead Engineer, XBAT Software Integration & Test (R3696)","Dallas, Texas",,,https://jobs.lever.co/shieldai/489f01c3-1704-4316-add4-c375f6e929ed,
shieldai,"Lead Software Test Engineer, XBAT (R3696)","Dallas, Texas",,,https://jobs.lever.co/shieldai/96e29345-0983-46ed-bf6b-6b33ccf8420c,
shieldai,Lead Survivability Engineer (Dallas) (R4030),"Dallas, Texas",,,https://jobs.lever.co/shieldai/0ea1cea2-6bb5-40e9-a3ca-c9ab45498454,
shieldai,"Lead, Strategy & Operations (R3864)","Dallas, Texas",,,https://jobs.lever.co/shieldai/ca460f45-c2f4-4b58-bfd3-dd6a2cfdccf8,
shieldai,Logistics Manager,Kyiv,,,https://jobs.lever.co/shieldai/b0b5ef5b-68fa-4413-b79f-e67ec61ee493,
shieldai,"Manager, Autonomy Applications Engineering (R3722)","San Diego, California",,,https://jobs.lever.co/shieldai/0087e786-e9cc-4d77-a596-50180c0567bd,
shieldai,"Manager, Autonomy Applications Engineering (R3841)","Washington, DC",,,https://jobs.lever.co/shieldai/6fd834cd-5988-46b5-9418-d61038d2f715,
shieldai,"Manager, Autonomy Applications Engineering (R4154)","Dallas, Texas",,,https://jobs.lever.co/shieldai/72230e8f-9857-4127-905c-f614c4dd8190,
shieldai,"Manager, Electrical Engineering (R4191)","Dallas, Texas",,,https://jobs.lever.co/shieldai/f33a5494-3c49-4a20-a9d2-d8a587fedc6e,
shieldai,"Manager, Trade Compliance (R3757)","San Diego, California",,,https://jobs.lever.co/shieldai/2e064bbf-891a-40e9-b7e8-5536e7ebf15a,
shieldai,Marketing Video Editor Intern - 2026 Summer Intern (R4110),"San Diego, California",,,https://jobs.lever.co/shieldai/a5208a9f-4392-473c-b034-1670c3d0c565,
shieldai,Mission Systems Engineering Co-op (R4071),"San Diego, California",Spring,,https://jobs.lever.co/shieldai/0f9800ed-7967-485a-bd3d-6a6e42d8d581,"{""Spring"": 1}"
shieldai,Mission Systems Engineering Intern - 2026 Summer Intern (R4070),"San Diego, California",Spring,,https://jobs.lever.co/shieldai/00637eb9-c959-424a-8aea-ef6483655973,"{""Spring"": 1}"
shieldai,Multi‑Target Tracking & Sensor Fusion Engineer (R4172),"San Diego, California",C++,,https://jobs.lever.co/shieldai/535676fc-bcbd-4696-a586-25d293e11e72,"{""C++"": 1}"
shieldai,Object Tracking Algorithm Developer (C++) (R3740),United States,C++,,https://jobs.lever.co/shieldai/b9f1b4d1-c536-4a07-b9b5-bc9d719474dd,"{""C++"": 1}"
shieldai,Perception Software Engineer (C++) (R3554),United States,C++,,https://jobs.lever.co/shieldai/99d89eb7-4c3c-4cff-b870-ead4d15823d5,"{""C++"": 1}"
shieldai,Principal Autonomy Engineer,London,,,https://jobs.lever.co/shieldai/29845975-d3f0-448d-be13-003c76281fe6,
shieldai,"Principal Engineer, Full Stack Developer (R3960)","San Diego, California","Python, TypeScript, C++, Go, React",,https://jobs.lever.co/shieldai/55c5676a-8b67-4379-84a8-58f591e351a6,"{""Python"": 1, ""TypeScript"": 1, ""C++"": 1, ""Go"": 1, ""React"": 1}"
shieldai,"Principal Engineer, Software Process, Safety, and Airworthiness Lead (R4029)","Dallas, Texas","C++, Git","Bachelor, PhD",https://jobs.lever.co/shieldai/dbe3b3fa-e32c-43dc-8973-0deec3a7e904,"{""C++"": 1, ""Git"": 1}"
shieldai,"Principal Engineer, State Estimation (Dallas, TX) (R4035)","Dallas, Texas",,,https://jobs.lever.co/shieldai/d7ae4e79-ba9d-47c8-b9f8-5cba7392ba79,
shieldai,Principal Fuel Systems Engineer (R3300) (X-BAT),"Dallas, Texas",,,https://jobs.lever.co/shieldai/0036466f-7c47-42ac-9df4-3485ad0f75e2,
shieldai,Principal Mechanical Design Engineer - Mechanical Systems (R3866),"Dallas, Texas",,,https://jobs.lever.co/shieldai/778b8709-fbeb-45c2-9126-335950cacf7c,
shieldai,Principal Mission Systems Engineer (R3941),"Dallas, Texas",,,https://jobs.lever.co/shieldai/1a2aa3ca-7742-4da0-bc9a-a804a70c8e7a,
shieldai,Principal Operational Analysis Lead,"Washington, DC",,,https://jobs.lever.co/shieldai/b6eb0f75-d7a7-4a60-bf7f-d9b8bc82adb8,
shieldai,Principal Operations Analyst (R3745),"Washington, DC",,,https://jobs.lever.co/shieldai/fd81b4c2-6af6-4543-ae9d-e4fdad5b48b9,
shieldai,"Principal Systems Engineer, Cyber for Edge Systems (R3683)","San Diego, California",,,https://jobs.lever.co/shieldai/af556cd3-f83c-4e5b-aa85-675d5a6edf50,
shieldai,"Product Manager,  AI Platforms (R3865)","San Diego, California",,,https://jobs.lever.co/shieldai/7886f437-2d5e-4616-8dcb-3dc488f1f585,
shieldai,Production Planning Intern - 2026 Summer Intern (R4108),"Dallas, Texas",Spring,,https://jobs.lever.co/shieldai/40ebe675-ed25-45bc-91de-8f23f007690f,"{""Spring"": 1}"
shieldai,Production Technician (R3031),"Dallas, Texas",,,https://jobs.lever.co/shieldai/efe94990-c80b-45b6-949b-71dde71235d2,
shieldai,"Program Manager, VBAT Sustainment (R4048)","Dallas, Texas",,,https://jobs.lever.co/shieldai/91449190-bb1c-46cb-b308-dbec9c16ea81,
shieldai,Program Planning Engineering Intern - 2026 Summer Intern (R4106),"Dallas, Texas",Spring,,https://jobs.lever.co/shieldai/3c39e57b-f1ca-400e-8cb0-71c9e18a3d25,"{""Spring"": 1}"
shieldai,Propulsion Engineering Spring Co-op (January 2026) (X-BAT),"Dallas, Texas",,,https://jobs.lever.co/shieldai/2387e1c8-fc7a-4ee5-8e8f-80643435a114,
shieldai,Propulsion Technician (R3403),"Dallas, Texas",,,https://jobs.lever.co/shieldai/b05c41ba-827b-4a0d-84ea-d574938d5308,
shieldai,Quality Engineering Technician (R4213),"Dallas, Texas",,,https://jobs.lever.co/shieldai/07106459-8745-4a15-9dc3-f8a3eb81ab64,
shieldai,RF Engineering Spring Co-op (January 2026) (R4046),"Dallas, Texas",,,https://jobs.lever.co/shieldai/9d4e5281-5ec7-44a9-a206-78384a892ef0,
shieldai,Security Assurance Manager,"San Diego, California",,,https://jobs.lever.co/shieldai/e6d223df-cd9b-4128-883b-5dbf8ad5779e,
shieldai,"Senior Applications Engineer, Autonomy","San Diego, California",,,https://jobs.lever.co/shieldai/2394368a-67ff-441c-83c3-e998446327e7,
shieldai,Senior Business Development Manager,Melbourne,,,https://jobs.lever.co/shieldai/4813f5d4-945a-4cca-afcb-076f00bef795,
shieldai,"Senior Component Engineer, Electrical Engineering (R3966)","Dallas, Texas",,,https://jobs.lever.co/shieldai/d17358a0-2695-4f80-be41-673177bee2ce,
shieldai,Senior Cyber Analyst (R3665),"San Diego, California",,,https://jobs.lever.co/shieldai/5d7a6847-5634-48dc-9727-44fbcbd869f7,
shieldai,Senior DevOps Engineer (R4183),Melbourne,,,https://jobs.lever.co/shieldai/eb4fc5c9-92ce-427e-ab72-f52c073a5ed4,
shieldai,"Senior Director, Air Force Strategic Capture (R4047)","Washington, DC",,,https://jobs.lever.co/shieldai/43c92998-5c18-4ead-bc41-d9cf895a9a16,
shieldai,"Senior Director, Avionics Engineering (R3401)","Dallas, Texas",,,https://jobs.lever.co/shieldai/bdec47ec-c342-439d-9983-163f7292fb76,
shieldai,"Senior Engineer, Autonomy - Tactical Behaviors (R4128)","Washington, DC",,,https://jobs.lever.co/shieldai/1af75b70-43ff-457b-858b-2935e7c8983a,
shieldai,"Senior Engineer, Electrical Test and Rapid Prototype (R4000)","Dallas, Texas",,,https://jobs.lever.co/shieldai/93110a37-001d-4b71-9e00-bdfff8cabadd,
shieldai,"Senior Engineer, Electrical Test and Rapid Prototype (R4000) (BOS)","Boston, MA",,,https://jobs.lever.co/shieldai/c5d8857a-b06e-4e01-a50a-669f9642e8c5,
shieldai,"Senior Engineer, Embedded OS (SD/TX/Bos) (R3793)","Dallas, Texas",,,https://jobs.lever.co/shieldai/d5fdafe1-2e50-4543-98b1-38f3a3d26e12,
shieldai,"Senior Engineer, Fluid Systems (R3818) (V-BAT)","Dallas, Texas",,,https://jobs.lever.co/shieldai/81d75a1f-1d16-4568-a1db-ecb4a88e2e9f,
shieldai,"Senior Engineer, Foundry Applications (R3934)","Dallas, Texas",,,https://jobs.lever.co/shieldai/2734b0d5-9f9c-4eec-a8b2-e000eca79966,
shieldai,"Senior Engineer, Generative AI (R4173)","San Diego, California",,,https://jobs.lever.co/shieldai/fa58b44d-a586-4256-9545-150a60fdb8d0,
shieldai,"Senior Engineer, Mission Systems (R4014)","Dallas, Texas",,,https://jobs.lever.co/shieldai/4eee4290-8519-4b1b-8010-84373fcd1e5f,
shieldai,"Senior Engineer, OS Test (Dallas, TX) (R4024)","Dallas, Texas","Python, CI/CD",,https://jobs.lever.co/shieldai/71c0713a-b043-4227-8618-31221882be71,"{""Python"": 1, ""CI/CD"": 1}"
shieldai,"Senior Engineer, Simulation (R3994)","Dallas, Texas",,,https://jobs.lever.co/shieldai/6ed07d19-280e-48f6-8239-86705225ee88,
shieldai,"Senior Engineer, Simulation Application (R3989) (TX/SD/Bos)","Dallas, Texas","Python, Java, TypeScript, C++, Linux",Bachelor,https://jobs.lever.co/shieldai/fa5affc5-0443-4f04-9c0d-84230eb78415,"{""Python"": 1, ""Java"": 1, ""TypeScript"": 1, ""C++"": 1, ""Linux"": 1}"
shieldai,"Senior Engineer, Software - Autonomous Aircraft Integration (R3949)","Washington, DC",,,https://jobs.lever.co/shieldai/3daaf9c5-164e-4a8e-abc9-b475a38522c3,
shieldai,"Senior Engineer, Software - Perception (R4130)","San Diego, California",,,https://jobs.lever.co/shieldai/d6f1d906-5c1e-4640-87f3-3e31e1b45fa6,
shieldai,"Senior Engineer, Software Autonomy Applications",Amsterdam,,,https://jobs.lever.co/shieldai/c885261d-0c85-48c3-8059-8be12eb4cb19,
shieldai,"Senior Engineer, State Estimation (R3945)","Dallas, Texas",,,https://jobs.lever.co/shieldai/0c6acdd5-a39b-4ad3-84fa-b1a1f83409d3,
shieldai,Senior Flight Test Engineer (R4221),"Washington, DC",,,https://jobs.lever.co/shieldai/562910e7-095a-47b3-b38c-a91d4f7a86fd,
shieldai,Senior Manager - Mechanical Engineering,"San Diego, California",,,https://jobs.lever.co/shieldai/c1514f78-0291-40fe-8cfd-eb7b99e6ebb8,
shieldai,"Senior Manager of Engineering, DevEx (R3569)","San Diego, California",,,https://jobs.lever.co/shieldai/e3dcf3b6-8e79-42a5-bfa5-1eb3f0b4b6c9,
shieldai,"Senior Manager, Autonomy - Tactical Behaviors (R3778)","Washington, DC",,,https://jobs.lever.co/shieldai/b6ba7e12-0225-4883-a5b1-0aa4c7eaa183,
shieldai,"Senior Manager, Autonomy Applications Engineering (R3841)","Washington, DC",,,https://jobs.lever.co/shieldai/7952271c-8578-42d8-a587-4707c3eb9d0d,
shieldai,"Senior Manager, Autonomy Integration (SD/DC) (R3432)","Washington, DC",,,https://jobs.lever.co/shieldai/5f3cd249-0401-4a28-b830-55ed0a2a3222,
shieldai,"Senior Manager, Perception (R3634)","San Diego, California",,,https://jobs.lever.co/shieldai/501e3703-1a63-4773-b961-6029e5fb71d6,
shieldai,"Senior Manager, Software - Autonomous Aircraft Integration (R3774)","Washington, DC",,,https://jobs.lever.co/shieldai/53d404c6-d2cd-4b97-934f-7b17b2a76768,
shieldai,"Senior Manager, Software - Perception (R3770)","Washington, DC",,,https://jobs.lever.co/shieldai/cebc0dd3-ffbf-4013-a2ad-ae32732cabd3,
shieldai,Senior Mechanical Design Engineer- Ground Support Equipment (R3301),"Dallas, Texas",,,https://jobs.lever.co/shieldai/85c4bb15-056f-469b-960e-d7b6251c942e,
shieldai,Senior Network Engineer (R4051),"San Diego, California",,,https://jobs.lever.co/shieldai/af565be2-f725-407a-84b1-0de9fa593ce7,
shieldai,"Senior Proposal Manager, International (R3843)","Washington, DC",,,https://jobs.lever.co/shieldai/5626730d-2f16-4f36-b560-8bdd1605a83b,
shieldai,Senior Propulsion Design Engineer (R3300) (X-BAT),"Dallas, Texas",,,https://jobs.lever.co/shieldai/479dcceb-721c-454f-af42-6de0bc75811a,
shieldai,Senior Propulsion Engineering Technician (R4012) (V-BAT),"Dallas, Texas",,,https://jobs.lever.co/shieldai/b7cc7551-9e14-45bf-b38c-75f1cae60541,
shieldai,"Senior Software Engineer, Autonomy Applications Engineering",New Delhi,,,https://jobs.lever.co/shieldai/c223a9c5-e3b3-4da1-b523-1b1045bdf296,
shieldai,"Senior Software Engineer, Hardware Test (R3998)","Dallas, Texas",,,https://jobs.lever.co/shieldai/a6b11a01-e749-4b1a-90a4-828524ceb7a0,
shieldai,"Senior Software Engineer, Simulation (R3938)","Dallas, Texas",,,https://jobs.lever.co/shieldai/a9a81ba0-d97c-465f-bee8-40eb7a307c34,
shieldai,"Senior Software Engineering Manager, Ground Systems (R2624)","Washington, DC",C++,,https://jobs.lever.co/shieldai/7c6dc655-9d05-4668-9881-c2c2152bc3bd,"{""C++"": 1}"
shieldai,"Senior Staff Applications Engineer, Autonomy","Washington, DC",REST,,https://jobs.lever.co/shieldai/883aac91-bcc3-4b98-9d8e-52b4237f5260,"{""REST"": 1}"
shieldai,"Senior Staff Engineer, Autonomy - Tactical Behaviors (R4073)","Washington, DC",,,https://jobs.lever.co/shieldai/d345caad-82d3-4d53-ba5f-c93882547f09,
shieldai,"Senior Staff Engineer, Mission Systems (R3929)","Washington, DC",,,https://jobs.lever.co/shieldai/a9e683af-6f4c-4200-918d-bf09f4e6d7ed,
shieldai,"Senior Staff Engineer, Software - Autonomous Aircraft Integration (R3949)","Washington, DC",,,https://jobs.lever.co/shieldai/25011392-094f-482c-b007-f307fb8c4f9f,
shieldai,"Senior Staff Engineer, Software - Perception (R3771)","San Diego, California",,,https://jobs.lever.co/shieldai/5cf8609e-ce9a-47e9-8956-00dae756e406,
shieldai,"Senior Staff Engineer, Software Autonomy Applications (R3906)",Amsterdam,,,https://jobs.lever.co/shieldai/c83937ad-af8a-4077-ae41-98b9a2f9241a,
shieldai,"Senior Staff Engineer, Systems Test (R3896)","Washington, DC",,,https://jobs.lever.co/shieldai/617ba406-1664-4fc3-8735-8ea51168724f,
shieldai,Senior Staff Mechanical Design Engineer- Ground Support Equipment (R3301),"Dallas, Texas",,,https://jobs.lever.co/shieldai/af97c5c0-8669-4ece-bad6-1c470e0b69c7,
shieldai,Senior Staff Mechanical Engineer - Harness Design (R3935),"Dallas, Texas",,,https://jobs.lever.co/shieldai/ecd9fe7d-f6f6-4c8f-a05a-75ba2e3017e7,
shieldai,Senior Staff Propulsion Design Engineer (R3300) (X-BAT),"Dallas, Texas",,,https://jobs.lever.co/shieldai/6d970989-a9cf-449b-9b95-067bcaccc7d5,
shieldai,Senior Staff Propulsion Engineer (TVC) (X-BAT),"Dallas, Texas",,,https://jobs.lever.co/shieldai/fd347d9c-3dc1-401e-aec2-43b5b38bc260,
shieldai,Senior Staff Systems Engineer (R3928),"Washington, DC",,,https://jobs.lever.co/shieldai/0a7f0460-5035-4959-9713-80471fcae3c1,
shieldai,Senior Staff Technical Program Manager (R3880),"Washington, DC",,,https://jobs.lever.co/shieldai/8a05f39f-0106-41ec-afa0-8a793f0e4e9c,
shieldai,Senior Staff Thermal Engineer - Aircraft Avionics & Thermal Systems (R3930),"Dallas, Texas",,,https://jobs.lever.co/shieldai/eef811a9-5e6d-44af-9ee2-f4259de7aeee,
shieldai,Senior Technical Program Manager (R3761),"Washington, DC",,,https://jobs.lever.co/shieldai/b0ff9c2a-48f2-4e77-bbcb-f59bcaa9a7e1,
shieldai,Senior Technical Writer (R3810),"Dallas, Texas",,,https://jobs.lever.co/shieldai/880305bc-3c32-4771-a144-92320b19a2fe,
shieldai,Senior Video Editor (R3918),"Dallas, Texas",,,https://jobs.lever.co/shieldai/5efb7799-9fef-4932-b82f-9dc730e7f7cc,
shieldai,Senior Web Developer (R3648),"San Diego, California",Go,,https://jobs.lever.co/shieldai/76aa33f6-7e1e-4904-80fb-065cded29919,"{""Go"": 1}"
shieldai,Senior Weld Technician (R4214),"Dallas, Texas",,,https://jobs.lever.co/shieldai/89b3b312-f36f-4d2e-9e30-d5067ed0f103,
shieldai,Senior–Staff Product Designer (R3822),"Dallas, Texas",,,https://jobs.lever.co/shieldai/aef4345b-2319-45b8-8a41-65c8339f64b5,
shieldai,Software Architect (R3002),"San Diego, California",,,https://jobs.lever.co/shieldai/e4f67210-fd40-4f39-9578-c9576608e01a,
shieldai,Software Engineer (C++/Networking) (R3792),"San Diego, California",,,https://jobs.lever.co/shieldai/0e47dd9c-7f4f-4e3d-a502-ec2aad3b5ce0,
shieldai,"Software Engineer I, Hardware Test (R3999)","Dallas, Texas",,,https://jobs.lever.co/shieldai/8ed6bd48-2bf0-44a2-812d-7d8a2ab6b9f0,
shieldai,Software Engineer- San Diego (R3455),"San Diego, California",,,https://jobs.lever.co/shieldai/7755073b-fd32-465c-afe1-b6013a7904ac,
shieldai,Software Engineering Intern - 2026 Summer Intern,"Dallas, Texas",,,https://jobs.lever.co/shieldai/da49232a-dc28-4085-a9b9-9059e643bc7f,
shieldai,"Software Test Engineer, XBAT Software Integration & Test (R3696)","Dallas, Texas",,,https://jobs.lever.co/shieldai/d0635c93-bb07-4585-80d3-c53aaa2fdf6d,
shieldai,Solutions Engineer,New Delhi,,,https://jobs.lever.co/shieldai/7072e6a7-b9fb-4c00-b8ed-e568fb009bea,
shieldai,Sr. Sourcing Specialist - Indirect (R4022),"Dallas, Texas",,,https://jobs.lever.co/shieldai/515658a7-d371-48ac-aea4-0c09d6ade3a6,
shieldai,"Staff Applications Engineer, Autonomy","San Diego, California",,,https://jobs.lever.co/shieldai/277d8a41-6b43-4135-bbd1-86cd95189720,
shieldai,Staff Composites Manufacturing Engineer,"Dallas, Texas",,,https://jobs.lever.co/shieldai/5f562503-1655-4a53-91fc-b6ea72d1841b,
shieldai,Staff Contracts Administrator (R3799),"Washington, DC",,,https://jobs.lever.co/shieldai/e49c179d-24e2-4767-a744-a469aff56399,
shieldai,Staff Electrical Engineer - Power (R3932),"Dallas, Texas",,,https://jobs.lever.co/shieldai/f65710e5-b21e-47db-8990-933634e36d87,
shieldai,Staff Electrical Engineer (R4027),"Dallas, Texas",,,https://jobs.lever.co/shieldai/287b6bce-52fc-4a64-9fe9-f25445baf6eb,
shieldai,Staff Electromechanical Engineer (R3935),"San Diego, California",,,https://jobs.lever.co/shieldai/f0454a20-9170-4d34-8bae-2eb52bdb2ed9,
shieldai,"Staff Engineer, Aircraft Configuration Design (R4028)","Washington, DC",,,https://jobs.lever.co/shieldai/0d9b57b1-24ab-4ad7-9c6a-453e6a2960e2,
shieldai,"Staff Engineer, Autonomy - Tactical Behaviors (R3914)","Washington, DC",,,https://jobs.lever.co/shieldai/9c66691e-4497-4a25-8fe8-c9fdf09046ea,
shieldai,"Staff Engineer, Autonomy Integration (R4052)",London,,,https://jobs.lever.co/shieldai/09f63abb-aa1a-43f9-9f48-08fab59a160a,
shieldai,"Staff Engineer, C++ Systems Integration (R4018)","Washington, DC",C++,,https://jobs.lever.co/shieldai/76691555-47d7-4801-800a-b3386a8bb8de,"{""C++"": 1}"
shieldai,"Staff Engineer, DevOps (R3939)","Dallas, Texas","Python, Azure, Docker, Kubernetes, Terraform, Ansible, CI/CD, GitHub Actions, Jenkins, Prometheus, Grafana, Bash, Git","Bachelor, Master, PhD",https://jobs.lever.co/shieldai/4219a1a9-0704-4ad4-a6ac-5c2b8731c51b,"{""Python"": 1, ""Azure"": 1, ""Docker"": 1, ""Kubernetes"": 1, ""Terraform"": 1, ""Ansible"": 1, ""CI/CD"": 1, ""GitHub Actions"": 1, ""Jenkins"": 1, ""Prometheus"": 1, ""Grafana"": 1, ""Bash"": 1, ""Git"": 1}"
shieldai,"Staff Engineer, FPGA (R3991)","Dallas, Texas",,,https://jobs.lever.co/shieldai/c4a77134-fda7-496b-bf5f-03b55fb2a25c,
shieldai,"Staff Engineer, FPGA (R3992)","Boston, MA",,,https://jobs.lever.co/shieldai/f5f9a447-5ab3-4212-9d78-d6ca8543b9b9,
shieldai,"Staff Engineer, Full-Stack - Foundry Applications (R3839)","Dallas, Texas",,,https://jobs.lever.co/shieldai/3acb8749-42fb-418a-8de8-76a759c44a0e,
shieldai,"Staff Engineer, Presales (R3500)","San Diego, California",,,https://jobs.lever.co/shieldai/9feb13b0-4445-4bd6-a1df-b69eb99a71f5,
shieldai,"Staff Engineer, Reinforcement Learning (R3639)","San Diego, California",,,https://jobs.lever.co/shieldai/e5c95f48-8178-4322-87f7-067e7f75258d,
shieldai,"Staff Engineer, Simulation Modeling (R3987)","Dallas, Texas","Python, C++",Bachelor,https://jobs.lever.co/shieldai/d361395c-7fda-49e4-baee-4ad732f62412,"{""Python"": 1, ""C++"": 1}"
shieldai,"Staff Engineer, Software - Autonomous Aircraft Integration (R3949)","Washington, DC",,,https://jobs.lever.co/shieldai/6265ee65-8136-41b5-9279-97f9a4b1d2f6,
shieldai,"Staff Engineer, Software - Perception (R3771)","San Diego, California",,,https://jobs.lever.co/shieldai/8739c509-b6ea-4640-bcc1-c8b5b1de31b2,
shieldai,"Staff Engineer, Software Autonomy Applications",Amsterdam,,,https://jobs.lever.co/shieldai/8690bc50-83d1-40bd-bd7f-0bc0b7814e98,
shieldai,"Staff Engineer, Software Autonomy Applications (R3981)","San Diego, California",,,https://jobs.lever.co/shieldai/e534eaeb-4a8f-4ff9-9bae-3759d34b7b65,
shieldai,"Staff Engineer, Software Integration","San Diego, California",,,https://jobs.lever.co/shieldai/bc7849f9-e740-4f50-a2eb-37eb98d7adfd,
shieldai,"Staff Engineer, Software Test (R3936)","Dallas, Texas",,,https://jobs.lever.co/shieldai/cee31cc9-daae-40d5-824e-6e53a0a34ffd,
shieldai,"Staff Engineer, State Estimation (Dallas/San Diego/Boston/ DC/ San Fran)","Dallas, Texas",,,https://jobs.lever.co/shieldai/f8849287-b9ff-4c3e-a37f-be20e39c597b,
shieldai,"Staff Engineer, Systems Test (R4151)","Dallas, Texas",,,https://jobs.lever.co/shieldai/5e260804-4437-4952-9f39-51d091071c1c,
shieldai,"Staff Engineer, XBAT Simulation (R3990) (TX/Bos)","Dallas, Texas","Python, C++, Kubernetes, CI/CD","Bachelor, Master",https://jobs.lever.co/shieldai/7a5377da-0d83-434a-a3c9-8b3ff99b97f7,"{""Python"": 1, ""C++"": 1, ""Kubernetes"": 1, ""CI/CD"": 1}"
shieldai,Staff GRC Analyst (R3666),"San Diego, California",,,https://jobs.lever.co/shieldai/fbfbaac3-952e-4767-ba6b-cccfcafbcf7d,
shieldai,Staff Hardware Recruiter (R3970),United States,,,https://jobs.lever.co/shieldai/7c7d3747-33a2-4ec7-8f44-a1907643af79,
shieldai,Staff Information Systems Administrator (R3968),"Washington, DC",,,https://jobs.lever.co/shieldai/0d6479d6-c8b2-4ae0-9d80-df51302777c3,
shieldai,Staff Loads Engineer (R3263),"Dallas, Texas",,,https://jobs.lever.co/shieldai/18347d18-9816-4085-b0da-5f2ff84687c1,
shieldai,Staff Manufacturing Engineer,"Dallas, Texas",,,https://jobs.lever.co/shieldai/60960e9b-f39e-48bf-b2ea-f61a58db8a5d,
shieldai,"Staff Mechanical Design Engineer, Mechanical Systems","Dallas, Texas",,,https://jobs.lever.co/shieldai/b447992c-a7b7-4722-a5d0-143a1191484c,
shieldai,Staff Mechanical Engineer - Launch & Recovery Systems,"Dallas, Texas",,,https://jobs.lever.co/shieldai/76ef914d-cb16-4c16-a72d-5fbc70fd879b,
shieldai,Staff Network Security Engineer (R4180),"San Diego, California","AWS, Azure",,https://jobs.lever.co/shieldai/dff5ec7a-64e1-4629-a606-64636520f3d2,"{""AWS"": 1, ""Azure"": 1}"
shieldai,Staff Operations Analyst (R3745),"Washington, DC",,,https://jobs.lever.co/shieldai/26a61160-df5b-4429-af06-96a51fadbd13,
shieldai,"Staff Presales Engineer, Hivemind",New Delhi,,,https://jobs.lever.co/shieldai/34f4c7f8-36ad-4369-9668-d38a72676c80,
shieldai,Staff Product Designer (R3750),"San Diego, California",,,https://jobs.lever.co/shieldai/ca35dea3-e392-4c8f-bdeb-e3caa623edf1,
shieldai,Staff Proposal Specialist (R3847),"Washington, DC",,,https://jobs.lever.co/shieldai/20c76d38-8987-4f97-923d-dc6f08a898e2,
shieldai,"Staff Prototype Technician, Structural (R3712)","Dallas, Texas",,,https://jobs.lever.co/shieldai/69ad7659-1ba4-4aba-a416-ff83a1755a7c,
shieldai,"Staff Software Engineer, Autonomy Applications Engineering",New Delhi,,,https://jobs.lever.co/shieldai/20ba2fbb-f9b3-4408-ac5c-7809a8446ea3,
shieldai,"Staff Software Engineer, Simulation (R3249)","Dallas, Texas",,,https://jobs.lever.co/shieldai/d8d297a4-d205-48c8-9350-8cce19c6d359,
shieldai,Staff Structural Analyst (R3263),"Dallas, Texas",,,https://jobs.lever.co/shieldai/ee7f7c27-9e53-4e20-a7fc-3a37ad35d47d,
shieldai,"Staff Systems Administrator, Atlassian (R4136)","San Diego, California",,,https://jobs.lever.co/shieldai/9b9e0e81-a90c-4c4a-8df0-b203d868b3d1,
shieldai,"Staff Systems Engineer, Cyber for Edge Systems (R3683)","San Diego, California",,,https://jobs.lever.co/shieldai/99174cca-85d2-48e4-b80a-f3836f09b829,
shieldai,Staff Technical Sourcer,United States,Go,,https://jobs.lever.co/shieldai/0c4322a7-35d7-449c-91f4-f8feb13eed82,"{""Go"": 1}"
shieldai,"Staff Technician, Flight Operations & Pilot Duties (R4117)","San Diego, California",,,https://jobs.lever.co/shieldai/366500a1-f46b-4dc8-b962-78ccca5a5686,
shieldai,State Estimation Engineer (C++/Sensor Fusion/PNT) (R3881),United States,,,https://jobs.lever.co/shieldai/eb3f1d96-fcdb-4e66-8b47-d1e14f68b337,
shieldai,"State Estimation Engineering Spring 2026 Co-Op (Dallas, TX)","Dallas, Texas",,,https://jobs.lever.co/shieldai/5e41608a-d3d6-47fb-98f1-1ff1b30132d9,
shieldai,Strategy and Operations Manager (R3287),"San Diego, California",,,https://jobs.lever.co/shieldai/91955e46-4e1c-472d-bf99-d1419a262c87,
shieldai,Structural Test Technician (R3712),"Dallas, Texas",,,https://jobs.lever.co/shieldai/db8911dc-c4aa-4f0e-9025-48ed69c7f989,
shieldai,Supplier Development Engineer,"Dallas, Texas",,,https://jobs.lever.co/shieldai/cf0f2076-a481-4b1a-8a37-39979abb98e6,
shieldai,"Talent Acquisition Partner, Australia and APAC (3-6 months contract to perm)",Melbourne,,,https://jobs.lever.co/shieldai/05347361-77c5-4e70-8664-f7fa18e2471a,
shieldai,Technical Program Director (R3982),London,,,https://jobs.lever.co/shieldai/194442b9-f75d-4a76-adc9-dc6cf4a8ef6a,
shieldai,Technical Program Manager,"Dallas, Texas",Swift,,https://jobs.lever.co/shieldai/bba10d5c-2347-4913-9855-2085be9f4eb5,"{""Swift"": 1}"
shieldai,"Technician II, Maintenance - Deployed Ops (R3766)","Dallas, Texas",,,https://jobs.lever.co/shieldai/91791ad1-9f7c-44dd-ac70-f5f8f81f5fb6,
shieldai,"Technician II, Maintenance (R4242)","Dallas, Texas",,,https://jobs.lever.co/shieldai/55310b63-0068-4f4c-ad9b-86f77740f7ea,
shieldai,"Testing & Automation Engineering Spring 2026 Co-Op (Dallas, TX)","Dallas, Texas",,,https://jobs.lever.co/shieldai/f6b917ee-3f9f-4ff5-89bb-b4a9580cccae,
shieldai,V-BAT Air Vehicle Operator,Dallas Metro Area,REST,,https://jobs.lever.co/shieldai/3286ffe2-a1e7-4393-9df6-2703d8b55967,"{""REST"": 1}"
shieldai,Visual Design Intern - 2026 Summer Intern (4111),"Washington, DC",,,https://jobs.lever.co/shieldai/872e86e8-f5b7-4dd5-948a-df606a253334,
matchgroup,Ad Operations Analyst,"New York, New York",Spark,,https://jobs.lever.co/matchgroup/7843c6e6-5699-406b-b9a8-fbdd3bc7dd3e,"{""Spark"": 1}"
matchgroup,"Analyst, Digital Marketing","Los Angeles, California",Spark,,https://jobs.lever.co/matchgroup/10dc678c-918e-412b-88a1-dc0a5cb44c77,"{""Spark"": 1}"
matchgroup,Android Engineer Intern,"Palo Alto, California",Android,,https://jobs.lever.co/matchgroup/84135a99-e009-4764-8e88-f0dba164d097,"{""Android"": 1}"
matchgroup,APAC Localization Program Manager (Tinder Korea),"Seoul, South Korea",,,https://jobs.lever.co/matchgroup/0152fd07-2715-4fe1-a208-af9d03c0b358,
matchgroup,Back-end Engineer,Tokyo,"MySQL, Redis, DynamoDB, Elasticsearch",,https://jobs.lever.co/matchgroup/4f3e70ea-d843-4666-844a-c0ba07f2033f,"{""MySQL"": 1, ""Redis"": 1, ""DynamoDB"": 1, ""Elasticsearch"": 1}"
matchgroup,Backend Engineer Intern,"Palo Alto, California",,,https://jobs.lever.co/matchgroup/724734f1-b60b-49ae-8905-8663de76ad7a,
matchgroup,Brand & Media Marketing Intern,"Los Angeles, California",,,https://jobs.lever.co/matchgroup/4dae867d-054d-47d8-84b0-469b98f947ad,
matchgroup,Cloud Infrastructure Engineer Intern,"Los Angeles, California",,,https://jobs.lever.co/matchgroup/55e5b98a-3281-4da1-995c-dbf6e1381575,
matchgroup,Communication Manager,"Seoul, South Korea",,,https://jobs.lever.co/matchgroup/d53d2fa4-3287-4b3a-b974-c5ef0f1ecc25,
matchgroup,Communications Intern,"Los Angeles, California",,,https://jobs.lever.co/matchgroup/bd0d62ee-3a60-4bc2-80ad-63ed6b2c4538,
matchgroup,Corporate Counsel (Hyperconnect),"Seoul, South Korea",Spark,,https://jobs.lever.co/matchgroup/347a3262-37fd-4e81-b7dd-0e319fb6e22a,"{""Spark"": 1}"
matchgroup,"Country Manager, Tinder Thailand","Bangkok, Thailand",,,https://jobs.lever.co/matchgroup/9c1bb8e4-205e-4868-8771-9c506a74285f,
matchgroup,Creative Specialist (육아휴직 대체 계약직),"Seoul, South Korea",,,https://jobs.lever.co/matchgroup/38fa474b-2011-451b-91c9-d3b77876d825,
matchgroup,CRM Manager,"Seoul, South Korea",,,https://jobs.lever.co/matchgroup/46980745-49fd-4c8a-898c-344ad1a7a882,
matchgroup,Data Analyst (Azar),"Seoul, South Korea",,,https://jobs.lever.co/matchgroup/fd7a864d-8c3c-455e-bf07-f2470a7f4d05,
matchgroup,Data Scientist Intern,"Los Angeles, California",,,https://jobs.lever.co/matchgroup/596091e0-9d8e-4a3a-92a6-5699386b833e,
matchgroup,"Director, Ad Sales","London, England",Spark,,https://jobs.lever.co/matchgroup/9edac806-fbe7-4779-b7ca-cc73a50439c7,"{""Spark"": 1}"
matchgroup,"Director, Communications","Los Angeles, California",Spark,,https://jobs.lever.co/matchgroup/9052113e-4ee3-43d8-a736-0f8b57b5e3d2,"{""Spark"": 1}"
matchgroup,Global Escalations Specialist,"Dublin, Ireland",Spark,,https://jobs.lever.co/matchgroup/fa2d4aa6-a31b-46f6-b38e-4e7fe30b1656,"{""Spark"": 1}"
matchgroup,"Head of Product, Eureka","Tokyo, Japan",,,https://jobs.lever.co/matchgroup/281e4082-5cca-42d2-8ecf-dd5121f28235,
matchgroup,Influencer Marketing Intern,"Los Angeles, California",,,https://jobs.lever.co/matchgroup/d0e51e17-54a3-4636-8542-b0f845751a4e,
matchgroup,Insights & Strategy Operations Lead,"New York, New York",REST,,https://jobs.lever.co/matchgroup/7fdc847d-e970-4f1b-93ea-ee03456bdb23,"{""REST"": 1}"
matchgroup,iOS Engineer,"New York, New York","Swift, iOS",,https://jobs.lever.co/matchgroup/6d8c0ef7-aa0f-4ea4-8473-6c20ad18745f,"{""Swift"": 1, ""iOS"": 1}"
matchgroup,iOS Engineer Intern,"Los Angeles, California",iOS,,https://jobs.lever.co/matchgroup/178e6f99-ddbb-43e1-9e4c-fe2b524e0861,"{""iOS"": 1}"
matchgroup,iOS Software Engineer,"Seoul, South Korea",iOS,,https://jobs.lever.co/matchgroup/8673cec2-dd07-435b-a80b-bac44db555be,"{""iOS"": 1}"
matchgroup,Lead Product Manager,"Vancouver, British Columbia",,,https://jobs.lever.co/matchgroup/0e01039b-bfeb-44c9-98be-0ca4c3a45d08,
matchgroup,"Lead Product Manager, Account Integrity","New York, New York",,,https://jobs.lever.co/matchgroup/5c6bd5b6-09ba-4f8c-b12e-34cca9aa58ce,
matchgroup,"Lead Product Manager, Dating Outcomes","New York, New York",Go,,https://jobs.lever.co/matchgroup/66a3e6a9-4e76-4b94-a375-34e0c52efa8c,"{""Go"": 1}"
matchgroup,"Lead Product Manager, Growth","New York, New York",,,https://jobs.lever.co/matchgroup/010d512e-a8fb-42c6-92a9-6a3abbea5519,
matchgroup,"Lead Product Manager, Monetization","New York, New York",,,https://jobs.lever.co/matchgroup/a23d36da-c69b-4851-9076-2789c13b0769,
matchgroup,Machine Learning Engineer,"New York, New York",Go,,https://jobs.lever.co/matchgroup/3fc3a7d4-4a84-4eb9-80d6-ab3c549c6171,"{""Go"": 1}"
matchgroup,Machine Learning Engineer (Match Group AI | 전문연구요원 편입/전직 가능),"Seoul, South Korea",,,https://jobs.lever.co/matchgroup/edf748a7-a883-4fef-8112-8cbfba14afa3,
matchgroup,Machine Learning Engineer Intern,"Palo Alto, California",,,https://jobs.lever.co/matchgroup/ce55175b-fdd1-40ca-9407-7cc5e1533982,
matchgroup,Machine Learning Research Engineer (HYPERCONNECT AI | 전문연구요원 편입/전직 가능),"Seoul, South Korea",,,https://jobs.lever.co/matchgroup/5d4fe20e-3f1e-4137-baff-4eae04cd209e,
matchgroup,Machine Learning Software Engineer (HYPERCONNECT AI | 전문연구요원 편입/전직 가능),"Seoul, South Korea","PyTorch, Android, iOS",,https://jobs.lever.co/matchgroup/ef8b2dd0-0034-4fc1-bc34-22562dad84ea,"{""PyTorch"": 1, ""Android"": 1, ""iOS"": 1}"
matchgroup,"Machine Learning Software Engineer, Backend (Tinder Seoul)","Seoul, South Korea",,,https://jobs.lever.co/matchgroup/a8d9b01f-f11c-44f3-8e8b-a4c91e1331c8,
matchgroup,"Manager, International Tax Reporting and Compliance","Dallas, Texas",Spark,,https://jobs.lever.co/matchgroup/64d250fa-ba57-43c5-8b86-7533376bc3ab,"{""Spark"": 1}"
matchgroup,Marketing Analytics Lead,"New York, New York",,,https://jobs.lever.co/matchgroup/c4a3e371-5cb2-4877-99b8-3a3f95c0be48,
matchgroup,Marketing Data Analyst – Martech Specialist,"Dallas, Texas",Spark,,https://jobs.lever.co/matchgroup/39e44bba-6a1e-4e53-b62b-745c0268fee1,"{""Spark"": 1}"
matchgroup,"Marketing Manager (Trilingual in JP, CN & EN)",Tokyo,,,https://jobs.lever.co/matchgroup/9b7ad2ba-621f-44a9-8086-f7d8172eb10d,
matchgroup,"Marketing Manager, Performance & Campaign",Tokyo,,,https://jobs.lever.co/matchgroup/0aab910a-f5d8-4013-9c84-98f9b2898777,
matchgroup,Online Marketing Manager (CDD),"Paris, France",,,https://jobs.lever.co/matchgroup/4a4f31d7-4551-4f79-87b2-298fb61610d4,
matchgroup,People Business Partner,"Dallas, Texas",,,https://jobs.lever.co/matchgroup/24368a61-ac13-4b5e-990e-8afeb42a34ee,
matchgroup,Performance Marketing Manager (Tinder Japan),Tokyo,,,https://jobs.lever.co/matchgroup/08f33998-cc49-4f1d-b378-c5573f132d89,
matchgroup,Product Design Intern,"Los Angeles, California",,,https://jobs.lever.co/matchgroup/66cc088d-e7e7-464d-8155-a804e0c04f0e,
matchgroup,Product Design Internship,"Ghent, Belgium","Android, iOS",,https://jobs.lever.co/matchgroup/7f627ed1-54e7-4e5a-994f-24d99bf0bad5,"{""Android"": 1, ""iOS"": 1}"
matchgroup,Product Intern,"Los Angeles, California",,,https://jobs.lever.co/matchgroup/fbeb8960-0eaf-4d55-a97b-fe72814cb53f,
matchgroup,Product Internship,"Ghent, Belgium",,,https://jobs.lever.co/matchgroup/cfd418ef-a024-4471-ab2e-ee01e68887e7,
matchgroup,Product Manager II (Trust & Safety),"Los Angeles, California",,,https://jobs.lever.co/matchgroup/c0de0002-c529-4eb5-92b0-c9226f9d96cf,
matchgroup,Senior Backend Engineer,"New York, New York","Android, iOS",,https://jobs.lever.co/matchgroup/d50972ac-5f63-4062-bcb3-bd4466d9c594,"{""Android"": 1, ""iOS"": 1}"
matchgroup,Senior Backend Software Engineer (Innovation),"Seoul, South Korea",,,https://jobs.lever.co/matchgroup/b02dc7fd-3580-4c06-9192-474bea230b92,
matchgroup,Senior Data Engineer,"New York, New York",REST,,https://jobs.lever.co/matchgroup/0164e706-70ce-49c2-8332-83d7eb4ce607,"{""REST"": 1}"
matchgroup,Senior Data Engineer,"Vancouver, British Columbia","REST, Spark",,https://jobs.lever.co/matchgroup/10a76c23-1401-49ed-a9cc-203f0fa858f6,"{""REST"": 1, ""Spark"": 1}"
matchgroup,Senior Data Product Engineer,"Vancouver, British Columbia",Spark,,https://jobs.lever.co/matchgroup/d9c34925-8530-4e50-b5ee-36764085ccc4,"{""Spark"": 1}"
matchgroup,Senior DevOps Engineer,"Seoul, South Korea","AWS, GCP, Kubernetes, CI/CD, GitHub Actions, iOS",,https://jobs.lever.co/matchgroup/2f54ab53-c78d-4ef1-a543-812cb17a9bba,"{""AWS"": 1, ""GCP"": 1, ""Kubernetes"": 1, ""CI/CD"": 1, ""GitHub Actions"": 1, ""iOS"": 1}"
matchgroup,"Senior Engineering Manager, Platform","New York, New York",,,https://jobs.lever.co/matchgroup/f2f314a2-bd85-47ee-9bb5-99ea5051c21d,
matchgroup,Senior iOS Engineer,"New York, New York",iOS,,https://jobs.lever.co/matchgroup/81717593-d79d-4287-b5d6-6ad43a48bc4f,"{""iOS"": 1}"
matchgroup,Senior iOS Software Engineer,"Seoul, South Korea",iOS,,https://jobs.lever.co/matchgroup/a3489003-0f8b-4020-8cc0-d5f5de6fe78c,"{""iOS"": 1}"
matchgroup,"Senior Lead Product Manager, Platform","New York, New York",,,https://jobs.lever.co/matchgroup/964e51f1-5b5c-42ea-9ddd-a3b7cf926434,
matchgroup,Senior Machine Learning Engineer,"Vancouver, British Columbia",,,https://jobs.lever.co/matchgroup/499da243-2461-4a4b-8670-7925b4341080,
matchgroup,Senior Machine Learning Engineer (Match Group AI),"Seoul, South Korea",,,https://jobs.lever.co/matchgroup/4eca7f77-c7f3-4225-bf81-6c409c25f66f,
matchgroup,Senior Machine Learning Platform Engineer,"New York, New York",,,https://jobs.lever.co/matchgroup/f6d1cdb5-efcd-4c13-bd51-570568138794,
matchgroup,Senior Machine Learning Research Engineer (HYPERCONNECT AI),"Seoul, South Korea",,,https://jobs.lever.co/matchgroup/b0358366-c1c4-4122-8280-01ce9f9f6220,
matchgroup,Senior Machine Learning Software Engineer (ML Platform),"Seoul, South Korea","AWS, Kubernetes, Ansible, TensorFlow, PyTorch, Android, iOS, Prometheus, Grafana",,https://jobs.lever.co/matchgroup/eedc3c02-640e-4770-b228-dc209c4548d5,"{""AWS"": 1, ""Kubernetes"": 1, ""Ansible"": 1, ""TensorFlow"": 1, ""PyTorch"": 1, ""Android"": 1, ""iOS"": 1, ""Prometheus"": 1, ""Grafana"": 1}"
matchgroup,"Senior Machine Learning Software Engineer (Recommendation, Moderation)","Seoul, South Korea","PyTorch, Android, iOS",,https://jobs.lever.co/matchgroup/1f82574d-f1f8-4466-ad61-9bde3b213ad5,"{""PyTorch"": 1, ""Android"": 1, ""iOS"": 1}"
matchgroup,"Senior Machine Learning Software Engineer, Backend (Tinder Seoul)","Seoul, South Korea",,,https://jobs.lever.co/matchgroup/4cbec3fc-add7-4e98-ad1f-d06af8e73add,
matchgroup,"Senior Manager, Government Relations, Japan",Tokyo,,,https://jobs.lever.co/matchgroup/6305159b-c392-4924-b8db-952306aa99c8,
matchgroup,Senior Payroll Officer,"Paris, France",Spark,,https://jobs.lever.co/matchgroup/9f7954e9-7c8c-4e8d-823a-7c26041f1b04,"{""Spark"": 1}"
matchgroup,"Senior PR Manager, LATAM","New York, New York",,,https://jobs.lever.co/matchgroup/d0c82514-393a-4fe3-8a1c-bb267949d76a,
matchgroup,"Senior PR Manager, LATAM (Brazil)",Brazil,,,https://jobs.lever.co/matchgroup/b0e1a92c-5e6d-4520-a2a9-3b74fed10eb9,
matchgroup,"Senior PR Manager, LATAM (Mexico)",Mexico,,,https://jobs.lever.co/matchgroup/a16bb9d8-5f38-4275-9622-8852d20360ba,
matchgroup,Senior Product Designer (Azar),"Seoul, South Korea",,,https://jobs.lever.co/matchgroup/5b7bc32f-c032-45ff-8007-946fc9c20b4a,
matchgroup,Senior Product Designer (Market Expansion),"Seoul, South Korea",,,https://jobs.lever.co/matchgroup/ce3de6db-3b44-4bb2-80d1-ddc0b59ae56c,
matchgroup,Senior Product Manager,"Tokyo, Japan",,,https://jobs.lever.co/matchgroup/4b304f3c-a2fd-426c-8988-727a5e16bd26,
matchgroup,Senior Site Reliability Engineer,"Seoul, South Korea","AWS, Kubernetes, Terraform, Grafana",,https://jobs.lever.co/matchgroup/a1601c8c-5190-4565-9ff7-7e7f33454f36,"{""AWS"": 1, ""Kubernetes"": 1, ""Terraform"": 1, ""Grafana"": 1}"
matchgroup,Senior Software Engineer,"Vancouver, British Columbia","Java, .NET, AWS",,https://jobs.lever.co/matchgroup/56b28a27-ce73-4555-be4f-371ca8fb07b2,"{""Java"": 1, "".NET"": 1, ""AWS"": 1}"
matchgroup,Senior Software Engineer II,"Dallas, Texas",,,https://jobs.lever.co/matchgroup/68e6a45c-04ca-46eb-a583-efa5c8e8f91b,
matchgroup,Social Marketing Intern,"Los Angeles, California",,,https://jobs.lever.co/matchgroup/a3d22dfe-c539-47f6-bd56-0dc92021bb80,
matchgroup,"Software Engineer III, Cloud Infrastructure","Palo Alto, California","Go, Spark",,https://jobs.lever.co/matchgroup/328eb76c-b6a8-48b4-9eef-752e00c75678,"{""Go"": 1, ""Spark"": 1}"
matchgroup,"Software Engineer III, Web","West Hollywood, California",Spark,,https://jobs.lever.co/matchgroup/558d66bd-3c2f-4377-ac58-218dd5c34249,"{""Spark"": 1}"
matchgroup,Software Engineer Internship,"Ghent, Belgium","Android, iOS",,https://jobs.lever.co/matchgroup/e63a11c0-e85f-44e1-b296-b04017fc3cb4,"{""Android"": 1, ""iOS"": 1}"
matchgroup,"Software Engineer, Android","Los Angeles, California","Spark, Android",,https://jobs.lever.co/matchgroup/33fbf1e0-a22e-43dd-8b88-ad2ade0a6cea,"{""Spark"": 1, ""Android"": 1}"
matchgroup,"Software Engineer, II, Android","Ghent, Belgium","Spark, Android",,https://jobs.lever.co/matchgroup/ce99022d-d468-4959-a03b-aa7c0f7fcc0a,"{""Spark"": 1, ""Android"": 1}"
matchgroup,"Software Engineer, II, Backend","Ghent, Belgium",Spark,,https://jobs.lever.co/matchgroup/38c19457-8fc3-4ff9-a932-247c9fe44833,"{""Spark"": 1}"
matchgroup,"Software Engineer, iOS","Palo Alto, California","Spark, iOS",,https://jobs.lever.co/matchgroup/61e35c3c-3156-4760-a088-4a3765e37f8e,"{""Spark"": 1, ""iOS"": 1}"
matchgroup,"Software Engineer, iOS","Los Angeles, California","Spark, iOS",,https://jobs.lever.co/matchgroup/ec8af789-7d7b-4c21-aad1-7dcc18fc3225,"{""Spark"": 1, ""iOS"": 1}"
matchgroup,"Software Engineer, iOS (Tinder Seoul)","Seoul, South Korea",iOS,,https://jobs.lever.co/matchgroup/1543e41d-3c2c-4d9b-b554-cccfee6d175b,"{""iOS"": 1}"
matchgroup,Sr. Anti Abuse Analyst,"Los Angeles, California",Spark,,https://jobs.lever.co/matchgroup/5c73c6e6-a87c-4fda-ad06-25f0e21e421a,"{""Spark"": 1}"
matchgroup,Sr. Customer Support Program Analyst,"Los Angeles, California",,,https://jobs.lever.co/matchgroup/cefc04ad-dc3f-4950-9834-ee4331535c04,
matchgroup,"Sr. Data Scientist, Revenue","Los Angeles, California",Spark,,https://jobs.lever.co/matchgroup/6bbeb42f-0cb4-4e03-82ca-5bac9e29f2b4,"{""Spark"": 1}"
matchgroup,"Sr. Director, Global Escalations","Dallas, Texas",,,https://jobs.lever.co/matchgroup/3544c2d8-0fce-4dff-94ba-ba387624f098,
matchgroup,Sr. Learning & Development Program Manager,"Dallas, Texas",Spark,,https://jobs.lever.co/matchgroup/728856bb-06c7-45f3-8122-de46fdf05b35,"{""Spark"": 1}"
matchgroup,"Sr. Manager, Talent & Culture","West Hollywood, California",Spark,,https://jobs.lever.co/matchgroup/238c2a63-68f3-42ba-976d-19cbb24322ea,"{""Spark"": 1}"
matchgroup,"Sr. Manager, Talent & Culture","West Hollywood, California",,,https://jobs.lever.co/matchgroup/78d09ff3-2d46-4d8d-9ab0-9d65e9c5a8e6,
matchgroup,"Sr. Manager, Trust & Safety Operations","Dallas, Texas",,,https://jobs.lever.co/matchgroup/8d3c303f-bd26-41eb-92d9-c7f500209e52,
matchgroup,Sr. People Director,"Dallas, Texas",Spark,,https://jobs.lever.co/matchgroup/de1c1307-2a3e-4628-8bca-db482196ca0a,"{""Spark"": 1}"
matchgroup,Sr. Product Manager,"Dallas, Texas",Spark,,https://jobs.lever.co/matchgroup/eb0c6de9-886d-4456-9252-31360cf4c2a3,"{""Spark"": 1}"
matchgroup,"Sr. Product Manager, Recs Cross-Surface Personalization","Palo Alto, California",Spark,,https://jobs.lever.co/matchgroup/fec246a0-6774-47fa-8016-ac998a45b9c1,"{""Spark"": 1}"
matchgroup,"Sr. Software Engineer, Android","New York, New York","Spark, Android",,https://jobs.lever.co/matchgroup/818c4016-2ed9-4d0c-a87e-66e7367494fd,"{""Spark"": 1, ""Android"": 1}"
matchgroup,"Sr. Software Engineer, Machine Learning Revenue","Palo Alto, California",Spark,,https://jobs.lever.co/matchgroup/0f6d7ba0-14c9-408f-9383-168d32327f6f,"{""Spark"": 1}"
matchgroup,Staff Accountant,"Dallas, Texas",,,https://jobs.lever.co/matchgroup/562b4a4c-903b-4c0a-9199-42d36d7ce269,
matchgroup,"Staff AI Engineer, Trust & Safety Operations","New York, New York",,,https://jobs.lever.co/matchgroup/8e55b4e5-27a4-415c-850a-f3532032c975,
matchgroup,Staff Data Analyst,"Vancouver, British Columbia",REST,,https://jobs.lever.co/matchgroup/c06f2971-4b76-438a-a4d8-557926983ddb,"{""REST"": 1}"
matchgroup,"Staff Machine Learning Engineer, Growth","New York, New York",,,https://jobs.lever.co/matchgroup/9638198d-e429-4945-802c-9c470e1ac692,
matchgroup,Staff Product Designer,"San Francisco, California",,,https://jobs.lever.co/matchgroup/d9d502dc-4070-41cd-9e70-e03fc2c14547,
matchgroup,"Staff Product Designer, Design Systems","San Francisco, California",,,https://jobs.lever.co/matchgroup/ab0c78f4-9999-43ef-961c-e40936032dd3,
matchgroup,"Staff Software Engineer, iOS (Design Systems) (Hinge, Inc., New York, NY)","New York, New York","Swift, Android, iOS","Bachelor, Master",https://jobs.lever.co/matchgroup/b2561f7f-b9b1-474e-9cfe-a26b6c82cedf,"{""Swift"": 1, ""Android"": 1, ""iOS"": 1}"
matchgroup,Talent Acquisition Manager,"Seoul, South Korea",,,https://jobs.lever.co/matchgroup/45c99904-1413-4fcb-baba-c2f7272f4df0,
spotify,"2026 Summer Internship, Research Scientist - PhD (London)",London,Go,,https://jobs.lever.co/spotify/753761e8-ecdd-49ba-9b43-b39dbc88f2ab,"{""Go"": 1}"
spotify,"2026 Summer Internship, Research Scientist - PhD (New York City)","New York, NY",Go,,https://jobs.lever.co/spotify/ce5934cb-6be9-478c-a856-49b8189d87e2,"{""Go"": 1}"
spotify,Android Engineer - Platform Engineering,London,,,https://jobs.lever.co/spotify/52601664-fd17-4c05-a80e-b76ee4fb3ba1,
spotify,Android Engineer - User Platform,London,Android,,https://jobs.lever.co/spotify/09e9e1ac-7f79-44d5-91e1-cccef6ea1418,"{""Android"": 1}"
spotify,Android/iOS Engineer - Automation and GenAI,Stockholm,"Android, iOS",,https://jobs.lever.co/spotify/fc1d1bf7-0cd8-4daf-9f4f-40b932998da5,"{""Android"": 1, ""iOS"": 1}"
spotify,Backend Engineer - Subscriptions,London,,,https://jobs.lever.co/spotify/052bea7e-7322-446d-ad9e-9166f389a1e5,
spotify,Backend Engineer - User Platform,London,,,https://jobs.lever.co/spotify/8178c238-da5d-4125-afe5-6d88f9877e4c,
spotify,Backend Engineer - User Platform,London,,,https://jobs.lever.co/spotify/da51c9e7-40bb-4d5f-800f-8157873e528b,
spotify,Backend Engineer - User Platform,London,,,https://jobs.lever.co/spotify/f46fbe41-6f40-4a4e-a52f-c40003fdf93c,
spotify,Backend Engineer – Platform Developer Experience,London,,,https://jobs.lever.co/spotify/92209358-f071-46fd-a162-14dfe071be3c,
spotify,"Backend Engineer, Core Experience",Stockholm,,,https://jobs.lever.co/spotify/74c1c531-3649-4d5a-92ee-8dcd4f4727a2,
spotify,Business Protection Coordinator (Contract),Dubai,,,https://jobs.lever.co/spotify/265bb575-6860-4bc7-b029-96b6e73d380a,
spotify,C++ Engineer - Platform Engineering,London,"Android, iOS",,https://jobs.lever.co/spotify/361e8a26-1386-477f-bfd0-c819ba863be3,"{""Android"": 1, ""iOS"": 1}"
spotify,Client Partner CPG,Mumbai,,,https://jobs.lever.co/spotify/918bcdd7-89af-4f88-ac0c-f771ddd3bcf1,
spotify,"Client Partner, Enterprise - 7 Months Fixed Term - Amsterdam",Amsterdam,,,https://jobs.lever.co/spotify/5165e460-b0c7-49d7-b82b-5bc14f45fdb0,
spotify,"Client Partner, Enterprise (12 Month Contract)",Madrid,,,https://jobs.lever.co/spotify/bcefbbd5-6b77-431e-be45-ecd71550f537,
spotify,Content Designer - Advertising,"New York, NY",,,https://jobs.lever.co/spotify/d177fb06-ef7d-4279-ac73-12c4feacf204,
spotify,"Customer Success Manager, Japan",Tokyo,,,https://jobs.lever.co/spotify/0aee1d68-70e9-4054-b067-8a2187c40e3b,
spotify,"Customer Success Manager, Sydney",Sydney,,,https://jobs.lever.co/spotify/97bc97b0-a98c-4ee2-8cc1-35084d8b1a13,
spotify,Data Engineer,Toronto,Go,,https://jobs.lever.co/spotify/b7adcb29-7b19-40e5-a129-53ec33b3f753,"{""Go"": 1}"
spotify,Data Engineer - Business Strategy Insights Analytics,"New York, NY","Scala, BigQuery",,https://jobs.lever.co/spotify/ca3766af-35b1-4d78-9e12-aab1ceca7ec3,"{""Scala"": 1, ""BigQuery"": 1}"
spotify,Data Engineer - Platform Central Data,Toronto,,,https://jobs.lever.co/spotify/bf4964d5-bb63-4846-9e6d-3e2051e5d891,
spotify,Data Engineer - Revenue Platform,London,,,https://jobs.lever.co/spotify/76548fe3-8ee5-42bc-b3e0-7c2cad33d2d2,
spotify,"Data Engineer, Data Infrastructure",Toronto,Swift,,https://jobs.lever.co/spotify/9155cb8c-0229-409c-849c-318e07f72e79,"{""Swift"": 1}"
spotify,Data Infrastructure Engineer  - Data Platform,London,GCP,,https://jobs.lever.co/spotify/deee653b-ec92-47f1-9faa-237170b32d1f,"{""GCP"": 1}"
spotify,Data Scientist - Company Planning and Execution (CPE),London,,,https://jobs.lever.co/spotify/5cf8c17c-ad44-463c-9da1-9cf4739b7c4f,
spotify,Data Scientist - Platform & Partner Experience,Stockholm,,,https://jobs.lever.co/spotify/4232f168-aae1-4d5c-8d99-2e8ca456532d,
spotify,Data Scientist - Platform Developer Experience,Stockholm,,,https://jobs.lever.co/spotify/9a9a4556-2c33-4e0f-8b23-74ac56b603fd,
spotify,Data Scientist – Cost Engineering (FinOps),Stockholm,,,https://jobs.lever.co/spotify/7cc2850c-2329-4e3e-9a3d-bf1a97a85d76,
spotify,"Data Scientist, Music Expression","New York, NY",,,https://jobs.lever.co/spotify/63b4c525-9630-4f96-a72b-51c2b6ef3fa0,
spotify,"Designer, Brand and Marketing (Spotify Advertising)","New York, NY",,,https://jobs.lever.co/spotify/097d77ee-8997-40b4-bdd0-702a488552d2,
spotify,Director Head of Consumer Propositions,Stockholm,,,https://jobs.lever.co/spotify/cc58cf1c-bf85-4422-aaf1-18f73fc3ffb2,
spotify,"Director of Engineering - Experience, Core Value & Engagement",London,,,https://jobs.lever.co/spotify/733309fa-1591-4777-8436-24320f5174c2,
spotify,"Editor (Pop), Editorial CE - Berlin (Fixed-Term 12 months)",Berlin,,,https://jobs.lever.co/spotify/506abe61-88ad-4dd2-8acd-295791123821,
spotify,Engineering Manager - Continuous Integration,Stockholm,,,https://jobs.lever.co/spotify/15672d33-e352-43a1-8929-e83c09b0df84,
spotify,Engineering Manager - Experimentation,Stockholm,,,https://jobs.lever.co/spotify/64ef2493-3b1e-407a-ac07-9e95a57f6d7c,
spotify,Executive Protection Specialist,Stockholm,,,https://jobs.lever.co/spotify/bdbf9ddd-310b-4de7-b997-8b98aa92240d,
spotify,Fullstack Engineer - User Platform,London,,,https://jobs.lever.co/spotify/0778c046-579e-473a-9a41-f7ed2d5a2f9f,
spotify,Global Head of Sales Operations & Strategy,"New York, NY",,,https://jobs.lever.co/spotify/72220c49-25c3-49fe-b275-d755f863ad8c,
spotify,"Global Sr. Manager, Experiential & Content Production","New York, NY",,,https://jobs.lever.co/spotify/12ee8cee-7192-4704-9f51-029a7d85c732,
spotify,Group Product Manager - Backstage,London,,,https://jobs.lever.co/spotify/c305efc8-30ce-4944-9cd8-87fcb98474f3,
spotify,Head of Canada Government Affairs,Toronto,,,https://jobs.lever.co/spotify/072f71c8-4559-4b4b-8cf3-7926874d1c93,
spotify,India Communications Team Lead,Mumbai,,,https://jobs.lever.co/spotify/b7312fdf-44d5-42f3-bb15-0202934359ac,
spotify,Junior Product Designer - Audiobooks,London,,,https://jobs.lever.co/spotify/3cabd771-67cf-4227-90fa-8b7e8eb973b6,
spotify,Learning & Inclusion Lead,London,,,https://jobs.lever.co/spotify/337fe6e4-73e3-4f0f-acee-267da2b23624,
spotify,Machine Learning Engineer - MLOps,Toronto,,,https://jobs.lever.co/spotify/c3c63ed6-70fe-4cf6-bba6-0f8bd6ab136b,
spotify,"Machine Learning Engineer, GenRecs, Personalization","New York, NY",,,https://jobs.lever.co/spotify/7a91e2dd-1214-4a50-add2-b6e8a91c6613,
spotify,"Machine Learning Engineer, Personalization","New York, NY",,,https://jobs.lever.co/spotify/35de0846-f4bb-4975-8f21-382b44aa0e40,
spotify,Machine Learning Engineering Manager II,"New York, NY",,,https://jobs.lever.co/spotify/daa7807b-4822-453e-94a7-2ccc1d9e90ae,
spotify,"Machine Learning Engineering Manager, Personalization","New York, NY",,,https://jobs.lever.co/spotify/c3e23b18-8bab-436a-b0d9-cfe8ccbc1ec5,
spotify,"Machine Learning Engineering Manager, Personalization","New York, NY",,,https://jobs.lever.co/spotify/c74b6db1-3f5a-4501-9507-714d4d900113,
spotify,Manager - M&A,"New York, NY",,,https://jobs.lever.co/spotify/ac4b1153-e104-4be5-bc15-cb39bb17d3f1,
spotify,"Manager, Publishing Licensing",Singapore,,,https://jobs.lever.co/spotify/0b119c27-e356-48ae-b993-89c0b09e1406,
spotify,Marketing Technology Manager,"New York, NY",,,https://jobs.lever.co/spotify/8f9a04c0-cb46-48cc-bfa7-0ee49849c6f4,
spotify,Payroll Specialist,"New York, NY",,,https://jobs.lever.co/spotify/184f631b-b751-49d9-bacb-5695b1e3a8e8,
spotify,Performance Marketing Manager,Mumbai,,,https://jobs.lever.co/spotify/8b1b929e-43c5-491d-bad6-e5ff8196f3e7,
spotify,Principal Research Scientist - Music,Stockholm,,,https://jobs.lever.co/spotify/d7aac3f7-0738-4c09-837e-eb0a607e2492,
spotify,Principal Research Scientist - Music,"New York, NY",,,https://jobs.lever.co/spotify/e7ead7e0-5033-4058-9bbf-006811a5147e,
spotify,"Product Designer II, Strategic AI Partnerships",London,,,https://jobs.lever.co/spotify/13277fc6-fde0-48b2-be23-90eb74b17bae,
spotify,Product Manager - Core Infrastructure,Stockholm,,,https://jobs.lever.co/spotify/06cd531e-3b27-48cc-90e4-ff15923434eb,
spotify,Product Marketing Lead (Podcast Business),"New York, NY",Go,,https://jobs.lever.co/spotify/edc7e1de-bdd1-45c4-b279-739c19333ad6,"{""Go"": 1}"
spotify,"Product Marketing Manager, South Korea",Seoul,,,https://jobs.lever.co/spotify/1b7ce599-98e2-4cb7-a677-902c3c50bfcb,
spotify,Research Scientist - Music,"New York, NY",,,https://jobs.lever.co/spotify/3738dd16-b387-4daa-bed7-312b2be39418,
spotify,Research Scientist - Music,Stockholm,,,https://jobs.lever.co/spotify/bd54129d-d6d6-4ffd-a25a-dd240374a0ce,
spotify,Research Scientist - Personalization,London,,,https://jobs.lever.co/spotify/b21a510b-d838-4654-9cbb-7973e40a4330,
spotify,Sales Compensation Partner,"New York, NY",,,https://jobs.lever.co/spotify/096b962f-3580-4cd9-a4ba-85717a70aa6c,
spotify,"Sales Trainer, EMEA - London",London,,,https://jobs.lever.co/spotify/8391b4de-4a66-4086-ad0a-9230b4db9c43,
spotify,Salesforce Engineer,"New York, NY",,,https://jobs.lever.co/spotify/2b615824-00a1-45f3-9c68-2ec853547e9b,
spotify,Security Engineer - Detection and Response,London,,,https://jobs.lever.co/spotify/1b78fea9-9811-4660-8456-a5164cfbeccd,
spotify,Senior Backend Engineer - Experimentation Platform,London,,,https://jobs.lever.co/spotify/4ce74372-9d9f-4fa1-86a3-9c96158a03c5,
spotify,Senior Backend Engineer - User Platform,London,,,https://jobs.lever.co/spotify/c0420ed4-db04-40ff-b007-afa34ad4675f,
spotify,Senior Backend/Data Hybrid Engineer - GenRecs - Personalization,"New York, NY",,,https://jobs.lever.co/spotify/6582cdf5-38a7-4ada-8940-1358664d3fad,
spotify,Senior Build System Engineer - Platform Engineering,London,"C++, Android, iOS",,https://jobs.lever.co/spotify/bc17378c-c2ff-4bb8-adb6-356063ba49e0,"{""C++"": 1, ""Android"": 1, ""iOS"": 1}"
spotify,"Senior Client Partner, Retail & E-Commerce",Bangalore,,,https://jobs.lever.co/spotify/4af9b983-dca8-40e0-bd8f-02dfe5c4db37,
spotify,Senior Content Accountant,"New York, NY",,,https://jobs.lever.co/spotify/32297d46-a347-4680-849c-1c56d0a2666a,
spotify,Senior Full Stack Engineer - Adco,Sydney,,,https://jobs.lever.co/spotify/44a494a9-dde0-4ded-aa12-a1ab407bd369,
spotify,Senior Fullstack Engineer - Subscriptions,London,,,https://jobs.lever.co/spotify/49c38061-a968-490e-8776-5813d63aaead,
spotify,Senior Growth Marketing Manager - Backstage,London,,,https://jobs.lever.co/spotify/e5aa00ed-e5f8-4b37-9030-2e4a113ad755,
spotify,Senior iOS Engineer - Automation and GenAI,Stockholm,"Android, iOS",,https://jobs.lever.co/spotify/95693728-8e03-4d3b-b648-ac2f276e6c58,"{""Android"": 1, ""iOS"": 1}"
spotify,Senior iOS Engineer - Music,"New York, NY",iOS,,https://jobs.lever.co/spotify/e5fa2e9e-c12a-42f9-aa1b-97e06b560d83,"{""iOS"": 1}"
spotify,Senior Machine Learning Engineer,"New York, NY",,,https://jobs.lever.co/spotify/b918d247-38fd-449a-b82d-ea1d7c90a099,
spotify,Senior Machine Learning Engineer - MLOps,Toronto,,,https://jobs.lever.co/spotify/e374c714-157d-4e4c-84b7-f69cde67af6d,
spotify,Senior Mobile Engineer - User Platform,Stockholm,,,https://jobs.lever.co/spotify/33dce61a-3c1f-4299-b751-e155f03b048e,
spotify,"Senior Office Coordinator, Contract",Singapore,,,https://jobs.lever.co/spotify/9ed04841-29e5-49db-acc4-673083f0724b,
spotify,Senior Product Manager - Local Developer Tooling,London,,,https://jobs.lever.co/spotify/509584fe-917a-454d-b7f7-8a68dc016d9e,
spotify,Senior Product Manager – Content & Catalog Management,Stockholm,,,https://jobs.lever.co/spotify/36655441-e28f-4909-ac37-77f583d88f7e,
spotify,"Senior Product Manager, Data Platform",Toronto,Swift,,https://jobs.lever.co/spotify/757be2aa-9cdd-4d38-94d0-8608fc426c8f,"{""Swift"": 1}"
spotify,Senior Research Engineer - Music,Stockholm,,,https://jobs.lever.co/spotify/631e80ca-90b9-4b40-a433-ba6f57d68b52,
spotify,Senior Research Engineer - Music,"New York, NY",,,https://jobs.lever.co/spotify/cb9f8bda-6e7e-4b22-b9ed-ee229770ca13,
spotify,Senior Research Scientist - Music,Stockholm,,,https://jobs.lever.co/spotify/65310b62-58f2-4e15-a93b-ff9682739416,
spotify,Senior Research Scientist - Music,"New York, NY",,,https://jobs.lever.co/spotify/c08408d0-1ed0-41b4-a8eb-e170fdd4bc7d,
spotify,Senior Staff Machine Learning Engineer,"New York, NY",,,https://jobs.lever.co/spotify/89c966c0-1975-42a1-850d-10fe20e02b05,
spotify,Senior Technical Security Specialist,Stockholm,,,https://jobs.lever.co/spotify/0b844a00-406a-46f4-b219-b7931936f187,
spotify,Senior Visual Designer - Design Systems,London,,,https://jobs.lever.co/spotify/f9da6d57-214f-4582-83db-c9609dbc5e4d,
spotify,Senior Web Engineer - Confidence,Stockholm,,,https://jobs.lever.co/spotify/a44d1bf1-e176-47aa-a53d-fb64eb471af4,
spotify,Snr Workplace Experience Coordinator- 9m FTC,Paris,,,https://jobs.lever.co/spotify/232b5b5c-3202-4d52-b8a0-8f7b9d610f9c,
spotify,"Social Marketing Lead, South Korea",Seoul,,,https://jobs.lever.co/spotify/e75b6f15-15cd-438b-be00-8302377201bf,
spotify,"Specialist, CS Content and Design",United States of America (Home Mix),,,https://jobs.lever.co/spotify/8859931e-30be-4a99-bb34-eddf5a8aef1b,
spotify,Staff Designer - Strategic AI Partnerships,London,,,https://jobs.lever.co/spotify/79aeee84-40b8-47e5-b2d6-c25f130828a9,
spotify,"Staff Designer, Core Experience -  Playback Experiences",London,,,https://jobs.lever.co/spotify/38c2241d-e730-468e-bd60-6dd900971418,
spotify,Staff Machine Learning Engineer,London,,,https://jobs.lever.co/spotify/3f98f62d-2bd9-49b7-b765-f24b127817fa,
spotify,"Staff Prompt Designer, Experience",London,,,https://jobs.lever.co/spotify/c3a50a44-e6b1-4300-8bb4-c8ebdab16d7a,
spotify,Staff Research Engineer - Music,Stockholm,,,https://jobs.lever.co/spotify/40fee238-4ba5-4f65-bd6a-c655774d7ce0,
spotify,Staff Research Engineer - Music,"New York, NY",,,https://jobs.lever.co/spotify/d196c5ef-9eac-44ff-9e8a-c82965c7e71a,
spotify,Staff Research Scientist - Music,"New York, NY",,,https://jobs.lever.co/spotify/33114d31-b3d0-4bbb-bf7c-ab32596e8969,
spotify,Staff Research Scientist - Music,Stockholm,,,https://jobs.lever.co/spotify/7ff04f01-8cc5-4ee9-94b4-c05a91fee0d7,
spotify,Workday Payroll Specialist,"New York, NY",,,https://jobs.lever.co/spotify/521272b5-9e4e-4ba0-a0b9-e6e5b067c7ac,
palantir,3D Software Engineer - Application Development,"Seattle, WA",,,https://jobs.lever.co/palantir/5b38dcb4-f9e8-47fb-a9a1-1e13da2de23c,
palantir,3D Software Engineer - Application Development,"Denver, CO",,,https://jobs.lever.co/palantir/8e1ace3a-1329-490b-a4f0-2b4529492636,
palantir,3D Software Engineer - Application Development,"New York, NY",,,https://jobs.lever.co/palantir/91505b09-8082-4edf-bf91-5b015bf3e4be,
palantir,Account Executive,"Washington, D.C.",,,https://jobs.lever.co/palantir/3358fc1e-57ce-4aea-92dc-f334ace89784,
palantir,Account Executive,"Seoul, South Korea",,,https://jobs.lever.co/palantir/5ec536c8-67b8-4b6b-b23e-cde403d59d53,
palantir,Account Executive,"New York, NY",,,https://jobs.lever.co/palantir/c98d8819-364e-450d-a96e-84b9061a7170,
palantir,Account Executive,"Denver, CO",,,https://jobs.lever.co/palantir/f27b9e96-ce3f-4c5f-b8df-5d2e8ad4bf53,
palantir,Administrative Business Partner,"Washington, D.C.",,,https://jobs.lever.co/palantir/3d315de7-b94f-4c29-bcbb-63d51b00325a,
palantir,Administrative Business Partner,"New York, NY",,,https://jobs.lever.co/palantir/a543d82a-a089-4b1c-afd1-4f30d3d8ee23,
palantir,Administrative Business Partner,"London, United Kingdom",,,https://jobs.lever.co/palantir/ac978161-6f46-4f6b-ad9e-a258e642751c,
palantir,Application Security Engineer,"London, United Kingdom",,,https://jobs.lever.co/palantir/205c3184-4272-41a9-a1e2-5352d4d00910,
palantir,Application Security Engineer,"New York, NY",,,https://jobs.lever.co/palantir/7e3ec54c-b73a-4014-8ef3-cdce8a4953c4,
palantir,Application Security Engineer,"Palo Alto, CA",,,https://jobs.lever.co/palantir/86641a6e-5abb-40c5-8cc3-d481f70350d7,
palantir,Application Security Engineer,"Washington, D.C.",,,https://jobs.lever.co/palantir/a5fdd5ec-d1f3-4837-83af-161b003931dd,
palantir,Application Security Engineer,"Seattle, WA",,,https://jobs.lever.co/palantir/f8df815c-6a38-4d57-b75f-c4262b9311b4,
palantir,Backend Software Engineer - Application Development,"London, United Kingdom",,,https://jobs.lever.co/palantir/10dfc8bc-99ad-4ca2-ab76-853cb90a92c2,
palantir,Backend Software Engineer - Application Development,"New York, NY",,,https://jobs.lever.co/palantir/ab7e3425-81d5-4705-a7b5-cd60c8a45cdb,
palantir,Backend Software Engineer - Infrastructure,"Palo Alto, CA",,,https://jobs.lever.co/palantir/a6011eee-a903-4611-a5ff-78e4f9d9b8a4,
palantir,Backend Software Engineer - Infrastructure,"London, United Kingdom",,,https://jobs.lever.co/palantir/f70cdff7-c62f-4b73-a136-909e5e3d1891,
palantir,Backend Software Engineer - Infrastructure,"New York, NY",,,https://jobs.lever.co/palantir/fb2d3222-dbd8-4e03-8d39-47b820e9509c,
palantir,Capture and Proposal Strategist - Federal Health & Civil,"Washington, D.C.",,,https://jobs.lever.co/palantir/622b28d7-7e29-4d21-9728-7a9b7f89b7aa,
palantir,Capture and Proposal Strategist - UK Government,"London, United Kingdom",,,https://jobs.lever.co/palantir/c1849644-0d00-4bd2-ac68-1d9f16de098e,
palantir,Capture and Proposal Strategist - US Defense,"Washington, D.C.",,,https://jobs.lever.co/palantir/4696ca2d-ddc7-4c58-9d74-6bc388d301a4,
palantir,Ceph Infrastructure Engineer,"London, United Kingdom",Kubernetes,,https://jobs.lever.co/palantir/3900d827-5175-4453-be3b-e7fab0ed01f4,"{""Kubernetes"": 1}"
palantir,Ceph Infrastructure Engineer,"New York, NY",Kubernetes,,https://jobs.lever.co/palantir/aadf59e6-80a5-49fd-93d3-58e8de2dc8c9,"{""Kubernetes"": 1}"
palantir,Commercial Contracts Specialist,"New York, NY",,,https://jobs.lever.co/palantir/45241c61-11af-45b5-86a0-a5302c028d6d,
palantir,Commercial Contracts Specialist,"Palo Alto, CA",,,https://jobs.lever.co/palantir/9675791e-59c3-4677-ac62-0c80c38da2eb,
palantir,Communications Designer - Static,"New York, NY",REST,,https://jobs.lever.co/palantir/f4bb0b81-07fa-4088-a26c-c610726fd05e,"{""REST"": 1}"
palantir,Compliance Engineer,"New York, NY",,,https://jobs.lever.co/palantir/6fa1ad9b-4506-45e4-a476-f4292911a279,
palantir,Compliance Engineer,"Palo Alto, CA",,,https://jobs.lever.co/palantir/755c16c2-5207-49a7-9e7d-55eb608e03e6,
palantir,Compliance Engineer,"Washington, D.C.",,,https://jobs.lever.co/palantir/fbf8b12b-38f3-4cdb-a4d3-b5404c0aa98a,
palantir,Corporate Accounting Analyst,"Denver, CO",,,https://jobs.lever.co/palantir/01942c9a-6374-4664-8d71-58a683198b7d,
palantir,Corporate Accounting Analyst,"Palo Alto, CA",,,https://jobs.lever.co/palantir/0502c668-ad02-4f58-8d03-1132f51ef772,
palantir,Data Engineer,"New York, NY",,,https://jobs.lever.co/palantir/3ee6cee2-334c-461f-96a3-48232b6a5796,
palantir,Deal Operations Administrator,"New York, NY",Go,,https://jobs.lever.co/palantir/157d4289-183f-4c4d-bc77-0dbacaba4612,"{""Go"": 1}"
palantir,Deal Operations Administrator,"Denver, CO",Go,,https://jobs.lever.co/palantir/403e8826-3421-43db-ac48-4ddac10cc78d,"{""Go"": 1}"
palantir,Deal Operations Administrator,"Palo Alto, CA",Go,,https://jobs.lever.co/palantir/8c59a77a-1a57-4a2b-9d03-0b757b719015,"{""Go"": 1}"
palantir,Deal Operations Administrator,"Washington, D.C.",Go,,https://jobs.lever.co/palantir/8de3d5d0-8c0a-40ee-9f57-a75165c98689,"{""Go"": 1}"
palantir,Deployment Strategist,"Seoul, South Korea",,,https://jobs.lever.co/palantir/2e193bdf-e668-49c1-ba32-66cc1aa131a4,
palantir,Deployment Strategist,"Sydney, Australia",,,https://jobs.lever.co/palantir/31d461a1-4327-4317-8555-04e2a2fe74b8,
palantir,Deployment Strategist,"Tokyo, Japan",,,https://jobs.lever.co/palantir/8dbf6077-1cae-4f34-9389-ffb6dcfde04b,
palantir,Deployment Strategist,"Chicago, IL",,,https://jobs.lever.co/palantir/bc087dba-1e41-49e0-83bd-36832122363d,
palantir,Deployment Strategist,"Stockholm, Sweden",,,https://jobs.lever.co/palantir/dec0d987-ecf3-4e48-85c5-214807b11d28,
palantir,Deployment Strategist,"New York, NY",,,https://jobs.lever.co/palantir/e0ab8226-b928-4e3a-bf87-08fe7b1ea595,
palantir,Deployment Strategist - Intel,"Washington, D.C.",,,https://jobs.lever.co/palantir/e5b8c2f0-aa26-4615-ba92-f4b5c175c112,
palantir,Deployment Strategist - Japan Forward Deployed,"Washington, D.C.",,,https://jobs.lever.co/palantir/fa93a1f8-dc95-40d0-b5ca-f2aebaab0806,
palantir,Deployment Strategist - Korea Forward Deployed,"Washington, D.C.",,,https://jobs.lever.co/palantir/1a53939d-8ffa-4570-b31a-6d0bc53fdb59,
palantir,Deployment Strategist - UK Government,"London, United Kingdom",,,https://jobs.lever.co/palantir/2f3a0a57-8f77-44d2-99c3-18aef115374f,
palantir,Deployment Strategist - US Government,"Raleigh, NC",,,https://jobs.lever.co/palantir/101ebfbd-50a9-44ed-8bb8-e92a4e601289,
palantir,Deployment Strategist - US Government,"New York, NY",,,https://jobs.lever.co/palantir/30c2563d-9a16-4dd7-81e8-b6f646384199,
palantir,Deployment Strategist - US Government,"Honolulu, HI",,,https://jobs.lever.co/palantir/6f5cf287-1d3e-4c10-abf6-18cf4c955ded,
palantir,Deployment Strategist - US Government,"Washington, D.C.",,,https://jobs.lever.co/palantir/ead4e034-e6e1-4993-86d1-ad9b8e2933a5,
palantir,Deployment Strategist - Warp Speed,"New York, NY",,,https://jobs.lever.co/palantir/8c95f750-9d42-456e-91fd-464ad87e4b83,
palantir,Development Strategist,"Seoul, South Korea",,,https://jobs.lever.co/palantir/6aa71ea8-a790-48b2-852e-6d49ef7e6a12,
palantir,Executive Team Assistant,"Palo Alto, CA",Go,,https://jobs.lever.co/palantir/e3d8dd16-5b86-470e-a5e9-7872627003ad,"{""Go"": 1}"
palantir,Facility Security Officer,"Palo Alto, CA",,,https://jobs.lever.co/palantir/d3560829-22b3-46cc-8e17-9e6456fe3fe0,
palantir,Facility Security Officer,"New York, NY",,,https://jobs.lever.co/palantir/f07e9b81-9587-4172-b4ab-90d6b774795d,
palantir,Federal Compliance Manager,"New York, NY",,,https://jobs.lever.co/palantir/79554cd4-7e5c-4846-b9db-6c3ea8d0fbfa,
palantir,Federal Compliance Manager,"Palo Alto, CA",,,https://jobs.lever.co/palantir/a108d13c-4acd-47d8-bf41-828d26eaa2c1,
palantir,Federal Compliance Manager,"Washington, D.C.",,,https://jobs.lever.co/palantir/fcc7bc49-d9f0-480e-859e-67a10c371c22,
palantir,Forward Deployed AI Engineer,"New York, NY",,,https://jobs.lever.co/palantir/636fc05c-d348-4a06-be51-597cb9e07488,
palantir,Forward Deployed AI Engineer,"London, United Kingdom",,,https://jobs.lever.co/palantir/ff1029bd-bb6d-4d78-a03e-5f9744d0b798,
palantir,Forward Deployed Enablement Engineer - Customer Success,"London, United Kingdom",,,https://jobs.lever.co/palantir/00c2c97b-8514-4617-9883-e53e486b6dcd,
palantir,Forward Deployed Enablement Engineer - Customer Success,"New York, NY",,,https://jobs.lever.co/palantir/4cba9c95-d16f-440d-83e7-2352480f689f,
palantir,Forward Deployed Enablement Engineer - Customer Success,"Denver, CO",,,https://jobs.lever.co/palantir/8d9c0349-45a4-4012-bc33-5a988c6c23f9,
palantir,Forward Deployed Enablement Engineer - Customer Success,"Washington, D.C.",,,https://jobs.lever.co/palantir/a90eb029-19cc-413c-bd51-b8411053d7d4,
palantir,Forward Deployed Enablement Engineer - Customer Success,"Palo Alto, CA",,,https://jobs.lever.co/palantir/f4410b36-29d4-4264-94d1-9d827e0cb38a,
palantir,Forward Deployed Infrastructure Engineer - UK Government,"London, United Kingdom",,,https://jobs.lever.co/palantir/72e51928-07f0-4be0-aae5-0ae6956a4846,
palantir,Forward Deployed Infrastructure Engineer - US Government,"Washington, D.C.",,,https://jobs.lever.co/palantir/74748e0e-a0bc-4c53-a636-ef14e36d9b5e,
palantir,Forward Deployed Software Engineer,"Seoul, South Korea",,,https://jobs.lever.co/palantir/1bb19522-3936-4adc-9ced-c3df8b5900b9,
palantir,Forward Deployed Software Engineer,"Doha, Qatar",,,https://jobs.lever.co/palantir/2a817317-48a6-48b7-9a74-a98ccd2457d2,
palantir,Forward Deployed Software Engineer,"Sydney, Australia",,,https://jobs.lever.co/palantir/408f68f4-73a4-4c59-8937-93f5ca317864,
palantir,Forward Deployed Software Engineer,"Amsterdam, Netherlands",,,https://jobs.lever.co/palantir/492a16bb-6b9f-457e-82c3-294e1a2c565d,
palantir,Forward Deployed Software Engineer,"London, United Kingdom",,,https://jobs.lever.co/palantir/5168e8fd-fec1-4fea-b7a1-81bdaea65850,
palantir,Forward Deployed Software Engineer,"Copenhagen, Denmark",,,https://jobs.lever.co/palantir/558f607f-79ef-4911-b2cf-6b05c3a61072,
palantir,Forward Deployed Software Engineer,"Dubai, United Arab Emirates",,,https://jobs.lever.co/palantir/8148182c-6127-4689-b615-7815a94173bb,
palantir,Forward Deployed Software Engineer,"Chicago, IL",,,https://jobs.lever.co/palantir/8c38feb7-7ca8-429e-9643-efffe2fe0428,
palantir,Forward Deployed Software Engineer,"Abu Dhabi, United Arab Emirates",,,https://jobs.lever.co/palantir/90aa8748-3fef-4e2b-9ea9-c4dc5f37f0d2,
palantir,Forward Deployed Software Engineer,"Vilnius, Lithuania",,,https://jobs.lever.co/palantir/98b81271-9e15-40b7-8dce-0c62f24702f9,
palantir,Forward Deployed Software Engineer,"New York, NY",,,https://jobs.lever.co/palantir/dab396d4-2f14-4796-aac0-0d82883dccf0,
palantir,Forward Deployed Software Engineer  - Edge Autonomous Systems,"Washington, D.C.",,,https://jobs.lever.co/palantir/27bf5707-96fa-460e-8a5b-53bc192ca87b,
palantir,Forward Deployed Software Engineer - Intel,"Washington, D.C.",,,https://jobs.lever.co/palantir/34b3a697-6e22-4751-befd-0b7921abbd5f,
palantir,Forward Deployed Software Engineer - Japan Forward Deployed,"Washington, D.C.",,,https://jobs.lever.co/palantir/8aba5995-653d-4805-96e8-24488e6abf37,
palantir,Forward Deployed Software Engineer - Korea Forward Deployed,"Washington, D.C.",,,https://jobs.lever.co/palantir/a39bf84c-6648-4871-bd07-9b882d401c4c,
palantir,Forward Deployed Software Engineer - US Government,"Raleigh, NC",,,https://jobs.lever.co/palantir/193438c8-5c25-40bb-a540-0c51ac7e9965,
palantir,Forward Deployed Software Engineer - US Government,"Washington, D.C.",,,https://jobs.lever.co/palantir/289ad049-7b4e-41e3-8a39-146fbeb6fb64,
palantir,Forward Deployed Software Engineer - US Government,"San Diego, CA",,,https://jobs.lever.co/palantir/84131e3f-455e-47fc-9c11-898d95f09048,
palantir,Forward Deployed Software Engineer - US Government,"Honolulu, HI",,,https://jobs.lever.co/palantir/ce8ca664-60dc-4f9a-8986-3c96673bcfdf,
palantir,Forward Deployed Software Engineer - US Government,"New York, NY",,,https://jobs.lever.co/palantir/e82b696e-a085-4bbf-8bcb-6d2c4f8cf2f7,
palantir,Forward Deployed Software Engineer - Warp Speed,"New York, NY",,,https://jobs.lever.co/palantir/13f99633-43b5-4459-8e84-25073f257c18,
palantir,"Forward Deployed Software Engineer, Internship - Commercial","London, United Kingdom",,,https://jobs.lever.co/palantir/599b1907-aba1-4303-837b-66e69a521636,
palantir,"Forward Deployed Software Engineer, Internship - UK Government","London, United Kingdom",,,https://jobs.lever.co/palantir/26e23f5d-083b-45aa-b223-1a6e43d960bf,
palantir,"Forward Deployed Software Engineer, New Grad - Commercial","London, United Kingdom",,,https://jobs.lever.co/palantir/2aa14e4f-d406-486e-9aa8-6ff3358d70a0,
palantir,"Forward Deployed Software Engineer, New Grad - UK Government","London, United Kingdom",,,https://jobs.lever.co/palantir/b4aa51a2-bc43-4d67-bf55-12db7feefb3a,
palantir,"Forward Deployed Software Engineer, New Grad - US Government","Washington, D.C.",,,https://jobs.lever.co/palantir/cbe90327-3e6e-451c-a54c-1d3cbcef5aeb,
palantir,"Forward Deployed Software Engineer, New Grad - US Government","New York, NY",,,https://jobs.lever.co/palantir/d1ac83d0-e923-42a5-8e6d-58dd0cab25ca,
palantir,Front End Engineer - Apollo Platform,"New York, NY",,,https://jobs.lever.co/palantir/17ef7e62-4893-402f-9304-452594065e00,
palantir,Front End Engineer - Apollo Platform,"Seattle, WA",,,https://jobs.lever.co/palantir/a320f3cf-80ba-4587-b6a6-b4b74f3caa5a,
palantir,Full Stack Engineer - Mission Manager,"Seattle, WA",Kubernetes,,https://jobs.lever.co/palantir/8c7f921e-20d7-4a5f-b1ce-1c5bc45e43bc,"{""Kubernetes"": 1}"
palantir,Full Stack Engineer - Mission Manager,"New York, NY",Kubernetes,,https://jobs.lever.co/palantir/dd69b9c7-6c6c-4543-8b11-3befdec26a9f,"{""Kubernetes"": 1}"
palantir,Full Stack Software Engineer - Apollo Platform,"Seattle, WA",,,https://jobs.lever.co/palantir/8b61f9fe-fadd-423f-9c69-60a9dd8b831f,
palantir,Full Stack Software Engineer - Apollo Platform,"New York, NY",,,https://jobs.lever.co/palantir/fdebc44f-b74a-4f7a-9d81-baa7bac66cba,
palantir,Full Stack Software Engineer - Application Development,"New York, NY",,,https://jobs.lever.co/palantir/2da4be12-bc7a-4950-87db-e9d68d955ff7,
palantir,Full Stack Software Engineer - Application Development,"London, United Kingdom",,,https://jobs.lever.co/palantir/c44510a1-9537-4c52-ae81-51546979fe47,
palantir,Global Mobility Specialist,"Washington, D.C.",Go,,https://jobs.lever.co/palantir/76b62a88-f991-4605-82ac-8834be151511,"{""Go"": 1}"
palantir,Global Mobility Specialist,"New York, NY",Go,,https://jobs.lever.co/palantir/cfdb534d-6d07-4a67-b055-a81ebbf47f88,"{""Go"": 1}"
palantir,Incident Management Engineer,"London, United Kingdom",,,https://jobs.lever.co/palantir/0dd51d8f-aa78-49f9-ae39-e3b2daa082d1,
palantir,Incident Management Engineer,"Sydney, Australia",,,https://jobs.lever.co/palantir/a263703e-5875-4af5-9196-4c40808d2611,
palantir,Incident Management Engineer,"New York, NY",,,https://jobs.lever.co/palantir/b72abc17-293d-47e0-a094-c1ab0016b794,
palantir,Incident Management Engineer,"Singapore, Singapore",,,https://jobs.lever.co/palantir/c76d12b9-4412-427f-a670-d64e81550700,
palantir,Information Security Engineer,"Seattle, WA",,,https://jobs.lever.co/palantir/1124402c-2088-40c6-b6aa-b9ef7777519b,
palantir,Information Security Engineer,"Washington, D.C.",,,https://jobs.lever.co/palantir/36703f67-6fae-445c-9277-f946121faaa0,
palantir,Information Security Engineer,"New York, NY",,,https://jobs.lever.co/palantir/e2a8360a-710a-4185-b2a9-3b7d9fe590b1,
palantir,Information Systems Security Manager,"New York, NY",,,https://jobs.lever.co/palantir/7e29b1cc-7f0d-4b12-b66c-4a2e56738d7e,
palantir,International Accountant,"London, United Kingdom",,,https://jobs.lever.co/palantir/20f220d8-02bb-404f-bbf1-1022ff3df6b7,
palantir,Legal Counsel,"Dubai, United Arab Emirates",,,https://jobs.lever.co/palantir/467cae95-b064-465c-8f66-3cb3fdfefcef,
palantir,Legal Counsel,"Abu Dhabi, United Arab Emirates",,,https://jobs.lever.co/palantir/917e356a-dafa-49d2-a2ef-70768dc480b4,
palantir,Legal Counsel - Contracts,"Palo Alto, CA",,,https://jobs.lever.co/palantir/26d2329e-cf38-4955-858e-9f84e11f9792,
palantir,Legal Counsel - Contracts,"New York, NY",,,https://jobs.lever.co/palantir/2e2793a7-964e-43af-8ccb-61b9ba2478f4,
palantir,Legal Counsel - Contracts,"Washington, D.C.",,,https://jobs.lever.co/palantir/95d6c12b-4e7c-4ba5-a3ee-8e5553fbbad4,
palantir,Meritocracy Fellowship,"New York, NY",,,https://jobs.lever.co/palantir/7fa0ceca-c30e-48de-9b27-f98469c374f3,
palantir,Mixed Reality Developer,"Washington, D.C.",,,https://jobs.lever.co/palantir/74aed644-d963-4c5d-b7a0-149bc35f9c50,
palantir,Operations Analyst,"Washington, D.C.",,,https://jobs.lever.co/palantir/e346c1a5-5581-4f2f-95a5-1ef01dec04d0,
palantir,Operations Analyst - US Government,"Honolulu, HI",Go,,https://jobs.lever.co/palantir/46530906-4822-4cce-ab86-ef7014d8547f,"{""Go"": 1}"
palantir,People Partner,"New York, NY",,,https://jobs.lever.co/palantir/13eb1ff2-5da3-44b1-b6a9-b5f9d15b4c35,
palantir,People Partner,"Washington, D.C.",,,https://jobs.lever.co/palantir/99ab8dbd-fd69-4216-8c2a-09a202a1cb17,
palantir,Privacy and Civil Liberties Software Engineer,"New York, NY",,,https://jobs.lever.co/palantir/c6404cbe-60eb-4977-afb5-6e3c97ed5283,
palantir,Procurement Contracts Manager,"Palo Alto, CA",,,https://jobs.lever.co/palantir/31f2ad4b-1f5a-4540-a87c-fa2e040aca40,
palantir,Procurement Contracts Manager,"New York, NY",,,https://jobs.lever.co/palantir/3f98c5a5-0c6f-4505-afdb-9833d87f43f9,
palantir,Procurement Contracts Manager,"Washington, D.C.",,,https://jobs.lever.co/palantir/5fab038f-b8cf-4bcb-97e3-63d2b991cf6b,
palantir,Product Concept Designer - Defense,"Washington, D.C.",,,https://jobs.lever.co/palantir/41523738-df52-450b-8e12-93b1470a5eaa,
palantir,Product Concept Designer - Defense,"New York, NY",,,https://jobs.lever.co/palantir/7884d7f6-0338-43ce-8707-4d5f593f699e,
palantir,Product Designer,"London, United Kingdom","JavaScript, TypeScript, HTML, CSS",,https://jobs.lever.co/palantir/2d8b7eaa-5c08-44ef-a0f0-5a96cee2794d,"{""JavaScript"": 1, ""TypeScript"": 1, ""HTML"": 1, ""CSS"": 1}"
palantir,Product Designer - US Government,"New York, NY","JavaScript, TypeScript, HTML, CSS",,https://jobs.lever.co/palantir/c2d11af1-5b84-4be0-92ac-36113fb8f2b5,"{""JavaScript"": 1, ""TypeScript"": 1, ""HTML"": 1, ""CSS"": 1}"
palantir,Product Designer - US Government,"Washington, D.C.","JavaScript, TypeScript, HTML, CSS",,https://jobs.lever.co/palantir/dc02f308-bbcc-4163-b4fb-3f68efb2ce24,"{""JavaScript"": 1, ""TypeScript"": 1, ""HTML"": 1, ""CSS"": 1}"
palantir,"Product Designer, Internship","New York, NY",,,https://jobs.lever.co/palantir/1a935143-e857-480c-bc5a-ad625d754eb6,
palantir,"Product Designer, Internship","London, United Kingdom",,,https://jobs.lever.co/palantir/44129013-01e0-4699-8fc1-7a189bb37b63,
palantir,"Product Designer, Internship - US Government","New York, NY",,,https://jobs.lever.co/palantir/8f7bbffa-92aa-4d25-9586-943b3322a27d,
palantir,"Product Designer, Internship - US Government","Washington, D.C.",,,https://jobs.lever.co/palantir/fa060d94-f85d-4d02-be58-b81787fe57e5,
palantir,"Product Designer, New Grad","London, United Kingdom",,,https://jobs.lever.co/palantir/76161763-bafa-4ebb-a2ce-2a25e315b7d7,
palantir,"Product Designer, New Grad - Developer Experience","New York, NY",,,https://jobs.lever.co/palantir/02fe0b60-6fc4-46dd-b0e3-e0d3da3aaa4d,
palantir,"Product Designer, New Grad - US Government","Washington, D.C.",,,https://jobs.lever.co/palantir/25378ba0-db78-4c70-8174-a05ce514fc65,
palantir,"Product Designer, New Grad - US Government","New York, NY",,,https://jobs.lever.co/palantir/5f7a90e7-f927-47bf-90ed-52d17c58ae02,
palantir,Senior Front End Software Engineer - Application Development,"London, United Kingdom",,,https://jobs.lever.co/palantir/4e7d0732-f477-4c7a-aac9-abd62f8c9987,
palantir,Senior Front End Software Engineer - Application Development,"New York, NY",,,https://jobs.lever.co/palantir/d2a87a1d-63f4-4dcd-b0d0-f6be91fed4d3,
palantir,Senior Payroll Analyst,"Denver, CO",,,https://jobs.lever.co/palantir/0d30d06c-919d-4855-94e2-270a30cc4cc0,
palantir,Senior Payroll Analyst,"Palo Alto, CA",,,https://jobs.lever.co/palantir/93fd54c3-a0c6-4011-8e7b-9e20574ec915,
palantir,Senior Payroll Analyst,"Seattle, WA",,,https://jobs.lever.co/palantir/bab18af8-c129-4f93-b4ed-42b2a3ec09da,
palantir,Senior Software Engineer - Autonomous Systems,"Seattle, WA",,,https://jobs.lever.co/palantir/88f8f593-af1f-4d27-9042-454c24a64d3f,
palantir,"Senior Software Engineer, Network Infrastructure","Seattle, WA",Kubernetes,,https://jobs.lever.co/palantir/39c57909-ae76-4c86-9290-9fb50c689c4f,"{""Kubernetes"": 1}"
palantir,"Senior Software Engineer, Network Infrastructure","New York, NY",Kubernetes,,https://jobs.lever.co/palantir/55005ee7-4e06-4520-b569-f6e8f26745cb,"{""Kubernetes"": 1}"
palantir,"Senior Software Engineer, Network Infrastructure","Washington, D.C.",Kubernetes,,https://jobs.lever.co/palantir/89a77547-8b74-45b2-8590-f04b16e19a59,"{""Kubernetes"": 1}"
palantir,"Senior Software Engineer, Substrate","Washington, D.C.",Kubernetes,,https://jobs.lever.co/palantir/26176860-7b27-412a-9959-d8b8705acf53,"{""Kubernetes"": 1}"
palantir,"Senior Software Engineer, Substrate","New York, NY",Kubernetes,,https://jobs.lever.co/palantir/68d690cf-fc8a-4755-9b69-abe13f93d262,"{""Kubernetes"": 1}"
palantir,"Senior Software Engineer, Substrate","London, United Kingdom",Kubernetes,,https://jobs.lever.co/palantir/b80d45be-7fe8-4a11-b159-65551320c61f,"{""Kubernetes"": 1}"
palantir,"Senior Software Engineer, Substrate","Seattle, WA",Kubernetes,,https://jobs.lever.co/palantir/c38bb622-6f8e-43a1-8ae7-32291da328a8,"{""Kubernetes"": 1}"
palantir,Site Reliability Operations Analyst - Commercial,"New York, NY",,,https://jobs.lever.co/palantir/5174e95b-2e0a-46f8-8db7-e2c837a0ac94,
palantir,Site Reliability Operations Analyst - Commercial,"Seoul, South Korea",,,https://jobs.lever.co/palantir/b3927d7f-ffd8-43e2-bd92-c0c770857e4b,
palantir,Site Reliability Operations Analyst - US Government,"Washington, D.C.",,,https://jobs.lever.co/palantir/38758e88-5884-4a11-98ac-d23cab51bc7a,
palantir,Site Reliability Operations Analyst - US Government,"New York, NY",,,https://jobs.lever.co/palantir/7d91ca36-1e23-4603-b0f1-82a835e27d3f,
palantir,Software Engineer - Apollo Platform,"New York, NY",,,https://jobs.lever.co/palantir/8f308f3e-43d2-49c9-accd-cc7af0f1565c,
palantir,Software Engineer - Apollo Platform,"Seattle, WA",,,https://jobs.lever.co/palantir/afea07a8-2721-45e6-a9ca-6580f3f9783c,
palantir,Software Engineer - Apollo Platform,"London, United Kingdom",,,https://jobs.lever.co/palantir/f75cb0d2-6608-450b-848e-0f27937c930d,
palantir,Software Engineer - Apollo Systems,"New York, NY","Docker, Kubernetes",,https://jobs.lever.co/palantir/832e4652-5088-4e5b-aeac-1e82ec3ebad4,"{""Docker"": 1, ""Kubernetes"": 1}"
palantir,Software Engineer - Apollo Systems,"Seattle, WA","Docker, Kubernetes",,https://jobs.lever.co/palantir/e47d4410-2542-47d8-b558-b5295fc28821,"{""Docker"": 1, ""Kubernetes"": 1}"
palantir,Software Engineer - Developer Productivity,"New York, NY",,,https://jobs.lever.co/palantir/3c84af24-b7aa-483e-b2c3-e1d83494fe15,
palantir,Software Engineer - Edge,"Washington, D.C.","C++, Rust",,https://jobs.lever.co/palantir/397fb983-47b7-4a53-a7df-f080f43f7720,"{""C++"": 1, ""Rust"": 1}"
palantir,Software Engineer - Environment Platform,"Seattle, WA",Kubernetes,,https://jobs.lever.co/palantir/cd2423c6-da68-430c-8be5-0ae7eea36497,"{""Kubernetes"": 1}"
palantir,Software Engineer - Environment Platform,"New York, NY",Kubernetes,,https://jobs.lever.co/palantir/d5d83a8f-cb96-41cc-9612-c7224fbb2fbc,"{""Kubernetes"": 1}"
palantir,Software Engineer - Frontend Developer Productivity,"New York, NY",GraphQL,,https://jobs.lever.co/palantir/71ed917e-850a-484b-9454-fa66bdf24540,"{""GraphQL"": 1}"
palantir,Software Engineer - Frontline,"London, United Kingdom",,,https://jobs.lever.co/palantir/07b5a214-2c83-4221-9d7c-397cabe527e2,
palantir,Software Engineer - Frontline,"New York, NY",,,https://jobs.lever.co/palantir/4a89a071-e32b-4a7e-adbc-fd286d19dc1b,
palantir,"Software Engineer - Infrastructure, Foundry Platform","New York, NY",,,https://jobs.lever.co/palantir/6fe5515f-f677-4d98-8ac2-1775a425f5e7,
palantir,Software Engineer - Mission Manager,"Washington, D.C.",Kubernetes,,https://jobs.lever.co/palantir/8aec0fba-0ac9-48a5-8f54-f2d8465d6698,"{""Kubernetes"": 1}"
palantir,Software Engineer - Mission Manager,"New York, NY",Kubernetes,,https://jobs.lever.co/palantir/c0b60d64-1244-4270-9d55-14115c97c24b,"{""Kubernetes"": 1}"
palantir,Software Engineer - Mission Manager,"Seattle, WA",Kubernetes,,https://jobs.lever.co/palantir/e168a922-a2f0-45d0-912c-678d66e15118,"{""Kubernetes"": 1}"
palantir,"Software Engineer – Revenue Intelligence, Cost Optimization & Pricing Systems","New York, NY",,,https://jobs.lever.co/palantir/93056fe5-987f-469b-9887-5caa05e054bf,
palantir,"Software Engineer, Internship","Seattle, WA","Java, TypeScript, Go, React, Redux, Cassandra, Elasticsearch, Spark",,https://jobs.lever.co/palantir/2fb19022-bb65-4af8-b6fa-31beb345c140,"{""Java"": 1, ""TypeScript"": 1, ""Go"": 1, ""React"": 1, ""Redux"": 1, ""Cassandra"": 1, ""Elasticsearch"": 1, ""Spark"": 1}"
palantir,"Software Engineer, Internship","Denver, CO","Java, TypeScript, Go, React, Redux, Cassandra, Elasticsearch, Spark",,https://jobs.lever.co/palantir/373eb939-6f57-4836-8479-be79a5e07249,"{""Java"": 1, ""TypeScript"": 1, ""Go"": 1, ""React"": 1, ""Redux"": 1, ""Cassandra"": 1, ""Elasticsearch"": 1, ""Spark"": 1}"
palantir,"Software Engineer, Internship","London, United Kingdom","Java, TypeScript, Go, React, Redux, Cassandra, Elasticsearch, Spark",,https://jobs.lever.co/palantir/76a60923-bb49-40f5-b061-7c7eb1299602,"{""Java"": 1, ""TypeScript"": 1, ""Go"": 1, ""React"": 1, ""Redux"": 1, ""Cassandra"": 1, ""Elasticsearch"": 1, ""Spark"": 1}"
palantir,"Software Engineer, Internship","New York, NY","Java, TypeScript, Go, React, Redux, Cassandra, Elasticsearch, Spark",,https://jobs.lever.co/palantir/7d69cf8a-06fd-4f05-bd84-27149db29c4d,"{""Java"": 1, ""TypeScript"": 1, ""Go"": 1, ""React"": 1, ""Redux"": 1, ""Cassandra"": 1, ""Elasticsearch"": 1, ""Spark"": 1}"
palantir,"Software Engineer, Internship","Washington, D.C.","Java, TypeScript, Go, React, Redux, Cassandra, Elasticsearch, Spark",,https://jobs.lever.co/palantir/bdcfb29f-4f27-42de-933f-7f83a359b9f0,"{""Java"": 1, ""TypeScript"": 1, ""Go"": 1, ""React"": 1, ""Redux"": 1, ""Cassandra"": 1, ""Elasticsearch"": 1, ""Spark"": 1}"
palantir,"Software Engineer, Internship","Palo Alto, CA","Java, TypeScript, Go, React, Redux, Cassandra, Elasticsearch, Spark",,https://jobs.lever.co/palantir/e27af7ab-41fc-40c9-b31d-02c6cb1c505c,"{""Java"": 1, ""TypeScript"": 1, ""Go"": 1, ""React"": 1, ""Redux"": 1, ""Cassandra"": 1, ""Elasticsearch"": 1, ""Spark"": 1}"
palantir,"Software Engineer, Internship - Defense Tech","New York, NY","Java, TypeScript, Go, React, Redux, Cassandra, Elasticsearch, Spark",,https://jobs.lever.co/palantir/8bcf4f33-0a79-4248-bbfd-49ac4be9dd8e,"{""Java"": 1, ""TypeScript"": 1, ""Go"": 1, ""React"": 1, ""Redux"": 1, ""Cassandra"": 1, ""Elasticsearch"": 1, ""Spark"": 1}"
palantir,"Software Engineer, Internship - Defense Tech","Palo Alto, CA","Java, TypeScript, Go, React, Redux, Cassandra, Elasticsearch, Spark",,https://jobs.lever.co/palantir/a483f41b-0da9-42ea-8ed6-cbf6eb93cc6d,"{""Java"": 1, ""TypeScript"": 1, ""Go"": 1, ""React"": 1, ""Redux"": 1, ""Cassandra"": 1, ""Elasticsearch"": 1, ""Spark"": 1}"
palantir,"Software Engineer, Internship - Defense Tech","Washington, D.C.","Java, TypeScript, Go, React, Redux, Cassandra, Elasticsearch, Spark",,https://jobs.lever.co/palantir/f17e98d0-046a-4e6e-9d65-ed0b12dd0ff7,"{""Java"": 1, ""TypeScript"": 1, ""Go"": 1, ""React"": 1, ""Redux"": 1, ""Cassandra"": 1, ""Elasticsearch"": 1, ""Spark"": 1}"
palantir,"Software Engineer, Internship - Infrastructure","New York, NY","Java, TypeScript, Go, React, Redux, Cassandra, Elasticsearch, Spark",,https://jobs.lever.co/palantir/b229baac-494b-4a0d-9a13-2e38806e06f3,"{""Java"": 1, ""TypeScript"": 1, ""Go"": 1, ""React"": 1, ""Redux"": 1, ""Cassandra"": 1, ""Elasticsearch"": 1, ""Spark"": 1}"
palantir,"Software Engineer, Internship - Infrastructure","Palo Alto, CA","Java, TypeScript, Go, React, Redux, Cassandra, Elasticsearch, Spark",,https://jobs.lever.co/palantir/f221738b-e97c-4ce3-a12a-17ada2b855e4,"{""Java"": 1, ""TypeScript"": 1, ""Go"": 1, ""React"": 1, ""Redux"": 1, ""Cassandra"": 1, ""Elasticsearch"": 1, ""Spark"": 1}"
palantir,"Software Engineer, Internship - Infrastructure","London, United Kingdom","Java, TypeScript, Go, React, Redux, Cassandra, Elasticsearch, Spark",,https://jobs.lever.co/palantir/fd3603a9-7016-45c6-9c8d-04c9279ab85e,"{""Java"": 1, ""TypeScript"": 1, ""Go"": 1, ""React"": 1, ""Redux"": 1, ""Cassandra"": 1, ""Elasticsearch"": 1, ""Spark"": 1}"
palantir,"Software Engineer, Internship - Production Infrastructure","Seattle, WA","Java, TypeScript, Go, React, Redux, Kubernetes, Grafana",,https://jobs.lever.co/palantir/373367a9-3160-49d8-b7af-2efec062fad1,"{""Java"": 1, ""TypeScript"": 1, ""Go"": 1, ""React"": 1, ""Redux"": 1, ""Kubernetes"": 1, ""Grafana"": 1}"
palantir,"Software Engineer, Internship - Production Infrastructure","New York, NY","Java, TypeScript, Go, React, Redux, Kubernetes, Grafana",,https://jobs.lever.co/palantir/37964982-9b4c-471e-a1d8-fb8f45d7f116,"{""Java"": 1, ""TypeScript"": 1, ""Go"": 1, ""React"": 1, ""Redux"": 1, ""Kubernetes"": 1, ""Grafana"": 1}"
palantir,"Software Engineer, Internship - Production Infrastructure","Washington, D.C.","Java, TypeScript, Go, React, Redux, Kubernetes, Grafana",,https://jobs.lever.co/palantir/3ab9e715-1ea9-4c6c-ad50-7340eac14e86,"{""Java"": 1, ""TypeScript"": 1, ""Go"": 1, ""React"": 1, ""Redux"": 1, ""Kubernetes"": 1, ""Grafana"": 1}"
palantir,"Software Engineer, Internship - Production Infrastructure","London, United Kingdom","Java, TypeScript, Go, React, Redux, Kubernetes, Grafana",,https://jobs.lever.co/palantir/bc5c4098-07d5-49ed-a398-a27e6191aa30,"{""Java"": 1, ""TypeScript"": 1, ""Go"": 1, ""React"": 1, ""Redux"": 1, ""Kubernetes"": 1, ""Grafana"": 1}"
palantir,"Software Engineer, New Grad","Singapore, Singapore","Java, TypeScript, Go, React, Redux, Cassandra, Elasticsearch, Spark",,https://jobs.lever.co/palantir/2458ba08-de79-4e8f-b553-060f9568727e,"{""Java"": 1, ""TypeScript"": 1, ""Go"": 1, ""React"": 1, ""Redux"": 1, ""Cassandra"": 1, ""Elasticsearch"": 1, ""Spark"": 1}"
palantir,"Software Engineer, New Grad","New York, NY","Java, TypeScript, Go, React, Redux, Cassandra, Elasticsearch, Spark",,https://jobs.lever.co/palantir/94984771-0704-446c-88c6-91ce748f6d92,"{""Java"": 1, ""TypeScript"": 1, ""Go"": 1, ""React"": 1, ""Redux"": 1, ""Cassandra"": 1, ""Elasticsearch"": 1, ""Spark"": 1}"
palantir,"Software Engineer, New Grad","Denver, CO","Java, TypeScript, Go, React, Redux, Cassandra, Elasticsearch, Spark",,https://jobs.lever.co/palantir/c34b424e-caf2-455a-b104-ae1096ccca29,"{""Java"": 1, ""TypeScript"": 1, ""Go"": 1, ""React"": 1, ""Redux"": 1, ""Cassandra"": 1, ""Elasticsearch"": 1, ""Spark"": 1}"
palantir,"Software Engineer, New Grad","London, United Kingdom","Java, TypeScript, Go, React, Redux, Cassandra, Elasticsearch, Spark",,https://jobs.lever.co/palantir/d372c805-d0cd-4a10-9522-fbecc78d6f3e,"{""Java"": 1, ""TypeScript"": 1, ""Go"": 1, ""React"": 1, ""Redux"": 1, ""Cassandra"": 1, ""Elasticsearch"": 1, ""Spark"": 1}"
palantir,"Software Engineer, New Grad","Seattle, WA","Java, TypeScript, Go, React, Redux, Cassandra, Elasticsearch, Spark",,https://jobs.lever.co/palantir/dea9d3d5-75b2-4588-b7bd-585a47b79c8c,"{""Java"": 1, ""TypeScript"": 1, ""Go"": 1, ""React"": 1, ""Redux"": 1, ""Cassandra"": 1, ""Elasticsearch"": 1, ""Spark"": 1}"
palantir,"Software Engineer, New Grad - Defense","New York, NY","Java, TypeScript, Go, React, Redux, Cassandra, Elasticsearch, Spark",,https://jobs.lever.co/palantir/0a838e66-1ab0-4fc4-b4d3-4671c0352278,"{""Java"": 1, ""TypeScript"": 1, ""Go"": 1, ""React"": 1, ""Redux"": 1, ""Cassandra"": 1, ""Elasticsearch"": 1, ""Spark"": 1}"
palantir,"Software Engineer, New Grad - Defense","Washington, D.C.","Java, TypeScript, Go, React, Redux, Cassandra, Elasticsearch, Spark",,https://jobs.lever.co/palantir/18d901fc-93bb-4d18-9f04-c72031e20d79,"{""Java"": 1, ""TypeScript"": 1, ""Go"": 1, ""React"": 1, ""Redux"": 1, ""Cassandra"": 1, ""Elasticsearch"": 1, ""Spark"": 1}"
palantir,"Software Engineer, New Grad - Defense","Palo Alto, CA","Java, TypeScript, Go, React, Redux, Cassandra, Elasticsearch, Spark",,https://jobs.lever.co/palantir/f362d7aa-360d-4059-ab38-f482742693b3,"{""Java"": 1, ""TypeScript"": 1, ""Go"": 1, ""React"": 1, ""Redux"": 1, ""Cassandra"": 1, ""Elasticsearch"": 1, ""Spark"": 1}"
palantir,"Software Engineer, New Grad - Infrastructure","New York, NY","Java, TypeScript, Go, React, Redux, Cassandra, Elasticsearch, Spark",,https://jobs.lever.co/palantir/4abf26b4-795c-420a-bf22-1ab98db268b4,"{""Java"": 1, ""TypeScript"": 1, ""Go"": 1, ""React"": 1, ""Redux"": 1, ""Cassandra"": 1, ""Elasticsearch"": 1, ""Spark"": 1}"
palantir,"Software Engineer, New Grad - Infrastructure","Palo Alto, CA","Java, TypeScript, Go, React, Redux, Cassandra, Elasticsearch, Spark",,https://jobs.lever.co/palantir/7d75bed5-45d8-4876-840a-2d92ea79c98d,"{""Java"": 1, ""TypeScript"": 1, ""Go"": 1, ""React"": 1, ""Redux"": 1, ""Cassandra"": 1, ""Elasticsearch"": 1, ""Spark"": 1}"
palantir,"Software Engineer, New Grad - Infrastructure","London, United Kingdom","Java, TypeScript, Go, React, Redux, Cassandra, Elasticsearch, Spark",,https://jobs.lever.co/palantir/9265acce-12cd-4179-8c50-55d15963532b,"{""Java"": 1, ""TypeScript"": 1, ""Go"": 1, ""React"": 1, ""Redux"": 1, ""Cassandra"": 1, ""Elasticsearch"": 1, ""Spark"": 1}"
palantir,"Software Engineer, New Grad - Production Infrastructure","Washington, D.C.","Java, TypeScript, Go, React, Redux, Kubernetes, Grafana",,https://jobs.lever.co/palantir/15844944-fb69-4b57-9531-e988650b20c6,"{""Java"": 1, ""TypeScript"": 1, ""Go"": 1, ""React"": 1, ""Redux"": 1, ""Kubernetes"": 1, ""Grafana"": 1}"
palantir,"Software Engineer, New Grad - Production Infrastructure","London, United Kingdom","Java, TypeScript, Go, React, Redux, Kubernetes, Grafana",,https://jobs.lever.co/palantir/3f4dd595-2f57-4b5f-a50a-8d3084641ef8,"{""Java"": 1, ""TypeScript"": 1, ""Go"": 1, ""React"": 1, ""Redux"": 1, ""Kubernetes"": 1, ""Grafana"": 1}"
palantir,"Software Engineer, New Grad - Production Infrastructure","Seattle, WA","Java, TypeScript, Go, React, Redux, Kubernetes, Grafana",,https://jobs.lever.co/palantir/4d5a144e-87ea-45e2-a68c-3fad590629af,"{""Java"": 1, ""TypeScript"": 1, ""Go"": 1, ""React"": 1, ""Redux"": 1, ""Kubernetes"": 1, ""Grafana"": 1}"
palantir,"Software Engineer, New Grad - Production Infrastructure","New York, NY","Java, TypeScript, Go, React, Redux, Kubernetes, Grafana",,https://jobs.lever.co/palantir/e1a6c138-98bf-45e2-97f7-2c70371cc38a,"{""Java"": 1, ""TypeScript"": 1, ""Go"": 1, ""React"": 1, ""Redux"": 1, ""Kubernetes"": 1, ""Grafana"": 1}"
palantir,Staff Software Engineer - Observability,"New York, NY",,,https://jobs.lever.co/palantir/bd6db751-afeb-4736-9329-06aab8fa9557,
palantir,Support Engineer - US Government,"Palo Alto, CA",Go,,https://jobs.lever.co/palantir/ad443fe3-f1ae-4873-b2c3-09e8d39c3c2c,"{""Go"": 1}"
palantir,Systems Engineer - Business Systems,"London, United Kingdom",,,https://jobs.lever.co/palantir/1ec0ff9f-3d9d-43bc-8aa0-005a887513d0,
palantir,Systems Engineer - Business Systems,"New York, NY",,,https://jobs.lever.co/palantir/78dbb616-cf3c-489c-9eb2-e6fc9bd9993a,
palantir,Systems Engineer - Business Systems,"Washington, D.C.",,,https://jobs.lever.co/palantir/da426d8b-5963-42e5-9b19-84649cb519cc,
palantir,Systems Engineer - Business Systems,"Denver, CO",,,https://jobs.lever.co/palantir/df20ad9f-3d7f-4267-8e37-8253f717534a,
palantir,Systems Engineer - Business Systems,"Palo Alto, CA",,,https://jobs.lever.co/palantir/e1d6117e-2ee0-4cf6-8040-256c3009389f,
palantir,Systems Engineer - Microsoft 365,"Washington, D.C.",,,https://jobs.lever.co/palantir/4fbe610c-a1f2-47ca-9932-4bc35e65ee31,
palantir,Systems Engineer - Microsoft 365,"New York, NY",,,https://jobs.lever.co/palantir/810e07f1-0f24-432e-a615-58478bf6ee51,
palantir,Talent Coordinator,"New York, NY",,,https://jobs.lever.co/palantir/4186c7e2-1fc4-4049-81fb-fa98efb9d1de,
palantir,Talent Coordinator,"London, United Kingdom",,,https://jobs.lever.co/palantir/a114f925-b5cb-4076-bf68-c77310754aec,
palantir,Talent Strategist,"London, United Kingdom",,,https://jobs.lever.co/palantir/484658a9-d6da-4d5f-9ab3-7c9f6ae3cd71,
palantir,Talent Strategist,"New York, NY",,,https://jobs.lever.co/palantir/fef637bd-60f6-4603-b749-14e609c473a5,
palantir,Technical Program Manager (TPM),"New York, NY",,,https://jobs.lever.co/palantir/7eb0dedb-37ee-4175-b29f-10a9e4340076,
palantir,Technical Program Manager (TPM) - Defense,"Washington, D.C.",,,https://jobs.lever.co/palantir/bd16f7ad-3bee-48fd-9902-b3ee9698b608,
palantir,Technical Writer,"New York, NY",,,https://jobs.lever.co/palantir/95a76f41-97a4-4696-ade3-9c5a47a569c7,
palantir,Technical Writer,"Washington, D.C.",,,https://jobs.lever.co/palantir/b11a97bd-ac86-4cf8-a008-ffe1772a190a,
palantir,Technical Writer,"London, United Kingdom",,,https://jobs.lever.co/palantir/c9426c38-9c6f-44bc-acad-bb2e6ed315f6,
palantir,Threat Specialist,"New York, NY",,,https://jobs.lever.co/palantir/2b11cbf8-18b0-44b0-a4ed-0d8bd4ffc9c7,
palantir,Threat Specialist,"Denver, CO",,,https://jobs.lever.co/palantir/7cf614d7-cc9a-485c-862d-1a72ff2df53c,
palantir,Threat Specialist,"Seattle, WA",,,https://jobs.lever.co/palantir/8f87fb12-7b8d-4ac0-b780-4d163ac98f74,
palantir,Threat Specialist,"Washington, D.C.",,,https://jobs.lever.co/palantir/e4582dd9-999e-4587-b524-aeb04c705a1b,
palantir,UKG Compliance Engineer,"London, United Kingdom",,,https://jobs.lever.co/palantir/f103bd3b-03e5-49ef-a8d4-8647e6e258b8,
palantir,Web Application Developer - Defense,"Washington, D.C.",,,https://jobs.lever.co/palantir/4255e21c-d0f2-4f57-b5db-1f65830d6425,
palantir,Web Application Developer - Defense,"New York, NY",,,https://jobs.lever.co/palantir/6a82fd06-5754-46c2-8214-9ca4cd89fb9d,
palantir,Web Application Developer - Defense,"Palo Alto, CA",,,https://jobs.lever.co/palantir/96e4295f-3af7-48e5-a2c8-74622eaf5587,
palantir,Workplace Operations Analyst,"Washington, D.C.",,,https://jobs.lever.co/palantir/885b4e3a-fc76-4818-9b45-9386e615c74b,
linkedin,SJ TEST LEVER CONTRACT 2011453941,Alaska,"Python, Java",,https://jobs.lever.co/linkedin/32ea1c8c-03ce-4b1f-bd5c-9082fe00defd,"{""Python"": 1, ""Java"": 1}"
binance,Accounting and Finance Executive/ Senior Executive,"Türkiye, Istanbul",,,https://jobs.lever.co/binance/37a4ea49-7e5a-40fe-ba4a-549696714afd,
binance,Affiliate BD- Korean Speaker,Asia,,,https://jobs.lever.co/binance/4ee03397-f28f-4d8e-999b-4a26a58ba0b8,
binance,Affiliate Operations - Greater China,Asia,,,https://jobs.lever.co/binance/a1806ff4-923d-4758-82de-d607a5d28011,
binance,Affiliate Relationship Manager,South East Asia,,,https://jobs.lever.co/binance/a4afbf8d-7c5a-4146-b639-480e7d284df9,
binance,"Affiliate Relationship Manager, Affiliate增长商务经理",Asia,,,https://jobs.lever.co/binance/0cc63ce9-a0bb-4162-a370-ff7a52d29b22,
binance,AI Agentic Software Engineer (Python),"Taiwan, Taipei",,,https://jobs.lever.co/binance/5bdeb795-2c84-4245-a86f-c73c108c1bb9,
binance,AI Chatbot Product Manager,Asia,,,https://jobs.lever.co/binance/4e1e4873-f239-4996-a42b-9b79596cfa6d,
binance,AI Product Manager,"Taiwan, Taipei",,,https://jobs.lever.co/binance/2f2852ae-c6aa-4789-8ce0-d1f17e5b4bb8,
binance,AML Specialist,"Brazil, Sao Paulo",,,https://jobs.lever.co/binance/93b31cec-39b7-4828-8610-3e8bb4c75d3c,
binance,Android Architect/Developer (IM Chat),Asia,,,https://jobs.lever.co/binance/a26e0e55-ee40-412d-b2e6-521dbbe8aa52,
binance,"Architect QA Engineer (Java, Middleware & Microservice)",Asia,,,https://jobs.lever.co/binance/2c4a2212-9eba-47b0-a66a-39566cae53e6,
binance,Backend Architect - Java,Asia,,,https://jobs.lever.co/binance/33ce2dfe-65b7-44af-bfc7-c1424714b64c,
binance,Backend Java Engineer (Web3) - Binance Wallet,Asia,,,https://jobs.lever.co/binance/af989f78-c76a-4656-a504-978133f8256a,
binance,Binance Accelerator Program - Academy Business Development,Global,,,https://jobs.lever.co/binance/c990c88c-ba74-43bc-8885-916087252528,
binance,Binance Accelerator Program - Administration (APAC),Asia,,,https://jobs.lever.co/binance/b3b07dd2-5dff-48bf-9e56-17aacfe10237,
binance,Binance Accelerator Program - Administration (TH),"Thailand, Bangkok",,,https://jobs.lever.co/binance/b050e608-5a8d-4c7d-8e82-cf0499f3aa24,
binance,Binance Accelerator Program - Affiliate BD (Greater China),Asia,,,https://jobs.lever.co/binance/492e6349-e1c2-4a0c-b5ea-42b81f418192,
binance,Binance Accelerator Program - AI Security Automation,Asia,,,https://jobs.lever.co/binance/14dba7b6-f499-4e10-af3d-b194dbc5d216,
binance,Binance Accelerator Program - Backend & QA Automation Engineer,Asia,,,https://jobs.lever.co/binance/aac1e1d3-4680-4aa8-8f83-656f66d6aabe,
binance,Binance Accelerator Program - Binance Academy Editor,Asia,,,https://jobs.lever.co/binance/8caaf30d-48d2-44a1-8db4-fb6bb35df10d,
binance,Binance Accelerator Program - Compliance Operations,"UAE, Dubai",,,https://jobs.lever.co/binance/814d7a77-1583-486f-869e-4619e2535256,
binance,Binance Accelerator Program - Compliance Operations,"Japan, Tokyo",,,https://jobs.lever.co/binance/bd377768-416e-40dd-9217-fa6f7f851b83,
binance,Binance Accelerator Program - Compliance/Sanctions,Asia,,,https://jobs.lever.co/binance/f40f4bf8-7d85-4fb6-a9d7-d369cf39a5b1,
binance,Binance Accelerator Program - Creative Program Executive,"UAE, Abu Dhabi",,,https://jobs.lever.co/binance/db69ffd0-6c0d-436b-9db0-44669457f795,
binance,Binance Accelerator Program - Creative Social Media & Meme,Global,,,https://jobs.lever.co/binance/22f3f712-0d63-4a02-a9f3-9e7049f7e35b,
binance,Binance Accelerator Program - Creator Partnerships (Vietnamese),South East Asia,,,https://jobs.lever.co/binance/5a376bdb-420e-4ccb-a25c-eff2eef2229d,
binance,Binance Accelerator Program - Data Product Manager (Derivatives),Hong Kong,,,https://jobs.lever.co/binance/6296f8cc-4555-4919-a6a9-ed019585e1df,
binance,Binance Accelerator Program - Data Scientist (AI/LLM),"Taiwan, Taipei",,,https://jobs.lever.co/binance/96e8326e-074f-4d1f-89c4-8ed1a6f96014,
binance,Binance Accelerator Program - Design (APAC),Global,,,https://jobs.lever.co/binance/66397819-284a-499f-8138-9586f7efa0af,
binance,Binance Accelerator Program - Frontend Engineer (for current university students ),Asia,,,https://jobs.lever.co/binance/0fb87357-dcff-4a71-a4f0-57c55f1da4d5,
binance,Binance Accelerator Program - Graphic Designer (6 months),Asia,,,https://jobs.lever.co/binance/665ac2da-be19-493b-bac7-5e3a2aa60117,
binance,Binance Accelerator Program - HR C&B Specialist,Asia,,,https://jobs.lever.co/binance/37080d02-c60a-4003-a491-e931525dc043,
binance,Binance Accelerator Program - HR Talent Acquisition,Hong Kong,,,https://jobs.lever.co/binance/284aa908-bcde-4d4c-8b56-6aa9ad4b6f24,
binance,Binance Accelerator Program - HR Talent Acquisition (Recruitment),Europe,,,https://jobs.lever.co/binance/00576723-101c-43f4-88e9-47ac70e9cee5,
binance,Binance Accelerator Program - Infrastructure Security (Python/ LLM),Asia,,,https://jobs.lever.co/binance/f7b23016-a6a3-4c02-a2b0-3553c7a5f3a1,
binance,Binance Accelerator Program - Lifecycle Marketing,Asia,,,https://jobs.lever.co/binance/046f1f47-7015-4630-b653-1653931e3316,
binance,Binance Accelerator Program - Marketing (Argentina),"Argentina, Buenos Aires",,,https://jobs.lever.co/binance/a0449611-c0d2-4eac-85b0-4583d306d142,
binance,Binance Accelerator Program - Marketing Armenia,"Armenia, Yerevan",,,https://jobs.lever.co/binance/cf909c2b-2bc8-40a7-bceb-cf4b662bfb32,
binance,Binance Accelerator Program - Marketing BD Operations,"UAE, Abu Dhabi",,,https://jobs.lever.co/binance/895f21fa-4ebe-4f39-8165-0c9c688181f5,
binance,Binance Accelerator Program - Marketing Kyrgyzstan,"Kyrgyzstan, Bishkek",,,https://jobs.lever.co/binance/f8d05a49-683b-4fe5-8cce-180cdff3e1a0,
binance,Binance Accelerator Program - Merchant Operations and Marketing (Payment),Hong Kong,,,https://jobs.lever.co/binance/8dd6bb0e-efab-492b-8ecc-20d3acc34724,
binance,Binance Accelerator Program - Operations (Dubai),"UAE, Dubai",,,https://jobs.lever.co/binance/2deb33c2-c43c-4cfd-8ef5-b351fcac0674,
binance,Binance Accelerator Program - Paid Ads (APAC),Asia,,,https://jobs.lever.co/binance/526593d1-b437-4037-bf40-5e46af517b98,
binance,Binance Accelerator Program - Pakistan Community (Events & Engagement),"Pakistan, Islamabad",,,https://jobs.lever.co/binance/ef44ee83-4db3-4564-9e3a-8d284bc3b128,
binance,Binance Accelerator Program - Product Experience Assistant (EU),"Romania, Iași",,,https://jobs.lever.co/binance/86075349-a01f-4666-9390-3b8247675877,
binance,Binance Accelerator Program - Product Manager (KYC),Asia,,,https://jobs.lever.co/binance/a47d7d92-e71e-455a-83b4-1589800bb6cd,
binance,Binance Accelerator Program - QA,Asia,,,https://jobs.lever.co/binance/c92271de-8ff8-450c-bf1b-b7741a641bb6,
binance,Binance Accelerator Program - Quantitative Researcher,Asia,,,https://jobs.lever.co/binance/dc610d23-6478-4c86-b1ce-c04fc469d9b3,
binance,Binance Accelerator Program - Risk Operation Agent,"Australia, Brisbane",,,https://jobs.lever.co/binance/0623d508-4e5b-4192-a3f5-f8ba1674d579,
binance,Binance Accelerator Program - Security Data Analyst,Asia,,,https://jobs.lever.co/binance/b8f9ede3-5e34-44dd-a873-57750ec87e06,
binance,Binance Accelerator Program - Security Governance,Asia,,,https://jobs.lever.co/binance/c683bcfd-23d4-479e-bbe7-b3f124ed1159,
binance,Binance Accelerator Program - Security Project Management,Asia,,,https://jobs.lever.co/binance/d387f2d7-ae33-4265-8381-fcf4696b79ab,
binance,Binance Accelerator Program - Security Researcher (Abuse & Fraud),"Taiwan, Taipei",,,https://jobs.lever.co/binance/e543cea7-bd69-49b9-b84f-f727fcee527c,
binance,Binance Accelerator Program - Software Engineer (Java),Asia,,,https://jobs.lever.co/binance/f47dc5a2-0c0a-40bb-90e8-8510165936fc,
binance,"Binance Accelerator Program - Software Engineer (Security, Abuse & Fraud)","Taiwan, Taipei",,,https://jobs.lever.co/binance/e656ba6b-f35b-4b4d-ac34-6d896eb8a479,
binance,Binance Accelerator Program - Talent Acquisition (Employer Branding & Creative Content),Asia,,,https://jobs.lever.co/binance/f709d3d5-d649-4263-af94-236f6f19e962,
binance,Binance Accelerator Program- HR Operations,"Türkiye, Istanbul",,,https://jobs.lever.co/binance/2330bf37-15be-460a-b8ed-cd6530b74d41,
binance,Binance Accelerator Program- Marketing Finance (Regional Support),Asia,,,https://jobs.lever.co/binance/e42a9681-4cbd-4f82-bf63-cea397853246,
binance,Binance Accelerator Programm - Java Engineer,Asia,,,https://jobs.lever.co/binance/ffdce96a-9f28-4aa3-8d5f-a110a87083fa,
binance,Binance Accelerator Programm - Software Engineer Java,Asia,,,https://jobs.lever.co/binance/e8e13cc3-d502-4d3d-ba90-e1f5860a3f57,
binance,Binance Accelerator Programm - Software Engineer Web3,"Taiwan, Taipei",,,https://jobs.lever.co/binance/87bdaff2-8c97-420f-8cbb-20ec0f6c38cb,
binance,Binance Accelerator Programme -  Macro Research Analyst,Global,,,https://jobs.lever.co/binance/243223d3-37b8-497f-be31-faf4c9cc7c42,
binance,Binance Accelerator Programme - AI/LLM Data Scientist,Asia,,,https://jobs.lever.co/binance/e21ea35c-3cb2-479e-9d74-c8149441d9fb,
binance,Binance News Content Editor,Asia,,,https://jobs.lever.co/binance/1b0f6afd-6a07-4521-997a-225add09ad79,
binance,Blockchain Security Engineer (Smart Contract Auditing),Asia,,,https://jobs.lever.co/binance/31a86987-81b3-4719-9d93-fc80bd5584a5,
binance,C++ Engineer,Hong Kong,,,https://jobs.lever.co/binance/35e23ee6-c1d6-4b61-8c0f-4c4f7e3a26c8,
binance,Case Analyst (Arabic speaker),Global,,,https://jobs.lever.co/binance/ee816435-21f0-4ddd-8c86-591eede36087,
binance,Chief Information Security Officer - Product Line,Asia,,,https://jobs.lever.co/binance/abe9c9e4-882b-48e1-8288-7f87588d1818,
binance,"Client Dispute Manager, Derivatives",Hong Kong,,,https://jobs.lever.co/binance/d69418a0-032a-4b0b-8adb-0cad15808d2d,
binance,Code Review (IOS),"Taiwan, Taipei",,,https://jobs.lever.co/binance/499b73d1-5221-4792-9660-56c71dc49f01,
binance,Community Manager,"Morocco, Rabat",,,https://jobs.lever.co/binance/2938f885-9401-4ac4-8562-e20c2068ca9c,
binance,Community Manager - Levant,"UAE, Dubai",,,https://jobs.lever.co/binance/725bb3d8-7c4a-4ddd-8312-5a695e3d7fda,
binance,Community Manager - Saudi Arabia,"Saudi Arabia, Riyadh",,,https://jobs.lever.co/binance/4d718f57-be13-47f1-b16b-fffa0b92b609,
binance,Community Operation Specialist - Taiwan Market,"Taiwan, Taipei",,,https://jobs.lever.co/binance/8fa4f613-52b7-4be3-b71b-0c77c51d3e64,
binance,Compensation & Benefits Partner,Asia,,,https://jobs.lever.co/binance/47eeb748-67b2-4730-a39c-149c0f515c5b,
binance,Compliance Analyst - ANZ,"Australia, Melbourne",,,https://jobs.lever.co/binance/6d4bcea0-7570-476f-8e45-64af2a89986e,
binance,Content Operations Specialist,Global,,,https://jobs.lever.co/binance/9e9c3755-8e3d-4540-9ac7-c38aa3a2ee1b,
binance,Corporate FIAT Channels Growth Manager,Hong Kong,,,https://jobs.lever.co/binance/9c2803e3-e740-4641-9990-80c88a7b179e,
binance,"Creator Partnerships Manager, Binance Square","UAE, Dubai",,,https://jobs.lever.co/binance/2376dcd9-a881-48b0-a4ef-5da7dfbffc2d,
binance,Customer Due Dilligence Lead - ANZ,"Australia, Brisbane",,,https://jobs.lever.co/binance/08a405b1-9039-4a25-8848-e71ba7c50c2a,
binance,Customer Service Agent - Merchant Team,"Brazil, Sao Paulo",,,https://jobs.lever.co/binance/1ca505fc-e40d-48c3-9c15-0c2da0622f1f,
binance,Customer Service BI Specialist (Chinese Speaker),Asia,,,https://jobs.lever.co/binance/9d71f5b9-f3f9-428d-acfc-c29914a9a727,
binance,Customer Service Representative - (Portuguese/English),"Portugal, Lisbon",,,https://jobs.lever.co/binance/5f701c31-16b7-4cb2-8322-df9d3f77dd6c,
binance,Customer Service Representative - (Turkish/English),"Türkiye, Istanbul",,,https://jobs.lever.co/binance/99ad5c3f-1712-4e4e-aec9-d716814f6522,
binance,Customer Service Representative - Chinese Speaker,South East Asia,,,https://jobs.lever.co/binance/37746fe2-de39-4c01-adfc-ad0357d98bca,
binance,Customer Service Representative (Arabic & English),"Jordan, Amman",,,https://jobs.lever.co/binance/ae805ce9-f3c6-4c40-96a1-0e39ba1751b1,
binance,Customer Service Representative (Chinese Speaker),South East Asia,,,https://jobs.lever.co/binance/8df8929a-bd3a-4d63-a9be-47dd4f842c4b,
binance,"Customer Service Representative (Financial Derivatives, Chinese Speaker)","Taiwan, Taipei",,,https://jobs.lever.co/binance/cead3b68-c9a4-4e61-a260-1a4301131075,
binance,Customer Service Representative (French & English),Global,,,https://jobs.lever.co/binance/0416cad2-0768-4a72-83ca-9925455e69c2,
binance,Customer Service Representative (German),"Greece, Athens",,,https://jobs.lever.co/binance/266da02d-105e-4736-9ff3-6e9877722ef3,
binance,Customer Service Representative (German),Eastern Europe,,,https://jobs.lever.co/binance/5df3aa74-0bed-4b8d-b272-81d0610c6f3f,
binance,Customer Service Representative (Polish),"Poland, Warsaw",,,https://jobs.lever.co/binance/499b1a11-80a2-417a-aa5d-136ac8dcae0d,
binance,Customer Service Specialist (Hindi/ English),South East Asia,,,https://jobs.lever.co/binance/0c60bf55-bc22-4d7c-b19f-0455b06043fd,
binance,Data Analyst,Asia,,,https://jobs.lever.co/binance/2f0cebcd-c4fc-4e43-8766-8e6e0249899c,
binance,Data Analyst - Financial/ Derivatives,Hong Kong,,,https://jobs.lever.co/binance/841124c2-2090-4e3d-8038-2b82d053b6f3,
binance,Data Analyst (LATAM),Europe,,,https://jobs.lever.co/binance/36ce1796-f0ef-414c-b761-a77b30dabb10,
binance,Data Analytics Manager (Compliance),Hong Kong,,,https://jobs.lever.co/binance/127b762b-1f62-4313-b741-fdd9fa2f478c,
binance,Data Analytics Manager (Compliance),Asia,,,https://jobs.lever.co/binance/1346b066-21b3-45a3-929d-2f3fb69d473c,
binance,Data Scientist - CS Chatbot (SFT),Asia,,,https://jobs.lever.co/binance/80a64970-528f-4d90-aada-84284bd6f1f3,
binance,Data Scientist - LLM (Chatbot),"Taiwan, Taipei",,,https://jobs.lever.co/binance/7960a41b-f1a9-443d-a1ed-3f2eb02c2901,
binance,"Data Scientist, Market Growth (Lifecycle)",Asia,,,https://jobs.lever.co/binance/16d56d5d-98c0-4942-9a22-54ca4b2b33e9,
binance,"Data Scientist, NLP & Trading Strategies (Quantitative)",Asia,Python,,https://jobs.lever.co/binance/55d6104f-e7d9-4bab-93ff-e8bffea0ee8f,"{""Python"": 1}"
binance,Data Scientist（LLM）,"Taiwan, Taipei",,,https://jobs.lever.co/binance/b44b5f08-7cfd-48bd-b2a1-03b6ffb987c7,
binance,DeFi Protocol Analyst (Data Focused),"Taiwan, Taipei",Spark,,https://jobs.lever.co/binance/99574157-2ed8-4cdc-bd04-8e836062f475,"{""Spark"": 1}"
binance,DevOps/SRE Engineer (AWS/Tencent/Ali Cloud),Asia,,,https://jobs.lever.co/binance/04abc163-08be-4d89-a817-36ea289c10f3,
binance,DLP & Incident Response Engineer,Asia,,,https://jobs.lever.co/binance/1f8347ba-8cfe-4b57-952e-fa4191bf5feb,
binance,"Earn Growth Specialist (Marketing, BD & Ops)",Asia,,,https://jobs.lever.co/binance/5a674784-940a-48ca-b481-c0d858dd3faa,
binance,Earn Operations Specialist,Asia,,,https://jobs.lever.co/binance/46c61fe5-9ab1-4e58-8d73-8ad33fb4f402,
binance,Earn Structured Product & Operations Manager/Senior Manager,Asia,,,https://jobs.lever.co/binance/31d6ed82-6f2c-4601-95f3-0da29ed2549b,
binance,Education Marketing Manager Kyrgyzstan,"Kyrgyzstan, Bishkek",,,https://jobs.lever.co/binance/f3a4b760-50dc-4f5b-8b60-597c8491a27b,
binance,Finance Manager - LATAM,Latin America,,,https://jobs.lever.co/binance/7ed4e386-37d8-46d8-be8f-7eb67389c7b3,
binance,Financial Accountant,"UAE, Dubai",,,https://jobs.lever.co/binance/685e9e88-e275-4c64-971b-d237e7a1d87e,
binance,Financial Accountant/ Manager,"Kazakhstan, Astana",,,https://jobs.lever.co/binance/de1f9608-4c92-4669-874e-1ac290d1867c,
binance,Financial Controller,"Kazakhstan, Astana",,,https://jobs.lever.co/binance/3e8be4bf-5fa8-4c4c-bda2-3faa56c6dd9d,
binance,"Financial Risk Manager, Regulated entity",Asia,,,https://jobs.lever.co/binance/74885f23-842d-4df4-b926-517f859f96cc,
binance,Francophone Senior Marketing Manager,"Cameroon, Douala",,,https://jobs.lever.co/binance/c8f94b43-5bef-4454-8ea4-a1207893fa4e,
binance,Frontend Engineer - Payment Tech,Asia,,,https://jobs.lever.co/binance/1b22a8d7-81a6-49e9-8e6d-cd45a4323845,
binance,Frontend Engineer - Web3 Wallet,Asia,,,https://jobs.lever.co/binance/03524158-e569-4b2e-80a6-f62910bd5f74,
binance,Full-Stack Developer (Quant Developer),Asia,,,https://jobs.lever.co/binance/4a1ce148-6a91-4c91-b65b-650293ea1642,
binance,Futures Business Development Associate,Europe,,,https://jobs.lever.co/binance/842e8ae4-d536-439c-82a2-ec4732ef6f36,
binance,Global Affiliate Manager,Asia,,,https://jobs.lever.co/binance/22bd8fe1-ba29-47f3-8d9d-8c47af873e71,
binance,Global Affiliate Manager,"Portugal, Lisbon",,,https://jobs.lever.co/binance/339500b1-81d1-4c63-978e-9b162069f372,
binance,Global Community Manager,Remote,,,https://jobs.lever.co/binance/700ed3a8-96cd-446e-b656-131db2877ba5,
binance,Growth and Marketing Manager,"Pakistan, Islamabad",,,https://jobs.lever.co/binance/e37386ac-b3cb-46a1-b80d-20c95689d6b2,
binance,Growth Manager (CEE&CIS),Global,,,https://jobs.lever.co/binance/e56a61d8-a164-438f-8cf7-c69e29a81efb,
binance,Growth Marketing Manager- Vietnam,South East Asia,,,https://jobs.lever.co/binance/2e418595-77e8-4be8-8506-ad5702070c96,
binance,Growth Product Manager - Campaign/ User Journey,Hong Kong,,,https://jobs.lever.co/binance/4d62852e-ec19-44ce-91b3-4b681f92d0e0,
binance,Head of Central Data Analytics,Asia,,,https://jobs.lever.co/binance/d613bef7-b4bf-47fe-9333-36b373884e94,
binance,Head of Data Science/AI,Asia,,,https://jobs.lever.co/binance/85276e8b-14b8-463a-aadb-aa37258f87dd,
binance,HR Business Partner,Europe,,,https://jobs.lever.co/binance/591592fe-ac03-4910-b706-21bbff63f47c,
binance,HR Business Partner,"UAE, Dubai",,,https://jobs.lever.co/binance/5f47ac27-2dff-4f05-bdde-cdbd69330777,
binance,Individual Sales Representative (Mandarin Speaking),"Taiwan, Taipei",,,https://jobs.lever.co/binance/eddfc1a4-7a35-4736-ba95-c29f5a959832,
binance,Institutional Sales Manager,"UAE, Dubai",,,https://jobs.lever.co/binance/2cd93ed8-5bbc-4393-894c-4789e4fee9b0,
binance,Institutional Sales Manager,Eastern Europe,,,https://jobs.lever.co/binance/a9ed9ba7-1d8d-4ea9-b4f8-65ae5851e941,
binance,Institutional Sales Manager - Global Mandarin Coverage,"Taiwan, Taipei",,,https://jobs.lever.co/binance/1c6990e6-eb77-4311-8bb4-897d5a46e829,
binance,Institutional Sales Manager - Korean Speaker,Hong Kong,,,https://jobs.lever.co/binance/470ca50b-c0b8-40e3-b7c3-07d529db12b6,
binance,Institutional Sales Manager (APAC）,"Taiwan, Taipei",,,https://jobs.lever.co/binance/6549afd2-13db-4e1e-9cf3-16ffe4ddf45e,
binance,Institutional Sales Manager (APAC/SEA),South East Asia,,,https://jobs.lever.co/binance/bbb1bb0c-9c3e-4183-bcd8-a6bfdc4a2c7c,
binance,Institutional Sales Manager (LATAM),"Colombia, Bogota",,,https://jobs.lever.co/binance/7dad5ebe-5657-467d-9c0f-9b3cafa3f5cd,
binance,Internal Audit Manager,"Türkiye, Istanbul",,,https://jobs.lever.co/binance/ad5b96fb-15df-4033-9831-5cbf35b18997,
binance,International Operations - P2P,"Kenya, Nairobi",,,https://jobs.lever.co/binance/255cd196-1f74-4656-891d-4e24795a1564,
binance,International Operations - P2P,South East Asia,,,https://jobs.lever.co/binance/2d20414e-5f72-4709-a76c-160594acbf4d,
binance,International Operations - P2P,"Taiwan, Taipei",,,https://jobs.lever.co/binance/66e7f14c-d796-4c47-a10d-8b1123832fe0,
binance,International Operations - P2P,"Colombia, Bogota",,,https://jobs.lever.co/binance/6f0dba4c-df7e-4f75-9c6d-f440e9460fcb,
binance,iOS Architect,Asia,,,https://jobs.lever.co/binance/5499b3e1-ce03-4f4f-ba4d-13ea55ba8ffe,
binance,iOS Architect/Developer (IM Chat),Asia,,,https://jobs.lever.co/binance/cad54360-4ae8-421d-b244-1b2add450966,
binance,Java Architect- Compliance,South East Asia,"Java, Spring",,https://jobs.lever.co/binance/4624d425-f06e-4427-9afe-a2d5d4c80821,"{""Java"": 1, ""Spring"": 1}"
binance,Java Backend Engineer - Fiat (Web3 Integration),Asia,Java,,https://jobs.lever.co/binance/b8db7bf0-dfc9-4b0e-8947-60e33802684b,"{""Java"": 1}"
binance,"Java Backend Engineer - Global Payments, Card (Fiat)",Asia,Java,,https://jobs.lever.co/binance/6081bad9-1a48-4265-8285-a988bc1f1a30,"{""Java"": 1}"
binance,Java Engineer - Exchange Service,Asia,Java,,https://jobs.lever.co/binance/065e4780-a148-49d8-a09f-de53363633f0,"{""Java"": 1}"
binance,Java Engineer- Compliance,South East Asia,"Java, Spring, Spring Boot, AWS",,https://jobs.lever.co/binance/14955985-5947-4252-a31a-34e3f149f8e8,"{""Java"": 1, ""Spring"": 1, ""Spring Boot"": 1, ""AWS"": 1}"
binance,KYB Analyst - Periodic Review,"Mexico, Mexico City",,,https://jobs.lever.co/binance/680f501d-59df-4067-a127-2e9fe2cdf74b,
binance,Lead Counsel -  Marketing & Commercial,Global,,,https://jobs.lever.co/binance/ff364e09-04a5-4baa-8dcf-ebc114907c00,
binance,Listing Business Development,Global,,,https://jobs.lever.co/binance/6ff02dfb-7dc9-4030-957e-19f12b46eb82,
binance,LLM Applied Data Scientist (RAG/ NLP),"Taiwan, Taipei",,,https://jobs.lever.co/binance/834478e8-854c-40d0-8093-7bc0a5e080d5,
binance,Macro Research Analyst,Asia,,,https://jobs.lever.co/binance/fa3feeb6-5757-4ba2-8a04-a6b001b93d46,
binance,Market Surveillance Investigator,Asia,,,https://jobs.lever.co/binance/62774682-d7ce-4136-a0e4-301ea816b189,
binance,Marketing Business Analyst,Hong Kong,,,https://jobs.lever.co/binance/65f08a71-1954-4ee0-a897-d656fb93b066,
binance,Marketing Campaign Specialist,"Taiwan, Taipei",,,https://jobs.lever.co/binance/3b6b27e7-9ede-4f54-bf88-3af0368222dc,
binance,Marketing Head- Tokocrypto,"Indonesia, Jakarta",,,https://jobs.lever.co/binance/c140287a-cdcc-4e51-9dbb-a299509977a6,
binance,Marketing Manager - Poland,"Poland, Warsaw",,,https://jobs.lever.co/binance/ef8538c5-387b-40af-beda-c2e76e1ad0e1,
binance,Marketing Manager Kyrgyzstan,"Kyrgyzstan, Bishkek",,,https://jobs.lever.co/binance/477b713d-8951-400f-8dbe-516370145c9e,
binance,MI and Governance Specialist - Compliance & Financial Crime,Global,,,https://jobs.lever.co/binance/ebcf5025-c075-4d39-85ef-7fd83fd2b916,
binance,MLRO - UK,"United Kingdom, London",,,https://jobs.lever.co/binance/983edf6f-c4af-48d9-a156-187b7ab571b6,
binance,Motion Designer - APAC,Asia,,,https://jobs.lever.co/binance/1ac4c5f5-d54a-4bef-9a55-b63fc6871bdc,
binance,On-chain Data Analyst (12 months contract),Asia,,,https://jobs.lever.co/binance/23aedb66-8ead-46d7-85cf-8111f7bbb874,
binance,Operational Risk Manager,"UAE, Dubai",,,https://jobs.lever.co/binance/a9071e59-2f56-43c4-9188-e0f281ccf2d3,
binance,Operations Analyst - ANZ,"Australia, Melbourne",,,https://jobs.lever.co/binance/a019bb36-b60c-4bac-a67d-dcf473bece21,
binance,Operations Analyst - Kazakhstan,"Kazakhstan, Astana",,,https://jobs.lever.co/binance/27ee58cf-8330-4da5-8273-c7b99b41f429,
binance,Operations Specialist (BPay),"Bahrain, Manama",,,https://jobs.lever.co/binance/81ee372e-2c14-44ef-aafe-ac6a9dda1a7d,
binance,OTC Sales Trader - APAC,Hong Kong,,,https://jobs.lever.co/binance/8fda4d29-c91c-40b2-9d84-52bbfdfcecf4,
binance,"Payment Operations Specialist / Manager, Gulf Binance","Thailand, Bangkok",,,https://jobs.lever.co/binance/673ca6da-843e-41be-b2a0-e19a0422dfbe,
binance,"Payments Business Director, Latam",Latin America,,,https://jobs.lever.co/binance/de372a9f-d8c0-48d1-8877-9d43a57a4486,
binance,Performance/Chaos Engineer,Hong Kong,,,https://jobs.lever.co/binance/fbffb88f-66e2-4fae-a17b-d1e7b52acf6e,
binance,Pioneer Talent Program - Fullstack Developer (Fiat),Asia,,,https://jobs.lever.co/binance/14fc65fb-32b5-4363-93fc-309f0fad79e2,
binance,PR Specialist - LATAM,"Mexico, Mexico City",,,https://jobs.lever.co/binance/cc6b14cf-f560-472c-957d-0b93fca262b1,
binance,"PR Specialist, Gulf Binance","Thailand, Bangkok",,,https://jobs.lever.co/binance/0342ec59-e7eb-48c2-9cf2-c9cf1e628076,
binance,Product Designer,"Taiwan, Taipei",,,https://jobs.lever.co/binance/3d64a370-c980-4176-bd52-676019db2ebe,
binance,Product Designer,"Taiwan, Taipei",,,https://jobs.lever.co/binance/5c958205-a48d-4d07-9d1a-49da1ee667c0,
binance,Product Designer Lead - UI/UX,Global,,,https://jobs.lever.co/binance/9a4dcb6c-fcf4-47fa-9825-a544d71fd362,
binance,Product Growth Specialist/ Manager (Futures),Asia,,,https://jobs.lever.co/binance/21c511ba-466e-42f7-988b-a3dbbab7c72a,
binance,"Product Lead, Compliance",Hong Kong,,,https://jobs.lever.co/binance/69e57726-b83a-4c57-9381-98e5de59f115,
binance,Product Manager - Card,"Taiwan, Taipei",,,https://jobs.lever.co/binance/b4068a58-b0e8-43df-b5ab-9ca12171eb19,
binance,Product Manager - Institutional,"Taiwan, Taipei",,,https://jobs.lever.co/binance/c2fe112d-4081-4b6a-8af7-2456e174e23c,
binance,Product Manager - KYC,"Taiwan, Taipei",,,https://jobs.lever.co/binance/afd8deb3-507b-40e4-9dd2-06c72e6ef3d3,
binance,Product Manager (Internal System),"Taiwan, Taipei",,,https://jobs.lever.co/binance/f5beb977-c61d-4a96-9f79-8a65e186c4de,
binance,Product Manager Web3 Growth,"Taiwan, Taipei",,,https://jobs.lever.co/binance/38b8287d-6ef2-4bfd-8eab-490b74ac892a,
binance,"Product Manager, CEX Wallet",Asia,,,https://jobs.lever.co/binance/ee312cd6-1ff5-4017-809e-c4ed7b4e0f94,
binance,"Product Manager, Chat",Hong Kong,,,https://jobs.lever.co/binance/25f47e06-15cc-4dd1-88b1-ee31d646aecf,
binance,"Product Manager, Options (Backend)",Hong Kong,,,https://jobs.lever.co/binance/3e745611-87b4-4dba-9871-894779c2319e,
binance,"Product Manager, Risk","Taiwan, Taipei",,,https://jobs.lever.co/binance/209fb7af-9b01-494d-8992-937ad26f853c,
binance,"Product Manager, Web3 Wallet","Taiwan, Taipei",,,https://jobs.lever.co/binance/342b544b-068e-427a-9735-9832bcf78d3c,
binance,Product Operation(Exchange Operation),"Taiwan, Taipei",,,https://jobs.lever.co/binance/3884bed3-72cf-435a-ae87-f1a81a9588b0,
binance,Product Operations - Binance Square,Asia,,,https://jobs.lever.co/binance/b3f7816f-219b-44f7-be9c-8000b62233f7,
binance,Product Operations (Structured Finance),Asia,,,https://jobs.lever.co/binance/75af559f-ab64-412b-a311-c1ac1f53edd3,
binance,Product- Wallet Specialist,Hong Kong,,,https://jobs.lever.co/binance/626655a6-601a-44b3-9fb1-55ac80ac3064,
binance,QA Engineer,Europe,,,https://jobs.lever.co/binance/28a64d1c-9c41-48bb-b235-8210ac60fb83,
binance,QA Engineer - Payment Tech,Asia,,,https://jobs.lever.co/binance/20a86b26-092a-4488-b13b-13aaef245881,
binance,Quantitative Researcher,Asia,,,https://jobs.lever.co/binance/a13367b2-8bd9-41e1-878f-478cd1539354,
binance,"Quantitative Risk, Derivatives  (EU timezone)",Europe,,,https://jobs.lever.co/binance/8380dff9-eebd-458f-a23f-698e27971872,
binance,"Quantitative Risk, Derivatives  (US Timezone)",US,,,https://jobs.lever.co/binance/7c084c74-a17f-4415-8637-c456f5e32445,
binance,"Quantitative Risk, Derivatives (Asia Timezone)",Hong Kong,,,https://jobs.lever.co/binance/9ebcf878-ac52-4570-9a1f-7e83c507dea1,
binance,"Recommendation (Search), Data Scientist/Machine Learning Engineer",Asia,Go,,https://jobs.lever.co/binance/4cdbf1d8-7025-48f7-8924-806629c2ea7a,"{""Go"": 1}"
binance,Regional Head of Compliance - Americas,Latin America,,,https://jobs.lever.co/binance/907ca4b8-c4e7-4189-86fb-7de3e1f49d82,
binance,Regional Head of Compliance - APAC,Asia,,,https://jobs.lever.co/binance/250d03a4-0c25-4ecc-be08-e854fda48528,
binance,"Regional Head of Legal, Europe",Europe,,,https://jobs.lever.co/binance/e0c06a7c-a952-4985-bb0c-015471af58a5,
binance,Regional Marketing Specialist,"Philippines, Manila",,,https://jobs.lever.co/binance/4ae74014-d0de-487e-a7df-b932f3483aff,
binance,Regulatory Counsel - MENA,"UAE, Dubai",,,https://jobs.lever.co/binance/22ff0aae-c34e-4e0f-95d4-132d9290132f,
binance,Regulatory Counsel - Türkiye,"Türkiye, Istanbul",,,https://jobs.lever.co/binance/18abe658-7342-49bb-82fc-45c4acd0255c,
binance,"Research Data Scientist, NLP & Financial Signals","Taiwan, Taipei",Python,,https://jobs.lever.co/binance/965d1d14-53e9-4e2b-a98e-088052316aee,"{""Python"": 1}"
binance,Research Scientist - LLM Foundation Models,"Taiwan, Taipei",,,https://jobs.lever.co/binance/61081858-6041-489c-8e6a-cf9e7a604060,
binance,Risk & Research Lead (Post Listing),Asia,,,https://jobs.lever.co/binance/1cb4cf85-bdc5-4df3-af97-562939b64df5,
binance,Risk Manager,"Türkiye, Istanbul",,,https://jobs.lever.co/binance/0ebbaffd-77c8-42a8-aedb-c221d38b13e1,
binance,"Risk Operations Agent, AMER (US Timezone)","Mexico, Mexico City",,,https://jobs.lever.co/binance/c9261b0a-f56b-4345-99ff-4ac905c2d7d9,
binance,"Risk Operations Agent, EMEA","Ireland, Dublin",,,https://jobs.lever.co/binance/5ad97726-b15c-4236-bf64-c1fbc9d0958b,
binance,"Risk Operations Agent, EMEA (8-months Maternity Cover)","Ireland, Dublin",,,https://jobs.lever.co/binance/c1167c8d-3edf-461f-952f-a22d88f26bc0,
binance,Sanctions & CTF Investigator,Global,,,https://jobs.lever.co/binance/f19830fe-1f4d-4732-b2f0-19cbb47e65bc,
binance,Sanctions Governance and Policy Specialist,Asia,,,https://jobs.lever.co/binance/d2b912fe-7ff1-428a-be12-5d7ae8fc8923,
binance,SAR Analyst - India,South East Asia,,,https://jobs.lever.co/binance/709f1a9f-f6ee-423a-8258-f139d43fcf9f,
binance,Security Consultant,Asia,,,https://jobs.lever.co/binance/941ed43d-c79e-436c-85de-594fe895bd28,
binance,Senior Android Engineer,"Taiwan, Taipei",,,https://jobs.lever.co/binance/6f7b4852-d135-4807-b5f1-8895b0c4fceb,
binance,Senior Application Security Architect,Asia,,,https://jobs.lever.co/binance/5014bc6f-4819-4619-9277-396f9c843799,
binance,Senior Automation QA Engineer / SDET (Python),Eastern Europe,,,https://jobs.lever.co/binance/044d292f-a98d-48d4-9aad-77f2354619ae,
binance,Senior Backend Engineer  - Java,Asia,Java,,https://jobs.lever.co/binance/474f79fb-153b-46b0-85a8-09d53b81a14c,"{""Java"": 1}"
binance,Senior Backend Engineer - Java,Asia,,,https://jobs.lever.co/binance/70c8823b-9317-4053-92f5-a2b275cac416,
binance,"Senior Backend Engineer (Golang), AI Chat",Hong Kong,,,https://jobs.lever.co/binance/7a7d4a7a-9c4a-4bd6-be32-86a8acfbafb0,
binance,Senior Backend Engineer (IM Chat/Instant Messaging System),Asia,,,https://jobs.lever.co/binance/80d0dbdd-6389-4d04-82db-7ce8ca0264ab,
binance,Senior CRM Operation Specialist,Asia,,,https://jobs.lever.co/binance/5a20b7a6-33bc-4ab2-a41c-e07d1190fdfb,
binance,Senior Data Analyst - Chatbot/ Customer Service (AI/LLM),Asia,,,https://jobs.lever.co/binance/928fafdf-2e8a-4f1f-b605-01b9a3b26665,
binance,Senior Data Analyst (Artificial Intelligence),South East Asia,,,https://jobs.lever.co/binance/74b46a59-997b-4e73-8002-a0ced88ebafb,
binance,"Senior Data Scientist (Content, Feeds, Recommendation)","Taiwan, Taipei",,,https://jobs.lever.co/binance/60353b1e-55ac-44a5-8448-858fb1703ea0,
binance,Senior Data Scientist / Analyst (AI/LLM),Asia,,,https://jobs.lever.co/binance/b69c7390-604e-4c9e-82e6-50a8ee62f859,
binance,Senior Data Warehouse Engineer - Web3,"Taiwan, Taipei","Kafka, Spark, Hadoop",,https://jobs.lever.co/binance/d9f3e709-6560-44be-8ebf-1840663ecc64,"{""Kafka"": 1, ""Spark"": 1, ""Hadoop"": 1}"
binance,"Senior Data Warehouse Engineer, Big Data",Asia,,,https://jobs.lever.co/binance/6639fca8-288a-434f-a4b4-e18454e4b6a8,
binance,Senior Defi Engineer (On-chain data),Asia,,,https://jobs.lever.co/binance/d956f404-9655-4b0c-a8b2-a3ef382540e1,
binance,"Senior DevOps Engineer, Trading Technology","Australia, Melbourne",,,https://jobs.lever.co/binance/0a5f9a8e-1895-4386-a7a6-f7fd2b46c6be,
binance,Senior Fiat Growth Strategist – Growth & Local Activation (Crypto Native),"Thailand, Bangkok",,,https://jobs.lever.co/binance/97b62143-aadc-4321-b824-f6c6555875ea,
binance,Senior Fiat Product Manager,Hong Kong,,,https://jobs.lever.co/binance/28cd1e8e-543c-4d42-b15c-25665589632d,
binance,Senior Front End Architect,"Taiwan, Taipei",,,https://jobs.lever.co/binance/a187fa38-bfdb-4fbf-b4a1-57dc14bc3aed,
binance,Senior Front-end  Developer,Asia,,,https://jobs.lever.co/binance/d3d382f0-a102-46ca-b6ad-1a7e51f9c2a1,
binance,Senior Frontend Architect,Asia,,,https://jobs.lever.co/binance/98cb560f-9c6d-4c61-baa0-5814275a8c31,
binance,Senior Frontend Developer - Wallet,South East Asia,,,https://jobs.lever.co/binance/abdbf40b-e4a5-45c2-bea5-aca55af09760,
binance,Senior Frontend Engineer - Compliance Tech,Asia,,,https://jobs.lever.co/binance/5feb96e7-feda-4a53-8abc-fa02c0a61c07,
binance,Senior Frontend Engineer - Payment Tech,"Vietnam, Ho Chi Minh","React, Android, iOS",,https://jobs.lever.co/binance/b0277810-87c3-4735-aa6a-0d60bec614b8,"{""React"": 1, ""Android"": 1, ""iOS"": 1}"
binance,Senior Growth Marketing Manager — Ukraine,"Ukraine, Kyiv",,,https://jobs.lever.co/binance/12d83327-5870-441f-9b0b-6a40d213350a,
binance,Senior iOS Engineer,"Taiwan, Taipei",,,https://jobs.lever.co/binance/3cee5d6a-3bc4-4e0c-8414-1d073dce3920,
binance,Senior iOS Engineer - Trading System,Asia,,,https://jobs.lever.co/binance/fcde5d37-6ed1-4205-9bb2-34c6476eb872,
binance,Senior Java Developer,Asia,,,https://jobs.lever.co/binance/66b79e72-64c9-40e0-afeb-6c060babf856,
binance,Senior Java Developer - Exchange Service,Asia,,,https://jobs.lever.co/binance/9e51f1b1-031d-4f6d-97db-5081f1a1b940,
binance,Senior Java Engineer - Cloud Tech (Trading Systems),Asia,Java,,https://jobs.lever.co/binance/9d150552-99f4-40c2-a320-7c5aef33edb2,"{""Java"": 1}"
binance,Senior Java Engineer - KYC Tech,Asia,,,https://jobs.lever.co/binance/c2087ac9-378e-4d5b-b38e-718f0d1640da,
binance,Senior Java Engineer - P2P (APAC),Asia,Java,,https://jobs.lever.co/binance/fd710f36-e9ee-4e9c-a72e-4dc6f4192c78,"{""Java"": 1}"
binance,Senior Large Language Model Algorithm Engineer/Expert,Asia,,,https://jobs.lever.co/binance/c0980db4-ea30-4f3a-be47-a17fe8424ceb,
binance,Senior M&A/Corporate Counsel,"UAE, Dubai",,,https://jobs.lever.co/binance/18ee5db2-077e-4fca-9df1-42bea6f26be6,
binance,"Senior Operations Manager, Fiat Payment",Hong Kong,,,https://jobs.lever.co/binance/78a066e4-dc66-4241-98cf-dfe63e5af952,
binance,Senior P2P Product Manager,Asia,,,https://jobs.lever.co/binance/c7915d47-0f24-40eb-bf55-80b0751b5b37,
binance,Senior Paid Growth Channel Manager - Greater China,Asia,,,https://jobs.lever.co/binance/e6495984-2600-4eba-9ace-b5ffb4639a41,
binance,Senior Performance QA Engineer,Asia,,,https://jobs.lever.co/binance/7cab4858-ede6-4e29-a62f-a0abf5ca3b50,
binance,"Senior Product Manager, Compliance","Taiwan, Taipei",,,https://jobs.lever.co/binance/3d655138-e405-4ed7-8266-dc01e1bfdc6d,
binance,"Senior Product Manager, KYB","Taiwan, Taipei",,,https://jobs.lever.co/binance/b212ded6-6e81-492e-bd34-120c26b42f29,
binance,"Senior Product Manager, KYC","Taiwan, Taipei",,,https://jobs.lever.co/binance/81622e3a-ee21-4dca-8e99-5eb26469e254,
binance,"Senior Product Manager, Margin Trading",Hong Kong,,,https://jobs.lever.co/binance/1f3997c4-01ee-42b2-8f94-2d8b23be2944,
binance,"Senior Product Manager, Options (Backend Facing)","Taiwan, Taipei",,,https://jobs.lever.co/binance/7e6888cd-c263-4406-ba7f-43482311d1e9,
binance,"Senior Product Manager, Quant Trading Systems",Hong Kong,,,https://jobs.lever.co/binance/8916b15f-12ca-46e3-ae88-e62a85f14e1e,
binance,"Senior Product Manager, Web",Asia,,,https://jobs.lever.co/binance/7c351af4-55e9-4f89-bcb4-0f2c89aca875,
binance,Senior Product Operations (KYC),"Taiwan, Taipei",,,https://jobs.lever.co/binance/91263f24-9edd-47f7-9871-85f1ce932f2d,
binance,Senior QA Engineer - AI/LLM,Asia,,,https://jobs.lever.co/binance/947f9876-13cc-4d0c-a9de-2cd8d60c22a9,
binance,Senior QA Engineer - Cloud (Java Coding),Asia,,,https://jobs.lever.co/binance/0ecaf6af-d7e8-4de3-a12c-079a9b40f397,
binance,Senior QA Engineer - Earn,Asia,,,https://jobs.lever.co/binance/1f800991-e2db-4b5f-9ce4-93ce1de00f46,
binance,Senior QA Engineer - Web3 Wallet,Asia,,,https://jobs.lever.co/binance/f9661435-5cf5-4a6a-b121-23ddcf0d5229,
binance,"Senior QA Engineer (Backend), Rust / Java","Taiwan, Taipei","Java, Rust",,https://jobs.lever.co/binance/aa5c6e49-309a-47bb-9755-bae3b65e02c6,"{""Java"": 1, ""Rust"": 1}"
binance,Senior QA Engineer (Financial platform - Java Testing),"Taiwan, Taipei",,,https://jobs.lever.co/binance/2a04d490-5cca-40b7-9530-76bdffc3e43f,
binance,"Senior QA Engineer (Frontend/App), Java","Taiwan, Taipei",,,https://jobs.lever.co/binance/e4c6380b-2ccb-4485-830a-2180b44ed232,
binance,Senior QA Engineer (Java coding),Asia,,,https://jobs.lever.co/binance/cc8173c9-28b0-4d29-91ae-a717f9624d49,
binance,Senior QA Engineer (Trading Tech),Asia,,,https://jobs.lever.co/binance/ce9c7153-8551-420a-b2c6-35b1c0f92b46,
binance,"Senior QA Engineer, Exploratory / Manual (Python) - Trading Tech","Ireland, Dublin",,,https://jobs.lever.co/binance/de8be2e7-36b0-40ae-8596-56da7abe75f4,
binance,"Senior Risk Analyst (SQL), KYC Fraud Prevention & Compliance Rule Analysis","Taiwan, Taipei",,,https://jobs.lever.co/binance/88ab4f82-96d9-46c3-bbde-c4dd564d9617,
binance,"Senior Rust Engineer, Futures",South East Asia,,,https://jobs.lever.co/binance/2cdaab25-1c7f-44eb-be71-81ae1125fb0c,
binance,"Senior Site Reliability Engineer (Node.js & Javascript), Trading Technologies",Eastern Europe,,,https://jobs.lever.co/binance/3372ed44-94ed-4f48-b448-91957f2b3e95,
binance,Senior Software Engineer,Asia,,,https://jobs.lever.co/binance/abb03432-bbae-425f-9067-42140e107ae9,
binance,Senior User Growth & Lifecycle Specialist,Global,,,https://jobs.lever.co/binance/e2f8f40d-e482-4af8-93eb-510d12ca1d4c,
binance,Senior Web3 Product Manager,"Taiwan, Taipei",,,https://jobs.lever.co/binance/c3bedc63-cb8f-4fc7-885f-f7fe4eef970c,
binance,Senior Web3 Product Manager (User experience),"Taiwan, Taipei",,,https://jobs.lever.co/binance/bce9bf32-1d58-4f72-adb1-da7b83878790,
binance,"Senior/ Lead Backend Engineer (Golang), Strategy Engine",Hong Kong,,,https://jobs.lever.co/binance/eb2c1d7c-ad2c-4c76-b929-efb1a79cd5d8,
binance,"Senior/Quality Assurance Specialist, Risk Operations","Ireland, Dublin",,,https://jobs.lever.co/binance/cd2ceff2-be9a-4ab3-b21c-d7bfd8d34fdf,
binance,Smart Contract Auditor,Asia,,,https://jobs.lever.co/binance/6f64f1c8-2fdc-4231-8da3-631ebdf3ae2a,
binance,Smart Contract Security Engineer (Security Audit),Asia,,,https://jobs.lever.co/binance/0477fd3b-581b-4b1a-a613-264e376d0401,
binance,Social Media Manager - Europe,Eastern Europe,,,https://jobs.lever.co/binance/c9dcb5b9-8855-4a6c-a742-1decb006a4c9,
binance,Social Media Manager - Turkey,"Türkiye, Istanbul",,,https://jobs.lever.co/binance/a05a552f-5865-43a4-bee2-9ba01dd60d3f,
binance,Software Engineer - Blockchain Security,Asia,,Bachelor,https://jobs.lever.co/binance/e69a313b-0cf3-41a4-a026-856bbcce33ad,
binance,Spot Growth Specialist,Hong Kong,,,https://jobs.lever.co/binance/23fa9005-880a-43da-af02-462c107e820d,
binance,Spot Institutional Growth Strategist (TradFi),Hong Kong,,,https://jobs.lever.co/binance/cbb5e571-4728-4756-81a8-e489f6553fde,
binance,Spot Product / Operations Senior Specialist,Hong Kong,,,https://jobs.lever.co/binance/366ac6f2-fbef-4153-b3f8-bc730022ac00,
binance,Stablecoin Partnership and Growth,Hong Kong,,,https://jobs.lever.co/binance/069ee36b-4cb1-4509-bf2a-e69e09e38001,
binance,"Strategic Partnerships, Global Banking","Ireland, Dublin",,,https://jobs.lever.co/binance/2983d565-b121-422b-8500-21e39335d68f,
binance,Talent Acquisition Lead,Europe,,,https://jobs.lever.co/binance/cf772fec-4a13-46e7-8e29-5c8b94001bd7,
binance,Talent Acquisition Specialist (12 months contract),Asia,,,https://jobs.lever.co/binance/89670300-3ec1-438d-b7b4-ff59441c03af,
binance,Talent Acquisition Specialist (6 months contract),Asia,,,https://jobs.lever.co/binance/9acc42e4-30c4-4480-875c-472b48887da1,
binance,Talent Acquisition Specialist (Business),Eastern Europe,,,https://jobs.lever.co/binance/96822b75-2724-49dc-8107-a07c366e7446,
binance,Talent Acquisition Specialist (Corporate),Eastern Europe,,,https://jobs.lever.co/binance/c4e205be-a2a6-47bc-b45c-cb1bdf49421a,
binance,"Talent Acquisition Specialist (Tech Focus, 6 months contract, Remote)",Asia,,,https://jobs.lever.co/binance/afb2f865-cdfb-4a86-b08a-aee3e31c8cf7,
binance,Tech Leader/Senior Java Engineer - Growth Tech,Hong Kong,,,https://jobs.lever.co/binance/4050628d-e4bf-4027-951e-f48c0cb2c5bd,
binance,Technical Support Engineer (Blockchain & Backend Development),"Ireland, Dublin","Java, Spring, Spring Boot",,https://jobs.lever.co/binance/a6ff7d07-932a-4266-ba48-2e2198f3dbf2,"{""Java"": 1, ""Spring"": 1, ""Spring Boot"": 1}"
binance,Trading Support Specialist - VIP & Institutional (APAC) (12 months contractor),"Taiwan, Taipei",,,https://jobs.lever.co/binance/cda1b935-410b-4ccd-96ae-cef65de5c680,
binance,Treasury Associate/ Manager,Asia,,,https://jobs.lever.co/binance/a4477bc0-4a3e-4a16-a556-acc970ee9db0,
binance,Video Production (6 months fixed-term contract),"UAE, Dubai",,,https://jobs.lever.co/binance/669638be-0129-4fa0-8e34-c66b090bb12b,
binance,VIP and Institutional Sales,"Türkiye, Istanbul",,,https://jobs.lever.co/binance/5a7d3f18-977e-4644-a38b-39c7d35af361,
binance,"VIP Partnership Manager, Gulf Binance","Thailand, Bangkok",,,https://jobs.lever.co/binance/a5675873-407c-4d58-97a6-633cf69fd3e8,
binance,Web Architect/Developer,"Taiwan, Taipei",,,https://jobs.lever.co/binance/fc2f3170-2442-45b5-abac-358ed5fad55d,
binance,Web3 Earn Product Operations Specialist,Asia,,,https://jobs.lever.co/binance/e29eb1df-35a3-472c-8b68-f574bc9ee603,
binance,Web3 Security Data Analyst,Asia,,,https://jobs.lever.co/binance/1d2fc9c5-bb7d-4bab-b596-df3a8336e171,
binance,Web3 Security Specialist,Asia,,,https://jobs.lever.co/binance/76ee91cd-838e-40c4-a4c3-d06b9013643a,
mistral,Account Executive - Enterprise (ANZ),Sydney,,"Bachelor, Master",https://jobs.lever.co/mistral/7abbb0ea-1df4-4fbf-854d-4e084d09e969,
mistral,Account Executive – AI for Citizens,Paris,,,https://jobs.lever.co/mistral/7894fd8a-ffc9-4c89-87f0-f8a7b695cf01,
mistral,"Account Executive, Commercial US",Palo Alto,,Bachelor,https://jobs.lever.co/mistral/618c9763-cb22-4343-baca-cf1cf6b05f5c,
mistral,"Account Executive, Enterprise Montreal",Montreal,,"Bachelor, Master",https://jobs.lever.co/mistral/7538bc1d-6538-4853-bf08-47e7b355c8f5,
mistral,"Account Executive, Enterprise Toronto",Toronto,,"Bachelor, Master",https://jobs.lever.co/mistral/10c6d110-e0b2-46e6-a996-3e24ff4dd960,
mistral,"Account Executive, Enterprise US",Palo Alto,,"Bachelor, Master",https://jobs.lever.co/mistral/25757afe-9b9d-4be7-87e1-e744eaa01105,
mistral,"Account Executive, Enterprise, DACH",Munich,,,https://jobs.lever.co/mistral/5fb6179e-74ae-46c8-9cde-95b71890e76a,
mistral,"Account Executive, Enterprise, France - Paris",Paris,,,https://jobs.lever.co/mistral/46bf0c1c-cca2-4941-bd8d-18024fa59afa,
mistral,"Account Executive, HPC",Palo Alto,"AWS, GCP, Azure",,https://jobs.lever.co/mistral/0a6dbcb2-45e3-40ae-94f6-6d5fe5639b02,"{""AWS"": 1, ""GCP"": 1, ""Azure"": 1}"
mistral,AI Deployment Strategist - Australia,Sydney,"Python, JavaScript, Go",,https://jobs.lever.co/mistral/9808a516-afa8-49a4-93e2-dfc6c616ea0b,"{""Python"": 1, ""JavaScript"": 1, ""Go"": 1}"
mistral,AI Deployment Strategist - Luxembourg,Luxembourg,"Python, JavaScript, Go",,https://jobs.lever.co/mistral/bb02882b-fb2e-4d06-9d5e-bd7654eee8e7,"{""Python"": 1, ""JavaScript"": 1, ""Go"": 1}"
mistral,AI Deployment Strategist - Morocco,Casablanca,"Python, JavaScript, Go",,https://jobs.lever.co/mistral/8f93bac1-1885-41ea-8650-cb5454be97e7,"{""Python"": 1, ""JavaScript"": 1, ""Go"": 1}"
mistral,"AI Deployment Strategist - Munich, Germany",Munich,"Python, JavaScript, Go",,https://jobs.lever.co/mistral/1937a5af-2c9b-4a75-bb91-b06ebe714dbd,"{""Python"": 1, ""JavaScript"": 1, ""Go"": 1}"
mistral,AI Deployment Strategist - Netherlands,Amsterdam,"Python, JavaScript",,https://jobs.lever.co/mistral/2aaf4e18-0943-4ebe-914d-cc9e32db8834,"{""Python"": 1, ""JavaScript"": 1}"
mistral,AI Deployment Strategist - Palo Alto,Palo Alto,"Python, JavaScript, Go",,https://jobs.lever.co/mistral/1abe543d-4e31-4510-9782-ddab360080aa,"{""Python"": 1, ""JavaScript"": 1, ""Go"": 1}"
mistral,AI Deployment Strategist - Paris,Paris,"Python, JavaScript, Go",,https://jobs.lever.co/mistral/f9697798-31f8-4809-87b6-05eeb5261353,"{""Python"": 1, ""JavaScript"": 1, ""Go"": 1}"
mistral,AI Deployment Strategist - Singapore,Singapore,,,https://jobs.lever.co/mistral/55c2e8f4-a3ea-4e59-9ccf-dac2fee26c65,
mistral,AI Deployment Strategist - Spain,Madrid,"Python, JavaScript",,https://jobs.lever.co/mistral/2aaf3b8e-3bee-46b7-9942-70351e63007f,"{""Python"": 1, ""JavaScript"": 1}"
mistral,AI Deployment Strategist - UK,London,"Python, JavaScript",,https://jobs.lever.co/mistral/e59555e3-899d-4e1e-875f-90b825bc1e28,"{""Python"": 1, ""JavaScript"": 1}"
mistral,"AI Deployment Strategist, Public Sector - Paris",Paris,"Python, JavaScript, Go",,https://jobs.lever.co/mistral/1db62ee4-ec6b-4297-a834-463ae10bae9d,"{""Python"": 1, ""JavaScript"": 1, ""Go"": 1}"
mistral,"AI Deployment Strategist, Public Sector - Singapore",Singapore,Python,"Bachelor, Master",https://jobs.lever.co/mistral/1fe045c3-40c3-4d6c-ad4a-89145f28b9fa,"{""Python"": 1}"
mistral,AI Scientist - Audio,Paris,"Python, Java, Go, Rust, Kubernetes, PyTorch",,https://jobs.lever.co/mistral/94173e13-3050-4044-862a-e8dfc2deda5e,"{""Python"": 1, ""Java"": 1, ""Go"": 1, ""Rust"": 1, ""Kubernetes"": 1, ""PyTorch"": 1}"
mistral,AI Scientist - Palo Alto,Palo Alto,"Python, Java, Go, Rust, Kubernetes, PyTorch",,https://jobs.lever.co/mistral/7b20d2c8-d5a7-4efd-a13e-05d920ec5985,"{""Python"": 1, ""Java"": 1, ""Go"": 1, ""Rust"": 1, ""Kubernetes"": 1, ""PyTorch"": 1}"
mistral,"AI Scientist - Palo Alto (Internship, Phd)",Palo Alto,"Python, TensorFlow, PyTorch, Linux, Shell, Git",PhD,https://jobs.lever.co/mistral/589527e0-4f15-4e54-90db-83b2c49f263d,"{""Python"": 1, ""TensorFlow"": 1, ""PyTorch"": 1, ""Linux"": 1, ""Shell"": 1, ""Git"": 1}"
mistral,AI Scientist - Paris (Internship Phd),Paris,"Python, TensorFlow, PyTorch, Linux, Shell, Git",PhD,https://jobs.lever.co/mistral/82d34b33-6f6b-42a2-b09f-6696c83ce7d0,"{""Python"": 1, ""TensorFlow"": 1, ""PyTorch"": 1, ""Linux"": 1, ""Shell"": 1, ""Git"": 1}"
mistral,AI Scientist - Paris/London - Onsite or Hybrid or Remote,Paris,"Python, Java, Go, Rust, Kubernetes, PyTorch",,https://jobs.lever.co/mistral/675b7f06-a76b-4144-af0c-4dd3282ef489,"{""Python"": 1, ""Java"": 1, ""Go"": 1, ""Rust"": 1, ""Kubernetes"": 1, ""PyTorch"": 1}"
mistral,"AI Scientist - Paris/Palo Alto (Internship, Master's students)",Paris,"Python, TensorFlow, PyTorch, Linux, Shell, Git",Master,https://jobs.lever.co/mistral/292397f0-4ac7-4309-a0e8-63c97761a2cb,"{""Python"": 1, ""TensorFlow"": 1, ""PyTorch"": 1, ""Linux"": 1, ""Shell"": 1, ""Git"": 1}"
mistral,AI Scientist - Robotics,Paris,"Python, PyTorch",,https://jobs.lever.co/mistral/60f9dc5b-6d1c-4236-be38-be7233669f00,"{""Python"": 1, ""PyTorch"": 1}"
mistral,AI Scientist - Warsaw,Warsaw,"Python, Java, Go, Rust, Kubernetes, PyTorch",,https://jobs.lever.co/mistral/4e498cbf-151e-483a-b3f7-76ff64a22041,"{""Python"": 1, ""Java"": 1, ""Go"": 1, ""Rust"": 1, ""Kubernetes"": 1, ""PyTorch"": 1}"
mistral,AI Scientist - Zurich,Zurich,"Python, Java, Go, Rust, Kubernetes, PyTorch",,https://jobs.lever.co/mistral/bedfc2aa-f1b6-4136-bd17-b3abe4c06120,"{""Python"": 1, ""Java"": 1, ""Go"": 1, ""Rust"": 1, ""Kubernetes"": 1, ""PyTorch"": 1}"
mistral,"Applied AI Engineer,  Senior/Staff Devops/SRE - Singapore",Singapore,"Python, AWS, GCP, Azure, Docker, Kubernetes, Terraform, Ansible, CI/CD, TensorFlow, PyTorch","Bachelor, Master",https://jobs.lever.co/mistral/80358670-36c7-4b00-85f9-9051dc8a341e,"{""Python"": 1, ""AWS"": 1, ""GCP"": 1, ""Azure"": 1, ""Docker"": 1, ""Kubernetes"": 1, ""Terraform"": 1, ""Ansible"": 1, ""CI/CD"": 1, ""TensorFlow"": 1, ""PyTorch"": 1}"
mistral,"Applied AI Engineer, Fullstack Software Engineer - EMEA",Paris,"Python, TypeScript, React",,https://jobs.lever.co/mistral/aceffeba-c4e9-4b3b-adff-e7e78b986c5c,"{""Python"": 1, ""TypeScript"": 1, ""React"": 1}"
mistral,"Applied AI Engineer, Senior/Staff Devops/SRE - EMEA",Paris,"Python, AWS, GCP, Azure, Docker, Kubernetes, Terraform, Ansible, CI/CD, TensorFlow, PyTorch","Bachelor, Master",https://jobs.lever.co/mistral/3e51d533-1f2d-48e3-9a2b-33fc7e8b0c0c,"{""Python"": 1, ""AWS"": 1, ""GCP"": 1, ""Azure"": 1, ""Docker"": 1, ""Kubernetes"": 1, ""Terraform"": 1, ""Ansible"": 1, ""CI/CD"": 1, ""TensorFlow"": 1, ""PyTorch"": 1}"
mistral,"Applied AI Engineer, Senior/Staff Devops/SRE - NYC",New York,"Python, AWS, GCP, Azure, Docker, Kubernetes, Terraform, Ansible, CI/CD, TensorFlow, PyTorch","Bachelor, Master",https://jobs.lever.co/mistral/fb15ec7f-d9e9-4246-9d36-486d46c289e4,"{""Python"": 1, ""AWS"": 1, ""GCP"": 1, ""Azure"": 1, ""Docker"": 1, ""Kubernetes"": 1, ""Terraform"": 1, ""Ansible"": 1, ""CI/CD"": 1, ""TensorFlow"": 1, ""PyTorch"": 1}"
mistral,"Applied AI Engineer, Senior/Staff Fullstack Software Engineer - EMEA",Paris,"Python, TypeScript, React",,https://jobs.lever.co/mistral/5c847a79-1386-4216-86d9-654c00afe5e1,"{""Python"": 1, ""TypeScript"": 1, ""React"": 1}"
mistral,"Applied AI,  Senior/Staff Forward Deployed Machine Learning Engineer - EMEA",Paris,,PhD,https://jobs.lever.co/mistral/fbd01aee-5831-48f0-984d-abbce728a2c5,
mistral,"Applied AI,  Senior/Staff Forward Deployed Machine Learning Engineer - Morocco",Casablanca,"Python, PyTorch",PhD,https://jobs.lever.co/mistral/5b7ffc09-a713-4f3d-a287-6d5604044592,"{""Python"": 1, ""PyTorch"": 1}"
mistral,"Applied AI,  Senior/Staff Forward Deployed Machine Learning Engineer - Singapore",Singapore,,PhD,https://jobs.lever.co/mistral/5993e633-2c23-4054-801e-1da4c2adadc5,
mistral,"Applied AI, Forward Deployed Machine Learning Engineer - (Internship)",Paris,"Python, PyTorch, Linux, Shell, Git",,https://jobs.lever.co/mistral/881941e1-2741-48e2-8767-12866965fac5,"{""Python"": 1, ""PyTorch"": 1, ""Linux"": 1, ""Shell"": 1, ""Git"": 1}"
mistral,"Applied AI, Forward Deployed Machine Learning Engineer - EMEA",Paris,"Python, PyTorch",,https://jobs.lever.co/mistral/77f6fd1b-65cf-45d8-9b68-594c62732f62,"{""Python"": 1, ""PyTorch"": 1}"
mistral,"Applied AI, Forward Deployed Machine Learning Engineer - Morocco",Casablanca,"Python, PyTorch",,https://jobs.lever.co/mistral/cb2137e6-d6b1-47d7-8450-6370a61f2b79,"{""Python"": 1, ""PyTorch"": 1}"
mistral,"Applied AI, Forward Deployed Machine Learning Engineer- Singapore",Singapore,"Python, PyTorch",PhD,https://jobs.lever.co/mistral/6fc7ccb5-47bb-4eab-aea0-55929403315d,"{""Python"": 1, ""PyTorch"": 1}"
mistral,"Applied AI, Prototyping & Automations Engineer (AI for Mistral)",Paris,"Python, TypeScript, React, AWS, GCP",,https://jobs.lever.co/mistral/ac195fdb-1731-4ce2-b47e-c1bb8c72c59d,"{""Python"": 1, ""TypeScript"": 1, ""React"": 1, ""AWS"": 1, ""GCP"": 1}"
mistral,"Applied AI, Technical Lead, Forward Deployed AI Engineer - EMEA",Paris,"Python, AWS, GCP, Azure, PyTorch",PhD,https://jobs.lever.co/mistral/e2cf255f-49c8-4630-afe0-7f665f51f01f,"{""Python"": 1, ""AWS"": 1, ""GCP"": 1, ""Azure"": 1, ""PyTorch"": 1}"
mistral,"Applied AI, Technical Lead, Forward Deployed AI Engineer - NYC",New York,"Python, AWS, GCP, Azure, PyTorch",PhD,https://jobs.lever.co/mistral/ebfdc0da-13fd-4ae9-9861-bedb5ff493ea,"{""Python"": 1, ""AWS"": 1, ""GCP"": 1, ""Azure"": 1, ""PyTorch"": 1}"
mistral,Applied Scientist / Research Engineer - Cybersecurity - EMEA,Paris,"Python, C++, PyTorch",PhD,https://jobs.lever.co/mistral/80793253-8b3a-472c-a8f2-b64d7c27edc3,"{""Python"": 1, ""C++"": 1, ""PyTorch"": 1}"
mistral,Applied Scientist / Research Engineer - Edge Devices and Quantization - EMEA,Paris,"Python, C++, PyTorch",PhD,https://jobs.lever.co/mistral/21666a99-e038-45d6-9581-6e73f6eae8ff,"{""Python"": 1, ""C++"": 1, ""PyTorch"": 1}"
mistral,Applied Scientist / Research Engineer - EMEA,Paris,"Python, PyTorch",PhD,https://jobs.lever.co/mistral/b7ae8fc4-5779-4ad2-8f5b-632b4d9498cf,"{""Python"": 1, ""PyTorch"": 1}"
mistral,Applied Scientist / Research Engineer - Multimodal - EMEA,Paris,"Python, PyTorch",PhD,https://jobs.lever.co/mistral/e96d1991-da76-4049-a29a-de5d09c14597,"{""Python"": 1, ""PyTorch"": 1}"
mistral,Applied Scientist / Research Engineer - Singapore,Singapore,"Python, PyTorch",PhD,https://jobs.lever.co/mistral/c41d9d9e-f0ea-4621-a4a9-3f10dfa9ae84,"{""Python"": 1, ""PyTorch"": 1}"
mistral,Applied Scientist / Research Engineer - Time Series - EMEA,Paris,"Python, PyTorch",PhD,https://jobs.lever.co/mistral/b33a0472-dee6-42d1-bff2-bbc289f9655d,"{""Python"": 1, ""PyTorch"": 1}"
mistral,Applied Scientist / Research Engineer (Internship),Paris,"Python, PyTorch",PhD,https://jobs.lever.co/mistral/426ef8c0-eb26-4004-a690-f33c62b445a7,"{""Python"": 1, ""PyTorch"": 1}"
mistral,Business Development Manager - Tech Partners,Paris,,,https://jobs.lever.co/mistral/b551de18-b9ae-493e-beb1-629fe9e88381,
mistral,"Commercial Legal Counsel, DACH",Paris,,,https://jobs.lever.co/mistral/98602aa8-828c-421d-bc98-1e6b90e3c84c,
mistral,"Commercial Legal Counsel, EMEA",Paris,,,https://jobs.lever.co/mistral/0048593b-1ca4-4c35-855e-be944c2cb655,
mistral,Compliance Legal Counsel,Paris,,,https://jobs.lever.co/mistral/6d371a04-601d-4a3c-86e1-f6c4b78eea9e,
mistral,Contract Compute Legal Counsel,Paris,,,https://jobs.lever.co/mistral/0d94546e-a15a-4644-8115-0b960f79d973,
mistral,Corporate Legal Counsel,Paris,,,https://jobs.lever.co/mistral/5fdce0c7-57d6-48a3-a2ff-e067d1ee90c7,
mistral,"Data Quality Specialist, AI Tutor - Paris",Paris,"Python, SQL",,https://jobs.lever.co/mistral/91978bcb-afa3-4974-85f2-1822610e96f0,"{""Python"": 1, ""SQL"": 1}"
mistral,"Datacenter Hardware Engineer, HPC",Paris,"Python, Rails, Linux, Bash",,https://jobs.lever.co/mistral/ddf7bcbb-e223-4768-a553-6e95df472cf7,"{""Python"": 1, ""Rails"": 1, ""Linux"": 1, ""Bash"": 1}"
mistral,"Deployment Strategist, AI & Hybrid Cloud - Paris",Paris,"Python, AWS, GCP, Azure, Docker, Kubernetes, CI/CD",,https://jobs.lever.co/mistral/b9f9f198-752c-421a-aec8-c3b66a93e20f,"{""Python"": 1, ""AWS"": 1, ""GCP"": 1, ""Azure"": 1, ""Docker"": 1, ""Kubernetes"": 1, ""CI/CD"": 1}"
mistral,"DevOps Engineer, HPC",Paris,"Docker, Kubernetes, Terraform, CI/CD, Prometheus, Grafana, Datadog",,https://jobs.lever.co/mistral/d60f6c60-ad5e-4753-af8a-56365b7db8b8,"{""Docker"": 1, ""Kubernetes"": 1, ""Terraform"": 1, ""CI/CD"": 1, ""Prometheus"": 1, ""Grafana"": 1, ""Datadog"": 1}"
mistral,Director of Systems Integrators,Paris,Go,,https://jobs.lever.co/mistral/59407c00-6d99-468d-bca6-5fd6b02bec7b,"{""Go"": 1}"
mistral,"Engineering Team Lead, Cloud Deployments",New York,"Python, Java, Go, Kotlin, Scala, AWS, GCP, Azure, Docker, Terraform",,https://jobs.lever.co/mistral/e0859107-d3ef-47ea-b128-06ab832fe728,"{""Python"": 1, ""Java"": 1, ""Go"": 1, ""Kotlin"": 1, ""Scala"": 1, ""AWS"": 1, ""GCP"": 1, ""Azure"": 1, ""Docker"": 1, ""Terraform"": 1}"
mistral,"Executive Assistant to the CRO - Paris, France",Paris,,,https://jobs.lever.co/mistral/8a74fb66-c6ae-40eb-981d-d07ca17593be,
mistral,"Field Hardware Engineer, HPC",Paris,,,https://jobs.lever.co/mistral/ea94b55b-58e1-437b-bf3d-07ed150308e3,
mistral,"Field Marketing Manager, EMEA",Paris,,,https://jobs.lever.co/mistral/fdac4b59-454b-4b45-bb74-9124134c129b,
mistral,Founding Coordinator and Candidate Experience Lead,Paris,,,https://jobs.lever.co/mistral/1dc94bc3-b4f1-460d-9d81-e6f333f8c8c2,
mistral,Founding Talent Acquisition APAC - Singapore,Singapore,,,https://jobs.lever.co/mistral/564dd4a7-0b6a-4187-a64d-550f47149689,
mistral,FP&A Manager - Paris,Paris,,,https://jobs.lever.co/mistral/389ac750-6789-4a0f-898b-4654d68ee81c,
mistral,General Accountant,Paris,,,https://jobs.lever.co/mistral/eb6a8a44-19f6-4b84-bce8-8a818542d2c4,
mistral,GTM Sales Executive - Public Sector,Singapore,,"Bachelor, Master",https://jobs.lever.co/mistral/ce3d41da-1d68-43a2-b31a-76ad522aada1,
mistral,"Head, EMEA Customer Success Management - EMEA",Paris,Python,,https://jobs.lever.co/mistral/facee1f9-382a-4433-993b-cecca22879ba,"{""Python"": 1}"
mistral,HR Business Partner,Paris,,,https://jobs.lever.co/mistral/21e7e5d6-a469-4eeb-a0c5-2e0f3e92bd9e,
mistral,HR Business Partner US,Palo Alto,,Bachelor,https://jobs.lever.co/mistral/6f702ee6-aa29-4285-917a-a741f5af5801,
mistral,HR People Ops EMEA,Paris,,Bachelor,https://jobs.lever.co/mistral/00174d62-29ca-42c3-8dfb-8bc396384d48,
mistral,Internal Event Manager - Paris,Paris,,,https://jobs.lever.co/mistral/b613c201-e5de-4ae0-8ff6-8daf77790a0b,
mistral,IT Engineer (System Administrator),Paris,"Go, Linux",,https://jobs.lever.co/mistral/557d2a1e-41d7-4711-b797-abfe56de55e5,"{""Go"": 1, ""Linux"": 1}"
mistral,IT Technician,Paris,,,https://jobs.lever.co/mistral/24afc4c1-c92f-47b5-8266-07d870f32ef2,
mistral,"Lead AI Scientist,  Finance (Mistral Science) - Paris",Paris,"TensorFlow, PyTorch",,https://jobs.lever.co/mistral/96aff642-c48a-44ec-81d4-654d1dbc615a,"{""TensorFlow"": 1, ""PyTorch"": 1}"
mistral,"Lead AI Scientist, Material Science (Mistral Science) - Paris",Paris,"TensorFlow, PyTorch",,https://jobs.lever.co/mistral/a3b1b690-ed9e-4916-8a24-24f0ac0f1f8f,"{""TensorFlow"": 1, ""PyTorch"": 1}"
mistral,Lead Site Reliability Engineer,Paris,"Python, Go, Docker, Kubernetes, Terraform, CI/CD, Prometheus, Grafana, Datadog, ELK Stack, Bash",,https://jobs.lever.co/mistral/23168e4a-b9f0-4464-9e4d-a5d1d06211aa,"{""Python"": 1, ""Go"": 1, ""Docker"": 1, ""Kubernetes"": 1, ""Terraform"": 1, ""CI/CD"": 1, ""Prometheus"": 1, ""Grafana"": 1, ""Datadog"": 1, ""ELK Stack"": 1, ""Bash"": 1}"
mistral,Lead Software Engineer,Paris,"Python, TypeScript, React, Django, FastAPI",,https://jobs.lever.co/mistral/518da612-f986-4e7c-afa7-d7d65fc66bfd,"{""Python"": 1, ""TypeScript"": 1, ""React"": 1, ""Django"": 1, ""FastAPI"": 1}"
mistral,"Lead Software Engineer, Enterprise Systems",Paris,"Python, TypeScript, React, FastAPI, Docker, CI/CD",,https://jobs.lever.co/mistral/3eef7a1f-cd9d-430e-ac67-9d52534c346a,"{""Python"": 1, ""TypeScript"": 1, ""React"": 1, ""FastAPI"": 1, ""Docker"": 1, ""CI/CD"": 1}"
mistral,"Lead Software Engineer, Runtime",Paris,"Python, C++, PyTorch",,https://jobs.lever.co/mistral/0593f273-44f5-4c20-a84c-0406d5da6a0b,"{""Python"": 1, ""C++"": 1, ""PyTorch"": 1}"
mistral,"Legal Counsel, Copyright Attorney",Paris,,,https://jobs.lever.co/mistral/0a274090-e9f9-4ed4-a6e0-aac5acdf4248,
mistral,M&A Tech Engineer,Paris,Python,,https://jobs.lever.co/mistral/aef81704-b44b-4a42-bdb0-a895cf709df6,"{""Python"": 1}"
mistral,"Machine Learning Engineer, Open-Source Software - Paris/London",Paris,"Python, Go, TensorFlow, PyTorch",,https://jobs.lever.co/mistral/ef4c26fc-3fdb-4dd2-a64e-95264ee769dd,"{""Python"": 1, ""Go"": 1, ""TensorFlow"": 1, ""PyTorch"": 1}"
mistral,Model Behavior Architect,Paris,,,https://jobs.lever.co/mistral/4337cebc-b951-4528-98f8-ebcb45db5645,
mistral,Partner Deployment Strategist - ASEAN,Singapore,AWS,,https://jobs.lever.co/mistral/fe3542b5-4f99-4d62-af6a-fbdfd13bf0e4,"{""AWS"": 1}"
mistral,Partner Deployment Strategist - EMEA,Paris,Python,"Bachelor, Master",https://jobs.lever.co/mistral/dfb77ba1-727b-454e-a323-e6e0eafec561,"{""Python"": 1}"
mistral,Partner Manager SI - EMEA,Paris,Go,"Bachelor, MBA",https://jobs.lever.co/mistral/29aa0964-a859-464b-832c-a12a2154b501,"{""Go"": 1}"
mistral,"Partner Solution Architect, USA",New York,Python,"Bachelor, Master",https://jobs.lever.co/mistral/ad4c8ed7-0917-407d-bce6-e285e9186e25,"{""Python"": 1}"
mistral,"Product Designer, AI Studio",Paris,,,https://jobs.lever.co/mistral/1b4158ae-ae7d-42a1-8b00-424353ebd730,
mistral,"Product Designer, Le Chat",Paris,,,https://jobs.lever.co/mistral/0bfeed03-77a7-4670-a843-9d08b9e8b452,
mistral,"Product Designer, Mistral Code",Paris,,,https://jobs.lever.co/mistral/dc06d3cf-cd4e-48a3-9e87-d44cddc172f5,
mistral,"Product Manager, AI Assistant",Paris,Go,,https://jobs.lever.co/mistral/17451d76-dd74-4a01-8959-c2a9e18b19de,"{""Go"": 1}"
mistral,"Product Manager, AI Studio",Paris,Go,,https://jobs.lever.co/mistral/6201f9a0-233f-4de3-a8cc-65b75e99370f,"{""Go"": 1}"
mistral,"Product Manager, Audio",New York,Go,,https://jobs.lever.co/mistral/e769b26a-90e9-4c6f-877c-a145a93f705d,"{""Go"": 1}"
mistral,"Product Manager, Document Intelligence",New York,Go,,https://jobs.lever.co/mistral/7809b483-bdae-4964-97c7-5b8d232a142f,"{""Go"": 1}"
mistral,"Product Manager, Observability",Paris,Go,,https://jobs.lever.co/mistral/d490e98a-322e-4f48-97e2-24e4fb19cc4e,"{""Go"": 1}"
mistral,"Product Manager, Science",Paris,Go,,https://jobs.lever.co/mistral/2f5ca403-4654-4b6f-8379-592920ceb2b3,"{""Go"": 1}"
mistral,Product Operations Manager,Paris,Go,,https://jobs.lever.co/mistral/ef656934-7246-4d93-b341-c907c348c444,"{""Go"": 1}"
mistral,Recruitment Coordinator (Internship),Paris,,,https://jobs.lever.co/mistral/8a767935-0455-48e5-9cec-ff1016626a92,
mistral,Recruitment Ops Manager,Paris,,,https://jobs.lever.co/mistral/4961f24a-bb82-4d8b-b0a2-399166611357,
mistral,Research Engineer - Robotics,Paris,,,https://jobs.lever.co/mistral/ef744f52-3ceb-42f1-84f6-1c8bde220eb1,
mistral,"Research Engineer, Machine Learning - Paris/London",Paris,"Python, CI/CD, TensorFlow, PyTorch",PhD,https://jobs.lever.co/mistral/07447e1d-7900-46d4-b61b-186f2f76847f,"{""Python"": 1, ""CI/CD"": 1, ""TensorFlow"": 1, ""PyTorch"": 1}"
mistral,Senior AI Deployment Strategist - Paris,Paris,,,https://jobs.lever.co/mistral/0004f890-99d5-47c5-bb67-8f3f76a1e08f,
mistral,"Senior Legal Counsel, APAC",Singapore,,,https://jobs.lever.co/mistral/170ec098-5ae9-4261-b0de-0e97f7d5dbcc,
mistral,"Senior Product Marketing Manager, B2B",Paris,Go,,https://jobs.lever.co/mistral/281f4a57-dbe2-40b5-a35f-e180e15a4f12,"{""Go"": 1}"
mistral,Site Reliability Engineer,Paris,"Python, Go, Docker, Kubernetes, Terraform, CI/CD, Prometheus, Grafana, Datadog, ELK Stack, Bash",,https://jobs.lever.co/mistral/6e16e4fa-a60b-4270-a815-06b0450fb597,"{""Python"": 1, ""Go"": 1, ""Docker"": 1, ""Kubernetes"": 1, ""Terraform"": 1, ""CI/CD"": 1, ""Prometheus"": 1, ""Grafana"": 1, ""Datadog"": 1, ""ELK Stack"": 1, ""Bash"": 1}"
mistral,Software Engineer - Paris (Internship),Paris,"Python, JavaScript, TypeScript, Next.js, FastAPI, Kubernetes",,https://jobs.lever.co/mistral/a6980b07-e55a-427c-a985-38ecd1e2eea6,"{""Python"": 1, ""JavaScript"": 1, ""TypeScript"": 1, ""Next.js"": 1, ""FastAPI"": 1, ""Kubernetes"": 1}"
mistral,"Software Engineer,  Full-stack / Front-end",Paris,"Python, TypeScript, React",,https://jobs.lever.co/mistral/305432ef-27ac-4012-a893-a662813ac6e9,"{""Python"": 1, ""TypeScript"": 1, ""React"": 1}"
mistral,"Software Engineer, Back-end",Paris,"Python, JavaScript, TypeScript, C#, React, Docker, Kubernetes, Terraform, CI/CD, Prometheus, Grafana, Datadog",,https://jobs.lever.co/mistral/e76d2957-2bf6-4d8f-90a2-29bf9a927823,"{""Python"": 1, ""JavaScript"": 1, ""TypeScript"": 1, ""C#"": 1, ""React"": 1, ""Docker"": 1, ""Kubernetes"": 1, ""Terraform"": 1, ""CI/CD"": 1, ""Prometheus"": 1, ""Grafana"": 1, ""Datadog"": 1}"
mistral,"Software Engineer, Compute Infrastructure",Paris,"Docker, Kubernetes, Terraform, CI/CD, Prometheus, Grafana, Datadog",,https://jobs.lever.co/mistral/a101cf11-ff62-446d-b697-dc9e57eb3a79,"{""Docker"": 1, ""Kubernetes"": 1, ""Terraform"": 1, ""CI/CD"": 1, ""Prometheus"": 1, ""Grafana"": 1, ""Datadog"": 1}"
mistral,"Software Engineer, Data",Paris,"Python, SQL, Snowflake, Redshift, BigQuery, Kafka, Spark, Hadoop",,https://jobs.lever.co/mistral/db67d7a2-bcec-4151-9b3a-8212ddabf419,"{""Python"": 1, ""SQL"": 1, ""Snowflake"": 1, ""Redshift"": 1, ""BigQuery"": 1, ""Kafka"": 1, ""Spark"": 1, ""Hadoop"": 1}"
mistral,"Software Engineer, Deployment Infrastructure",Paris,"Python, Docker, Terraform, CI/CD",,https://jobs.lever.co/mistral/31364497-4081-454a-b50c-12d15daf6876,"{""Python"": 1, ""Docker"": 1, ""Terraform"": 1, ""CI/CD"": 1}"
mistral,"Software Engineer, DevOps",Paris,"Python, Go, AWS, GCP, Azure, Docker, Kubernetes, Terraform, CI/CD, OWASP",,https://jobs.lever.co/mistral/c9e16eb0-0cb9-423d-8495-a96d10782622,"{""Python"": 1, ""Go"": 1, ""AWS"": 1, ""GCP"": 1, ""Azure"": 1, ""Docker"": 1, ""Kubernetes"": 1, ""Terraform"": 1, ""CI/CD"": 1, ""OWASP"": 1}"
mistral,"Software Engineer, DevOps, Research Platform",Paris,"Python, Go, CI/CD",,https://jobs.lever.co/mistral/18be2b70-c05d-48e4-82ac-e5cb462c96c0,"{""Python"": 1, ""Go"": 1, ""CI/CD"": 1}"
mistral,"Software Engineer, Knowledge and Search",Paris,"Python, C++, Go, Rust, Docker, Terraform, CI/CD",,https://jobs.lever.co/mistral/70d5293a-9183-40d9-874a-cc08a14d5de6,"{""Python"": 1, ""C++"": 1, ""Go"": 1, ""Rust"": 1, ""Docker"": 1, ""Terraform"": 1, ""CI/CD"": 1}"
mistral,"Software Engineer, Research Team - Paris/London",Paris,"Python, Java, C++, Go, Rust, Kubernetes, CI/CD",,https://jobs.lever.co/mistral/df0d75c1-97ef-4e50-85e6-0ffd8f5b7d7c,"{""Python"": 1, ""Java"": 1, ""C++"": 1, ""Go"": 1, ""Rust"": 1, ""Kubernetes"": 1, ""CI/CD"": 1}"
mistral,"Software Engineer, Security",Paris,"Python, OWASP",,https://jobs.lever.co/mistral/9f6e6513-fd9e-411b-b558-540bc12b2fe4,"{""Python"": 1, ""OWASP"": 1}"
mistral,"Strategic Finance Analysis, AI Costs",Paris,,,https://jobs.lever.co/mistral/0baa1b95-4fbe-4359-8770-e1fc913549de,
mistral,"Strategic Finance, Mistral Compute",Paris,"AWS, GCP, Azure","Master, MBA",https://jobs.lever.co/mistral/fb640746-16d1-48ad-acfb-6e8615962921,"{""AWS"": 1, ""GCP"": 1, ""Azure"": 1}"
mistral,Talent Acquisition - EMEA (Contractor),Paris,,,https://jobs.lever.co/mistral/b1005559-123a-4207-97c1-60fcd67bef5b,
mistral,Talent Acquisition - US (Contractor),Palo Alto,,,https://jobs.lever.co/mistral/9c9bd375-c6d3-46a4-8338-4882254cc717,
mistral,Talent Acquisition (Engineering/Product/GTM/ Science) - EMEA,Paris,,,https://jobs.lever.co/mistral/41262cfd-5a86-4645-b059-1de4ee9b9ccb,
mistral,Talent Acquisition Lead - Paris,Paris,,,https://jobs.lever.co/mistral/f4226e68-4a9a-4b95-a879-f2f993e5808b,
mistral,"Talent Acquisition, USA",Palo Alto,,,https://jobs.lever.co/mistral/5ee49b30-7757-4e24-aa54-080265ce1d15,
mistral,"Team Lead, SOC (Security Operations Center)",Paris,"Python, Kubernetes, Splunk, Linux, Bash",,https://jobs.lever.co/mistral/e0b55281-55c6-4143-9bf8-e4418c667f9f,"{""Python"": 1, ""Kubernetes"": 1, ""Splunk"": 1, ""Linux"": 1, ""Bash"": 1}"
mistral,Technical Partner Enablement Lead,Palo Alto,,,https://jobs.lever.co/mistral/96e49ecb-3667-4ca9-a29e-38a8753bb983,
mistral,"Technical Program Manager, Human Data Annotation (Code) - Paris/London/Palo Alto",Paris,"Python, JavaScript, TypeScript, React, Django, FastAPI",,https://jobs.lever.co/mistral/ca5ae045-5425-42fd-a8f3-c9b3d807a540,"{""Python"": 1, ""JavaScript"": 1, ""TypeScript"": 1, ""React"": 1, ""Django"": 1, ""FastAPI"": 1}"
mistral,"Technical Program Manager, Model Releases - Paris",Paris,,,https://jobs.lever.co/mistral/db94de2e-834a-4dd3-a683-d4f3aa759108,
mistral,"Technical Program Manager, Science Operations - Paris",Paris,,,https://jobs.lever.co/mistral/f86250cf-1241-4b25-b7bc-4990c358ea1a,
mistral,"VP of Engineering, Le Chat",Paris,,,https://jobs.lever.co/mistral/6d066c18-620c-4d94-bb59-faca13ce249c,
mistral,Workplace Ops - Paris,Paris,Go,,https://jobs.lever.co/mistral/9e1aac08-ea14-4a56-ab84-1bc3a7d941b8,"{""Go"": 1}"
immutable,B2B Growth Lead,Sydney,,,https://jobs.lever.co/immutable/451d6981-22cf-48bd-a3eb-5bc75440e811,
immutable,"Business Development Manager, APAC",Sydney,,,https://jobs.lever.co/immutable/4e3e9449-e1f2-4ccb-9c5e-28e32c03d776,
immutable,Commercial Lead,Sydney,,,https://jobs.lever.co/immutable/22518cc5-6b74-48ca-aec1-e685574c2d76,
immutable,"Customer Growth Lead, Americas",United States,,,https://jobs.lever.co/immutable/e38b3f3e-1d47-45d3-89cc-0f4e8d718d98,
immutable,Engineering Manager,Sydney,,,https://jobs.lever.co/immutable/5d350864-a7b9-48e8-8cb2-a8f0fce6dbc1,
immutable,Growth Analyst (Korea),South Korea,Go,,https://jobs.lever.co/immutable/4df14a9f-7ce0-4afb-a4a3-a6ce3cb45c13,"{""Go"": 1}"
immutable,Principal Engineer,Sydney,Go,,https://jobs.lever.co/immutable/a09a5116-69b6-4731-b5f3-fc95a52efd2b,"{""Go"": 1}"
immutable,Senior Blockchain Engineer,Sydney,,,https://jobs.lever.co/immutable/6f5704ea-4b9e-4534-97b0-fe117067925a,
immutable,"Senior Business Development Manager, Americas",AMER,Go,,https://jobs.lever.co/immutable/873e93e2-86e0-4695-94bc-9f800a930bce,"{""Go"": 1}"
immutable,Senior Product Manager,Sydney,,,https://jobs.lever.co/immutable/aea81420-0d84-40db-86de-5100fe9cfe8c,
immutable,Senior Security Engineer,Australia,,,https://jobs.lever.co/immutable/b0948d5c-6030-4cfb-a247-1090a49d1487,
immutable,Senior Software Engineer,Sydney,,,https://jobs.lever.co/immutable/81edb810-9658-4ed8-a36f-0e37c993f01d,
immutable,Software Engineer,Sydney,,,https://jobs.lever.co/immutable/8783f37e-771b-4a9f-9cef-59ab86c10f77,
immutable,Strategy & Operations Lead,Sydney,,,https://jobs.lever.co/immutable/40d267d9-d781-46f1-88bf-98ee91a82111,
ledger,Local Market Outreach - Australia,"Sydney, Australia",,,https://jobs.lever.co/ledger/9377374f-771b-476a-93a6-bfdb795629fa,
moonpay,Design Director,Toronto,,,https://jobs.lever.co/moonpay/350f0fc6-321c-4e75-b44a-fd8ffded88b7,
moonpay,Head of Tax,New York,,,https://jobs.lever.co/moonpay/c9b2daff-87f7-468b-8b05-aa5563c3cf09,
moonpay,Lead Ops Engineer,United Kingdom - Hybrid,CI/CD,,https://jobs.lever.co/moonpay/64a506e3-901c-456a-a236-9a41a5db9ead,"{""CI/CD"": 1}"
moonpay,Senior Data Platform Engineer,Lisbon,"Terraform, Kafka, Spark",,https://jobs.lever.co/moonpay/f69f7436-3ffc-458d-987e-03b53e36c325,"{""Terraform"": 1, ""Kafka"": 1, ""Spark"": 1}"
moonpay,Senior Machine Learning Engineer,Lisbon,"Python, FastAPI, AWS, Azure, Docker, Kubernetes, SQL, Redis, BigQuery, Airflow, Pandas, NumPy, PyTorch, Datadog",,https://jobs.lever.co/moonpay/7ed5dbed-0745-4237-b387-21b9870d3a45,"{""Python"": 1, ""FastAPI"": 1, ""AWS"": 1, ""Azure"": 1, ""Docker"": 1, ""Kubernetes"": 1, ""SQL"": 1, ""Redis"": 1, ""BigQuery"": 1, ""Airflow"": 1, ""Pandas"": 1, ""NumPy"": 1, ""PyTorch"": 1, ""Datadog"": 1}"
moonpay,"Senior Manager,  Accounting",New York,,,https://jobs.lever.co/moonpay/6765e2e2-6f27-447a-91f9-d47151b5b8e9,
moonpay,Senior Site Reliability Engineer,Lisbon,"JavaScript, TypeScript, React, Node.js, Kubernetes, Redis, Jest, Datadog, Linux",,https://jobs.lever.co/moonpay/4eca9e86-fc41-4ea8-9ffc-d84dcba89cf7,"{""JavaScript"": 1, ""TypeScript"": 1, ""React"": 1, ""Node.js"": 1, ""Kubernetes"": 1, ""Redis"": 1, ""Jest"": 1, ""Datadog"": 1, ""Linux"": 1}"
moonpay,Staff Data Platform Engineer,Barcelona,"Python, AWS, GCP, Azure, Kubernetes, Terraform, SQL, Kafka, Airflow, Datadog, Bash",,https://jobs.lever.co/moonpay/6f779b9e-d63d-4613-afd4-8b1e584f2cfb,"{""Python"": 1, ""AWS"": 1, ""GCP"": 1, ""Azure"": 1, ""Kubernetes"": 1, ""Terraform"": 1, ""SQL"": 1, ""Kafka"": 1, ""Airflow"": 1, ""Datadog"": 1, ""Bash"": 1}"
anchorage,"Business Development APAC Lead, Stablecoins",Singapore,Go,,https://jobs.lever.co/anchorage/09b2b0d1-fb52-431c-b617-2fb74b595b1d,"{""Go"": 1}"
anchorage,Business Development Representative,United States,,,https://jobs.lever.co/anchorage/fce3ba80-1fc0-43d8-a0f9-659839bc7624,
anchorage,Business Development Representative (BDR) - Asia,Singapore,,,https://jobs.lever.co/anchorage/72608c61-1f3c-4726-bb51-955bda368ff8,
anchorage,"Engineering Manager, Transparency",Portugal,,,https://jobs.lever.co/anchorage/1c4b8fa9-fe1b-456b-97ed-4c3dc0a703a8,
anchorage,Institutional Sales Representative - Asia,Singapore,,,https://jobs.lever.co/anchorage/c13bcb73-755b-44cb-b177-ae67395d1f4d,
anchorage,Market Integrity Lead - Trade Surveillance Compliance,United States,,,https://jobs.lever.co/anchorage/0acd9b7d-fdf2-495b-a53c-846aa07ed0ea,
anchorage,"Member of Accounting, Portugal Accounting Center of Excellence",Portugal,,,https://jobs.lever.co/anchorage/785da2eb-4b06-4063-8702-d35cb81cfeb6,
anchorage,"Member of Client Experience, CXM",United States,,,https://jobs.lever.co/anchorage/8bfa5d70-74c3-4b53-a7ad-c243f54969eb,
anchorage,"Member of Client Operations, Collateral Management",United States,,,https://jobs.lever.co/anchorage/d22bd61e-baeb-43b4-bc55-ba268f51c805,
anchorage,"Member of Client Operations, Fiat (Wire/ACH Operations)",United States,,,https://jobs.lever.co/anchorage/c51b06ad-5874-40e6-904d-b1997ab0e67b,
anchorage,"Member of Client Operations, Stablecoin",United States,,,https://jobs.lever.co/anchorage/80d02d53-bb0d-4740-9cb8-cc9da306ff48,
anchorage,"Member of Compliance, FCC Program",United States,,,https://jobs.lever.co/anchorage/15b43cd5-425a-4f8c-a88b-cf7d70a2aabe,
anchorage,"Member of Compliance, Testing and Monitoring Group",United States,,,https://jobs.lever.co/anchorage/fda39af3-02ad-4cd2-8568-182dfe1226bf,
anchorage,"Member of Compliance, TPRM",United States,,,https://jobs.lever.co/anchorage/603228e9-7065-430b-9b88-5c3bcfc88755,
anchorage,Member of Corporate Development,United States,,,https://jobs.lever.co/anchorage/d6ecd93d-408b-4d85-8303-beaf0620803b,
anchorage,"Member of Enterprise Technology, Technical Program Manager",New York,,,https://jobs.lever.co/anchorage/6d7d40f4-2d53-4639-95d4-57339a4abc02,
anchorage,"Member of Finance, Treasury Operations Associate",United States,,,https://jobs.lever.co/anchorage/86755320-7a45-4bef-8705-89f2737a90cc,
anchorage,"Member of Global Analytics, Data Science",United States,,,https://jobs.lever.co/anchorage/a6ea32bd-df32-46e0-86c0-b343747249b1,
anchorage,"Member of Global Analytics, Economic & Regulatory Strategy",United States,,,https://jobs.lever.co/anchorage/f0f694e0-2e26-4aeb-b8e3-1cd0b3ccff07,
anchorage,"Member of Global Analytics, Model Validation & Research",United States,,,https://jobs.lever.co/anchorage/5e02b1db-0ddb-49ce-8cd4-0b6df9cf22f6,
anchorage,"Member of Global Operations, Information & Security (Business Continuity & Disaster Recovery)",United States,,,https://jobs.lever.co/anchorage/8a83fa59-6a43-4953-b84e-ee701a85a8fe,
anchorage,"Member of Global Operations, Strategic Initiatives",United States,,,https://jobs.lever.co/anchorage/ef1c4410-6631-40fd-8aa8-792532ed12a5,
anchorage,"Member of Global Risk Management, Financial Risk",United States,,,https://jobs.lever.co/anchorage/5848695d-e941-44a7-91f2-8b6aa68b40c3,
anchorage,"Member of Legal, Bank and Regulatory Counsel",United States,,,https://jobs.lever.co/anchorage/e3583244-2833-46c3-bf18-a3baf0bc0f82,
anchorage,"Member of Legal, Commercial Counsel",United States,,,https://jobs.lever.co/anchorage/f0b0af9f-435c-4c96-99c3-296b26344de9,
anchorage,"Member of Legal, Corporate & Commercial Counsel",United States,,,https://jobs.lever.co/anchorage/180da422-94ba-466c-b448-516fe4515f84,
anchorage,Member of Marketing - Asia,Singapore,,,https://jobs.lever.co/anchorage/c1826687-9608-4b2b-b0ea-74f8c02ddc3d,
anchorage,"Member of Marketing, Growth",United States,,,https://jobs.lever.co/anchorage/55fdb6b9-2a68-470e-8c45-7b3b7e18548f,
anchorage,"Member of Marketing, Policy Communications",Washington D.C.,,,https://jobs.lever.co/anchorage/1677275e-e7c0-4a94-b289-be057112b3ab,
anchorage,"Member of Product Design, Digital Assets",United States,Express,,https://jobs.lever.co/anchorage/58e201bc-8e06-4eff-9ec1-c7ea8aa0434c,"{""Express"": 1}"
anchorage,"Member of Product, Atlas Settlement",United States,,,https://jobs.lever.co/anchorage/cbc8a216-8fda-4f0a-a58e-2735d3054855,
anchorage,"Member of Product, Blockchain",Portugal,,,https://jobs.lever.co/anchorage/1475ab55-7d77-4757-b522-4de020952b53,
anchorage,"Member of Product, Blockchain",United States,,,https://jobs.lever.co/anchorage/1fe740a8-334a-42d1-b8d2-4e142728046c,
anchorage,"Member of Product, Wealth and Asset Management",United States,,,https://jobs.lever.co/anchorage/fdf3fc17-70d0-471b-b4c8-a18d724c3f57,
anchorage,"Member of Risk, Information Technology",Portugal,,,https://jobs.lever.co/anchorage/0a3ab025-f39c-4d5f-90bd-78bf4b4f46a2,
anchorage,"Member of Technical Staff, Asset Data",United States,,,https://jobs.lever.co/anchorage/82139746-fb0e-44b9-bbb6-ae078e5d251a,
anchorage,"Member of Technical Staff, Atlas",United States,REST,,https://jobs.lever.co/anchorage/02296064-279e-4dbf-8bf3-d85827630dc4,"{""REST"": 1}"
anchorage,"Member of Technical Staff, Banking Solutions (Backend Engineer)",New York,,,https://jobs.lever.co/anchorage/9ff975b1-ddb3-4e0c-a6eb-61683063b547,
anchorage,"Member of Technical Staff, Banking Solutions (Frontend Engineer)",New York,,,https://jobs.lever.co/anchorage/b7ba4364-471e-445f-9683-f732a8aebc4b,
anchorage,"Member of Technical Staff, Blockchain (Backend Engineer)",Portugal,,,https://jobs.lever.co/anchorage/431c6451-6ce6-4da3-826c-626c30e982f4,
anchorage,"Member of Technical Staff, Blockchain (Backend Engineer)",United States,,,https://jobs.lever.co/anchorage/8db9058f-6302-4f48-a277-f0812a7cf028,
anchorage,"Member of Technical Staff, Core Experience",Portugal,REST,,https://jobs.lever.co/anchorage/428b5826-6000-47ce-991e-cc4732ea4198,"{""REST"": 1}"
anchorage,"Member of Technical Staff, Data Platform",United States,,,https://jobs.lever.co/anchorage/8a325cd5-ef99-4f1e-bba8-7bb1fca64f12,
anchorage,"Member of Technical Staff, Direct Custody (Backend Engineer)",United States,iOS,,https://jobs.lever.co/anchorage/13d9f954-0b63-403a-9aa8-a4dde4667d4a,"{""iOS"": 1}"
anchorage,"Member of Technical Staff, Domain Engineering",United States,,,https://jobs.lever.co/anchorage/5898d01d-a4a5-44e5-8d20-2f6710dc2035,
anchorage,"Member of Technical Staff, Infrastructure",United States,"GCP, Terraform",,https://jobs.lever.co/anchorage/77222f9c-faa8-4843-bcda-71077c3c06cb,"{""GCP"": 1, ""Terraform"": 1}"
anchorage,"Member of Technical Staff, Security Engineering",United States,,,https://jobs.lever.co/anchorage/e5d0f1ac-3126-481e-857f-db6ae8eb67e9,
anchorage,"Member of Technical Staff, Self-Custody",United States,iOS,,https://jobs.lever.co/anchorage/3b96a2e8-9d6f-40f4-9816-a570c3f74b8c,"{""iOS"": 1}"
anchorage,"Member of Technical Staff, Stablecoin",Argentina,,,https://jobs.lever.co/anchorage/389e8778-1308-4be1-93fc-37b24bb970ac,
anchorage,"Member of Technical Staff, Trading (Derivatives)",United States,,,https://jobs.lever.co/anchorage/71ff4456-9a32-4404-8d83-f9552e3f1050,
anchorage,"Member of Technical Staff, Transparency (Backend Engineer)",United States,,,https://jobs.lever.co/anchorage/9781ec03-4158-45c6-af43-9204dc95eaba,
anchorage,"Member of Technical Staff, Transparency (Backend Engineer)",Portugal,,,https://jobs.lever.co/anchorage/b700e880-3830-4652-91c8-ce5ea2f470d7,
anchorage,"Member of Technical Staff, Transparency, Billing & Revenue (Backend Engineer)",United States,,,https://jobs.lever.co/anchorage/d8601771-0e21-4688-8033-6273b59eb175,
anchorage,"Member of Technical Staff, Transparency, Billing & Revenue (Backend Engineer)",Portugal,,,https://jobs.lever.co/anchorage/f6cd35e5-e4f7-420f-bdae-5ca91531c0e0,
anchorage,"Member of Technical Staff, Wealth & Asset Management Solutions (Backend Engineer)",United States,,,https://jobs.lever.co/anchorage/624213c9-018b-4754-a602-fdaad2e26703,
anchorage,Member of Trading Operations,United States,,,https://jobs.lever.co/anchorage/0f13c760-a28f-4750-8b6f-2b6d5e5b10cf,
anchorage,OTC Derivatives Sales Trader,United States,,,https://jobs.lever.co/anchorage/c2b42959-0a4b-4e85-9901-8a875d586902,
anchorage,OTC Trader - Portugal,Portugal,,,https://jobs.lever.co/anchorage/b5a67382-dd66-4219-a9cc-c52dbe7b2ea0,
anchorage,"OTC Trader, US",United States,,,https://jobs.lever.co/anchorage/60f5d166-00d9-4cb6-8fa4-98411a0cd530,
anchorage,Product Tax Manager,United States,,,https://jobs.lever.co/anchorage/385afd34-a95c-4da8-afc8-86e6c2ab5e5a,
anchorage,"Senior Manager, Growth Marketing",United States,,,https://jobs.lever.co/anchorage/f020139a-8259-49d1-8844-c766469f00e4,
anchorage,"Tech Lead, Core Experience",Portugal,REST,,https://jobs.lever.co/anchorage/e22e09ba-9f47-40c1-8ba1-aa002deb0b13,"{""REST"": 1}"
crypto,(Senior) Data Engineer,"Shenzhen, China",,,https://jobs.lever.co/crypto/29dce655-2e20-4146-9227-0073c46b0fba,
crypto,(Senior) Data Engineer,"Hong Kong, Hong Kong SAR",,,https://jobs.lever.co/crypto/43169715-739f-4bf5-9359-0153390f710c,
crypto,(Senior) Data Engineer,"Taipei, Taiwan",,,https://jobs.lever.co/crypto/97221036-a770-4982-a28e-cc17fc6ba876,
crypto,(Senior) DevOps Engineer- AI Innovation,"Shenzhen, China",,,https://jobs.lever.co/crypto/302e690d-394c-4628-9f33-7f08c52c12dc,
crypto,(Senior) DevOps Engineer- AI Innovation,"Singapore, Singapore",,,https://jobs.lever.co/crypto/77af4f2e-30cc-4faf-88ea-6342884d4427,
crypto,(Senior) DevOps Engineer- AI Innovation,"Hong Kong, Hong Kong SAR",,,https://jobs.lever.co/crypto/851c6cf7-5e84-4a2f-8959-f3cc1f0075e3,
crypto,(Senior) DevOps Engineer- AI Innovation,"Taipei, Taiwan",,,https://jobs.lever.co/crypto/e276365e-f4ea-4950-934c-bf7202fb026b,
crypto,(Senior) Human Resources Associate,"Taipei, Taiwan",,,https://jobs.lever.co/crypto/a2cd6cbb-6477-4bc9-8a55-22a140d3da7a,
crypto,"(Senior) Product Manager, Sports","Singapore, Singapore",,,https://jobs.lever.co/crypto/2499ce39-7dbe-4631-8464-892f0367f773,
crypto,"(Senior) Product Manager, Sports","Hong Kong, Hong Kong SAR",,,https://jobs.lever.co/crypto/4fe8b563-d6bd-417e-af30-167b96947f35,
crypto,"(Senior) Product Manager, Sports","Taipei, Taiwan",,,https://jobs.lever.co/crypto/750362b5-b757-482a-a14e-81e308c358c8,
crypto,"(Senior) Security Engineer, Security Engineering & Threat Intelligence","Hong Kong, Hong Kong SAR",,,https://jobs.lever.co/crypto/e3d542da-1050-4e86-881c-3be295e4de2c,
crypto,(Senior) Strategy Associate,"San Fransisco, California",,,https://jobs.lever.co/crypto/38912e62-fcca-462d-878e-5f7ff50b562c,
crypto,(Senior) Strategy Manager,"San Fransisco, California",,,https://jobs.lever.co/crypto/c67bc816-7e26-4ff5-9005-086f98ac199f,
crypto,"(Senior)Product Manager, Sports","London, United Kingdom",,,https://jobs.lever.co/crypto/abb163d8-0432-453d-b863-7d3ddad2e54b,
crypto,"(Senior)Product Manager, Trading","Singapore, Singapore",,,https://jobs.lever.co/crypto/0eec3727-f618-4148-b51d-611760ddee60,
crypto,"(Senior)Product Manager, Trading","Hong Kong, Hong Kong SAR",,,https://jobs.lever.co/crypto/9947f3a5-fd22-410e-9058-ff3ee9f36951,
crypto,"(Senior)Product Manager, Trading","Dubai, United Arab Emirates",,,https://jobs.lever.co/crypto/9ebf2d46-862b-4c83-bb69-6fa136ca5b45,
crypto,"(Senior)Product Manager, Trading","Taipei, Taiwan",,,https://jobs.lever.co/crypto/f2105c5d-110c-43f0-84ee-f76bc6208e6f,
crypto,"(Senior)Product Manager, Trading  [Relocation to HK/SG]","London, United Kingdom",,,https://jobs.lever.co/crypto/36e62080-e52c-4681-8d61-b7cf46904507,
crypto,3D Designer,"Hong Kong, Hong Kong SAR",,,https://jobs.lever.co/crypto/6f4318f7-d6e7-49e9-9042-74bb78ce032c,
crypto,3D Designer,"Taipei, Taiwan",,,https://jobs.lever.co/crypto/8dea2488-6fd7-4d47-9dfd-9b58fbd42d25,
crypto,3D Designer,"Singapore, Singapore",,,https://jobs.lever.co/crypto/e40ee22f-64fb-4ac5-a410-980a978a3d24,
crypto,Account Manager - AMER,Canada,,,https://jobs.lever.co/crypto/928be539-d767-4112-9794-53b4dbfaf5c7,
crypto,Account Manager - AMER,"Miami, Florida",,,https://jobs.lever.co/crypto/b729bfdb-a474-4bdf-b008-4ec29020003f,
crypto,Account Manager - AMER,"Sao Paulo, Brazil",,,https://jobs.lever.co/crypto/e0914045-6016-4974-8e04-498e338d10b3,
crypto,Account Manager - Sports and Predictions,United States,,,https://jobs.lever.co/crypto/3a7ec4cb-e0e1-4d8b-a575-d174b88520fd,
crypto,Analytics Engineer- Data Operations & Governance,"Hong Kong, Hong Kong SAR",,,https://jobs.lever.co/crypto/2e6b7699-70d9-4944-a68d-bc318817a634,
crypto,Analytics Engineer- Data Operations & Governance,"Shenzhen, China",,,https://jobs.lever.co/crypto/3819e4a4-dff4-418b-b1c1-bac1bb730f03,
crypto,Analytics Engineer- Data Operations & Governance,"Singapore, Singapore",,,https://jobs.lever.co/crypto/f382e49e-6190-4878-878d-ec6ec1ec1921,
crypto,Application Support Engineer,Canada,,,https://jobs.lever.co/crypto/11870baf-ec2c-40cf-8768-96c2a8ecda19,
crypto,Application Support Engineer,"Chicago, Illinois",,,https://jobs.lever.co/crypto/240f2ec0-5d6f-4934-ae2e-5202b2f5d102,
crypto,"Assistant Finance Manager, Data & Process Automation","Hong Kong, Hong Kong SAR",,,https://jobs.lever.co/crypto/dd37503c-3d19-406d-85d8-875dde461782,
crypto,"Assistant Manager, Data & Automation (Finance & Treasury)","Hong Kong, Hong Kong SAR",,,https://jobs.lever.co/crypto/8fe8ea86-39a0-48b0-a318-6de4d78e18ce,
crypto,"Assistant Manager, Internal Controls (Risk Assurance & ITAC)","Hong Kong, Hong Kong SAR",,,https://jobs.lever.co/crypto/967d236d-03e8-458c-8e61-bcbc630a64d9,
crypto,Associate Product Manager - Early Career,"Shenzhen, China",Go,,https://jobs.lever.co/crypto/520c28c8-717a-43c1-9eb6-e66becc3cbf6,"{""Go"": 1}"
crypto,Associate Product Manager - Early Career,"Singapore, Singapore",Go,,https://jobs.lever.co/crypto/62ae1c4c-2063-4f55-8131-8b0a407e564e,"{""Go"": 1}"
crypto,Associate Product Manager - Early Career,"Taipei, Taiwan",Go,,https://jobs.lever.co/crypto/a592ad30-b0f7-4cc2-b8fd-ad20a6ff1a47,"{""Go"": 1}"
crypto,Associate Product Manager - Early Career,"Hong Kong, Hong Kong SAR",Go,,https://jobs.lever.co/crypto/eb1a4d5f-7cc6-4cc8-b99a-dd4894eb17a1,"{""Go"": 1}"
crypto,Backend Operations Support Engineer (Card),"Shenzhen, China",,,https://jobs.lever.co/crypto/102ef1c6-061c-4203-acd6-3c0c91a27641,
crypto,Backend Operations Support Engineer (Card),"Taipei, Taiwan",,,https://jobs.lever.co/crypto/140879b6-0994-4a00-a7df-89b352259f58,
crypto,Backend Operations Support Engineer (Card),"Singapore, Singapore",,,https://jobs.lever.co/crypto/8a5eaf99-d77a-4b95-92ec-41ed4f1c35fd,
crypto,Backend Operations Support Engineer (Card),"Hong Kong, Hong Kong SAR",,,https://jobs.lever.co/crypto/dbc840bb-c194-4001-a80d-dd63bcdbe40b,
crypto,Backend Production Support Engineer,"Hong Kong, Hong Kong SAR",,,https://jobs.lever.co/crypto/06305038-90cd-4886-b074-e5dcec84e988,
crypto,Backend Production Support Engineer,"Shenzhen, China",,,https://jobs.lever.co/crypto/2ccba808-52a9-4ae5-b7fb-795391ccc2f7,
crypto,Backend Production Support Engineer,"Taipei, Taiwan",,,https://jobs.lever.co/crypto/853fc860-a042-4c65-b3ff-a147c301f39d,
crypto,Backend Production Support Engineer,"Singapore, Singapore",,,https://jobs.lever.co/crypto/e31ff3d9-5d5e-4720-8c02-234ddea58ae9,
crypto,"Backend Production Support Engineer - Equities, MainApp","Shenzhen, China",,,https://jobs.lever.co/crypto/30db6d76-5add-4e25-b97f-219a33efbe23,
crypto,"Backend Production Support Engineer - Equities, MainApp","Taipei, Taiwan",,,https://jobs.lever.co/crypto/806d1b2d-602f-4c21-8e49-52e68af43473,
crypto,"Backend Production Support Engineer - Equities, MainApp","Singapore, Singapore",,,https://jobs.lever.co/crypto/8d9718da-4ddd-444d-93c1-568f99e818bd,
crypto,"Backend Production Support Engineer - Equities, MainApp","Hong Kong, Hong Kong SAR",,,https://jobs.lever.co/crypto/e00f5e2f-2ffc-4776-8e5a-443753d74aed,
crypto,Blockchain Application Support Engineer,"Dublin, Ireland",,,https://jobs.lever.co/crypto/0b5592e8-6ea8-4043-8eb7-d68ce5e62f39,
crypto,Blockchain Application Support Engineer,"Madrid, Spain",,,https://jobs.lever.co/crypto/21489aae-a40b-41d2-90b0-ed512f81bb7a,
crypto,Blockchain Application Support Engineer,"Sofia, Bulgaria",,,https://jobs.lever.co/crypto/2b1d5543-f13c-4dde-a4c5-108e86f252c9,
crypto,Blockchain Application Support Engineer,"Warsaw, Poland",,,https://jobs.lever.co/crypto/6edb29bb-2884-4dca-bcd5-d6228f669ebe,
crypto,Blockchain Application Support Engineer,Portugal,,,https://jobs.lever.co/crypto/7281d11e-4f31-4fe2-bd55-732fc4953c18,
crypto,Blockchain Application Support Engineer,Hungary,,,https://jobs.lever.co/crypto/8aa34795-f8a7-4270-aad4-e7770d8a94f8,
crypto,Blockchain Application Support Engineer,"London, United Kingdom",,,https://jobs.lever.co/crypto/dad072b6-e9a0-4bc0-9277-3e7950716d46,
crypto,Blockchain Defi Developer - Quant Trading Team,"Singapore, Singapore",,,https://jobs.lever.co/crypto/0782122c-1f41-41b5-9e9e-22d90be4463a,
crypto,Blockchain Defi Developer - Quant Trading Team,"Hong Kong, Hong Kong SAR",,,https://jobs.lever.co/crypto/79328b12-b8ab-4660-8239-bbdc0db6e66f,
crypto,Blockchain Defi Developer - Quant Trading Team,"London, United Kingdom",,,https://jobs.lever.co/crypto/e9d1f410-8b45-4a3e-ac77-65f768093ef3,
crypto,Blockchain DevOps Engineer,"Dublin, Ireland",,,https://jobs.lever.co/crypto/0dd20c67-a608-4279-8f24-a7e9bda2f396,
crypto,Blockchain DevOps Engineer,"Dublin, Ireland",,,https://jobs.lever.co/crypto/36b36ded-5b1a-4bb4-a39f-1bd5ef46e749,
crypto,Blockchain DevOps Engineer,"Warsaw, Poland",,,https://jobs.lever.co/crypto/6256755b-bf1c-4c97-b874-3328943d75a8,
crypto,Blockchain DevOps Engineer,"Saint Julian's, Malta",,,https://jobs.lever.co/crypto/9eef2e3e-f9e4-4bfe-af4e-f0de7d0c01c6,
crypto,Blockchain DevOps Engineer,"Warsaw, Poland",,,https://jobs.lever.co/crypto/b78de1a1-607d-4400-830c-771dba7b5ce2,
crypto,"Business Analyst / Project Manager, Finance Technology","Hong Kong, Hong Kong SAR",,,https://jobs.lever.co/crypto/81c191ed-8f1f-467f-b2b9-839d7b193b20,
crypto,"Business Development Manager, VIP Partnerships","Kuala Lumpur, Malaysia",,,https://jobs.lever.co/crypto/7ac6cd3f-22b9-4ed7-857f-464c98c69b2f,
crypto,"Business Development Manager, VIP Partnerships","Singapore, Singapore",,,https://jobs.lever.co/crypto/7cc7e991-3971-4222-8964-1f602ef69de3,
crypto,"Business Development Manager, VIP Partnerships","Ho Chi Minh City, Vietnam",,,https://jobs.lever.co/crypto/cc1ad852-b190-455d-a3ce-a0074b3fbf3e,
crypto,"Business Development Manager, VIP Partnerships (Argentina)","Buenos Aires, Argentina",,,https://jobs.lever.co/crypto/3c0b37f0-5101-4ead-85b1-69b59d3c2db9,
crypto,"Business Development Manager, VIP Partnerships (Germany)","Berlin, Germany",,,https://jobs.lever.co/crypto/113c4adb-90e3-4460-a698-488af0da3653,
crypto,"Business Development Manager, VIP Partnerships (Italy)","Milan, Italy",,,https://jobs.lever.co/crypto/b64247e2-33ee-48f2-8c09-2780267ac30e,
crypto,"Business Development Manager, VIP Partnerships (Mexico)","Mexico City, Mexico",,,https://jobs.lever.co/crypto/7edda3a6-f9fa-4782-8d8d-837e32f25827,
crypto,"Business Development Manager, VIP Partnerships (Netherlands)","Amsterdam, Netherlands",,,https://jobs.lever.co/crypto/ffe4a0c9-6e4d-4f1b-a35d-84b7ba5cdc44,
crypto,"Business Development Manager, VIP Partnerships (UK)","London, United Kingdom",,,https://jobs.lever.co/crypto/fac990c0-4f79-42dd-80f9-06a61eed2b0c,
crypto,"Business Development Manager, VIP Partnerships (US)",United States,,,https://jobs.lever.co/crypto/8c1bd048-039b-4823-9e80-332f9e1b81c3,
crypto,"C++  Trading Developer, Quant Trading Team","London, United Kingdom",,,https://jobs.lever.co/crypto/052237f0-54e5-43c6-a72d-036eb66f8603,
crypto,"C++  Trading Developer, Quant Trading Team","Hong Kong, Hong Kong SAR",,,https://jobs.lever.co/crypto/5dd729d3-d8f9-45da-9544-f57696cb216a,
crypto,"C++  Trading Developer, Quant Trading Team","Singapore, Singapore",,,https://jobs.lever.co/crypto/c75498b7-d635-4723-b312-ed1b958f9096,
crypto,"Client Due Diligence Team Lead, Bulgaria","Sofia, Bulgaria",,,https://jobs.lever.co/crypto/beee9ed4-0819-4bd4-92b9-97b15b107eda,
crypto,"Client Onboarding Specialist (Day shift), Bulgaria","Sofia, Bulgaria",,,https://jobs.lever.co/crypto/7cb421de-d66e-4af1-b733-d939c1571ca7,
crypto,"Client Onboarding Specialist (Night shift), Bulgaria","Sofia, Bulgaria",,,https://jobs.lever.co/crypto/4124810f-462a-44ba-9b58-c05a1e3e7dc5,
crypto,Company Secretarial Officer,"Singapore, Singapore",,,https://jobs.lever.co/crypto/0c283f92-b075-4b1c-852e-ba5816691866,
crypto,Company Secretarial Officer,"Hong Kong, Hong Kong SAR",,,https://jobs.lever.co/crypto/cd6837b6-2049-4fd8-90c4-e37cddd32ca7,
crypto,"Compliance Manager, Malta","Saint Julian's, Malta",,,https://jobs.lever.co/crypto/cb8d851f-0025-47f1-a080-506e7ca9eae2,
crypto,"Compliance Monitoring Manager, Malta","Saint Julian's, Malta",,,https://jobs.lever.co/crypto/aae3d1e1-c913-4627-bb08-3cd6910169be,
crypto,"Compliance Operations Analyst, Americas","Tyler, Texas",,,https://jobs.lever.co/crypto/dadd2875-3cb7-4b5a-8cb8-4756f56118bb,
crypto,Content Operations Manager,"Hong Kong, Hong Kong SAR",,,https://jobs.lever.co/crypto/9b903605-d5df-4e76-9dbf-47c505cf01b3,
crypto,CRM Architect,"Sofia, Bulgaria",,,https://jobs.lever.co/crypto/200c5072-5753-434c-b997-9e1aab5b8e0c,
crypto,CRM Architect,"Berlin, Germany",,,https://jobs.lever.co/crypto/270430fc-2fdd-4a7f-a0e0-734561866ac2,
crypto,CRM Architect,"London, United Kingdom",,,https://jobs.lever.co/crypto/73b375ef-df2a-4141-b730-114264684612,
crypto,CRM Architect,"Madrid, Spain",,,https://jobs.lever.co/crypto/79c8ff85-ea6b-4e92-9002-bf5506eb1bd1,
crypto,CRM Architect,"Warsaw, Poland",,,https://jobs.lever.co/crypto/8f5dff25-7e1e-43c7-bc51-55adeb8a0b2c,
crypto,"Customer Experience Associate with Dutch and English (Phone Support), Bulgaria","Sofia, Bulgaria",,,https://jobs.lever.co/crypto/07ca6bfa-a9a0-47ce-82fa-1d3548843ec8,
crypto,"Customer Experience Associate with English (Day shift), Bulgaria","Sofia, Bulgaria",,,https://jobs.lever.co/crypto/9c7cf5d2-fdf2-47f6-8a1c-e621eef8500b,
crypto,"Customer Experience Associate with German and English (Phone Support), Bulgaria","Sofia, Bulgaria",,,https://jobs.lever.co/crypto/d8f72282-c0f0-41e2-9a83-aebddd771e69,
crypto,"Customer Experience Associate with Italian and English (Phone Support), Bulgaria","Sofia, Bulgaria",,,https://jobs.lever.co/crypto/ab7cc20f-802e-4696-bb1a-acbefc8370a3,
crypto,"Demand Generation Growth Manager,  Sports and Predictions",United States,,,https://jobs.lever.co/crypto/69f20b9c-a543-4cf6-8dcd-9994111a43d6,
crypto,Digital Designer,"Bangkok, Thailand",,,https://jobs.lever.co/crypto/2741d4a1-9ae7-43a8-8277-e0f8d27605d5,
crypto,Digital Designer,"Hong Kong, Hong Kong SAR",,,https://jobs.lever.co/crypto/29c84047-e68f-403c-a83e-095101a9c1ce,
crypto,Digital Designer,"Ho Chi Minh City, Vietnam",,,https://jobs.lever.co/crypto/2df406e5-5892-4e44-a586-a59e14b3c280,
crypto,Digital Designer,"Jakarta, Indonesia",,,https://jobs.lever.co/crypto/2ef1220a-4e0c-4afd-94cb-f72e29fccc4e,
crypto,Digital Designer,"Singapore, Singapore",,,https://jobs.lever.co/crypto/56380413-6111-44c5-b223-50b083068f60,
crypto,Digital Designer,"Taipei, Taiwan",,,https://jobs.lever.co/crypto/567e6f1f-bc38-4b55-b4b3-b19505f3cfb5,
crypto,Digital Designer,"Kuala Lumpur, Malaysia",,,https://jobs.lever.co/crypto/7350a3f3-72d9-4054-a0a8-df39432483c4,
crypto,Digital Designer,"India, India",,,https://jobs.lever.co/crypto/786eab94-e196-49b3-a03b-d4339249cd62,
crypto,Digital Designer (Remote/ MENA),"Dubai, United Arab Emirates",,,https://jobs.lever.co/crypto/29c59a41-fa5e-4013-a971-5b739f31872f,
crypto,Digital Designer (Remote/ MENA),"Manama, Bahrain",,,https://jobs.lever.co/crypto/cf4cc0a2-c838-40b1-9293-144cfcc8aad0,
crypto,Elixir Developer (Business Automation),"Taipei, Taiwan",,,https://jobs.lever.co/crypto/5ec8267b-3744-4661-91da-200031f96ff6,
crypto,Elixir Developer (Business Automation),"Shenzhen, China",,,https://jobs.lever.co/crypto/b0f0b544-f44a-4ab4-bc55-d7f19c977af5,
crypto,Elixir Developer (Business Automation),"Kuala Lumpur, Malaysia",,,https://jobs.lever.co/crypto/b93288d8-e215-4333-a9fd-e914b2be55c9,
crypto,Elixir Developer (Business Automation),"Singapore, Singapore",,,https://jobs.lever.co/crypto/ceb437fc-b4fc-494e-8755-3e5d04554099,
crypto,Elixir Developer (Business Automation),"Hong Kong, Hong Kong SAR",,,https://jobs.lever.co/crypto/ed35cc41-53ae-43d9-b83e-eac2d4d0bedf,
crypto,Engineering Manager (Retail Trading),"Taipei, Taiwan","Android, iOS",,https://jobs.lever.co/crypto/08fc0d49-e494-4bb9-b78e-673715d074c4,"{""Android"": 1, ""iOS"": 1}"
crypto,Engineering Manager (Retail Trading),"Singapore, Singapore","Android, iOS",,https://jobs.lever.co/crypto/283d1666-0500-4996-a362-fef88b97e171,"{""Android"": 1, ""iOS"": 1}"
crypto,Engineering Manager (Retail Trading),"Hong Kong, Hong Kong SAR","Android, iOS",,https://jobs.lever.co/crypto/3163c54d-0354-45e1-a54e-c18101bed404,"{""Android"": 1, ""iOS"": 1}"
crypto,Engineering Manager (Retail Trading),"Shenzhen, China","Android, iOS",,https://jobs.lever.co/crypto/d220b942-8c4e-44f4-8ab5-4d045ed5dfbe,"{""Android"": 1, ""iOS"": 1}"
crypto,Entry Level Compliance Analyst,United States,,,https://jobs.lever.co/crypto/1c4e66b7-8d22-4d78-ba4c-05af560dba4f,
crypto,Finance Associate,"Hong Kong, Hong Kong SAR",,,https://jobs.lever.co/crypto/21dbcdfe-4e31-400a-bdfe-8b16c21ccf76,
crypto,"Finance Manager, Accounting Advisory","Hong Kong, Hong Kong SAR",,,https://jobs.lever.co/crypto/d6a68618-c398-4dc8-877c-4c3d95af7e65,
crypto,"Finance Manager, Technical Accounting","Shenzhen, China",,,https://jobs.lever.co/crypto/7bcfa5b6-735f-4599-9ef8-ba512ea5b53c,
crypto,"Finance Manager, Technical Accounting","Hong Kong, Hong Kong SAR",,,https://jobs.lever.co/crypto/93db3ec8-8f50-416c-8b35-a4a1d9cf5614,
crypto,"Finance Manager, Technical Accounting","Singapore, Singapore",,,https://jobs.lever.co/crypto/d3d1c77c-8b1a-4532-b305-e9b5422a6e3c,
crypto,"Finance Manager, Technical Accounting (Relocation to Hong Kong)",Shanghai,,,https://jobs.lever.co/crypto/829f499d-f46b-4318-a580-bbbccdeb0aec,
crypto,"Finance Operations Associate (5 Day Work Week, Wednesday to Sunday 9am to 6pm)","Hong Kong, Hong Kong SAR",,,https://jobs.lever.co/crypto/e763f0a3-f562-4bd8-b5bc-7bf87a005113,
crypto,Finance Trust Officer,"Chicago, Illinois",,,https://jobs.lever.co/crypto/237eced7-5ea3-43c9-ae63-213da0f51e72,
crypto,"Financial Crimes Analyst - EU, Bulgaria","Sofia, Bulgaria",,,https://jobs.lever.co/crypto/79c21130-e01e-4145-b7cf-894531ff09e3,
crypto,"Financial Crimes Analyst- EU, Malta","Saint Julian's, Malta",,,https://jobs.lever.co/crypto/d1be4245-476c-4d96-8a91-753208755ead,
crypto,"Financial Crimes Analyst- US, Bulgaria","Sofia, Bulgaria",,,https://jobs.lever.co/crypto/e79d5fc4-21b3-4042-a5fa-fd4101675b14,
crypto,"Financial Crimes Risk Director, Bulgaria","Sofia, Bulgaria",,,https://jobs.lever.co/crypto/b9204093-a4e6-4323-a84f-21b62690b3ec,
crypto,Freelance Localization Linguist,Canada,,,https://jobs.lever.co/crypto/3e75c40f-1470-4d34-acb2-2c2e38895314,
crypto,Freelance Localization Linguist,"Hong Kong, Hong Kong SAR",,,https://jobs.lever.co/crypto/8c96e010-6604-4152-9eb5-2395512a0ed0,
crypto,Freelance Localization Linguist,"Denmark, Denmark",,,https://jobs.lever.co/crypto/962e86d2-b604-487a-a845-037c96553b8a,
crypto,Freelance Localization Linguist,"Berlin, Germany",,,https://jobs.lever.co/crypto/96880c8f-a5a1-45f5-af70-d037174140ae,
crypto,Freelance Localization Linguist,"Paris, France",,,https://jobs.lever.co/crypto/acc80a29-61cf-4c3b-bf23-2317cff8c2de,
crypto,Freelance Localization Linguist,Cyprus,,,https://jobs.lever.co/crypto/d53ebac7-86a9-48f8-85ff-3e1506f64d24,
crypto,Full Stack Engineer - Mainapp Team,"Singapore, Singapore",Rails,,https://jobs.lever.co/crypto/0258278f-2a56-476c-b1fd-ea53c3cb7d16,"{""Rails"": 1}"
crypto,Full Stack Engineer - Mainapp Team,"Shenzhen, China",Rails,,https://jobs.lever.co/crypto/35b90971-d818-4af9-b236-f603714fdcf7,"{""Rails"": 1}"
crypto,Full Stack Engineer - Mainapp Team,"Hong Kong, Hong Kong SAR",Rails,,https://jobs.lever.co/crypto/d9db6662-f64e-4827-8c36-52b1929d9b0e,"{""Rails"": 1}"
crypto,Full Stack Engineer - Mainapp Team,"Taipei, Taiwan",Rails,,https://jobs.lever.co/crypto/f814182a-07f9-47c4-97d3-99b5ac57725b,"{""Rails"": 1}"
crypto,Full Stack Engineer (Business Automation),"Taipei, Taiwan",,,https://jobs.lever.co/crypto/0cf8958a-06e5-454d-b8a2-031ca1ca09a0,
crypto,Full Stack Engineer (Business Automation),"Kuala Lumpur, Malaysia",,,https://jobs.lever.co/crypto/1501c582-d896-4865-88e0-da166542b5c2,
crypto,Full Stack Engineer (Business Automation),"Singapore, Singapore",,,https://jobs.lever.co/crypto/46892c03-d7e6-4b81-9581-daedc933d715,
crypto,Full Stack Engineer (Business Automation),"Hong Kong, Hong Kong SAR",,,https://jobs.lever.co/crypto/79a01cfc-9839-4baa-a763-c7eea92ddaac,
crypto,Full Stack Engineer (Business Automation),"Shenzhen, China",,,https://jobs.lever.co/crypto/a1e56486-2212-4faf-a259-6ee99efbe309,
crypto,German & French Localisation Manager (Contractor),"Ho Chi Minh City, Vietnam",,,https://jobs.lever.co/crypto/101cfd1b-540b-49a2-93ae-39bb2c605b14,
crypto,German & French Localisation Manager (Contractor),"Warsaw, Poland",,,https://jobs.lever.co/crypto/20fce84d-3fc0-458a-b8d1-3a3689f64a2f,
crypto,German & French Localisation Manager (Contractor),Hungary,,,https://jobs.lever.co/crypto/3b9298fb-1a4f-4957-93a2-7fe2724bb668,
crypto,German & French Localisation Manager (Contractor),"Madrid, Spain",,,https://jobs.lever.co/crypto/551c288b-c6a9-427c-8f1a-2517ed8345e0,
crypto,German & French Localisation Manager (Contractor),"Sofia, Bulgaria",,,https://jobs.lever.co/crypto/7d041727-b429-4452-b373-8e406ca84e6d,
crypto,German & French Localisation Manager (Contractor),"Jakarta, Indonesia",,,https://jobs.lever.co/crypto/98dccc4d-7b19-4117-8200-53bd2995523e,
crypto,German & French Localisation Manager (Contractor),"Bangkok, Thailand",,,https://jobs.lever.co/crypto/e9493ac2-b4a9-47e4-b5e3-2cafd3389cba,
crypto,"Growth Campaign Manager, Sports and Predictions",United States,,,https://jobs.lever.co/crypto/ef106ad0-b415-4bc1-8bd7-8527799254d4,
crypto,"Growth Director, Paid Search","London, United Kingdom",,,https://jobs.lever.co/crypto/14cc5188-d040-4baf-ac35-d95dafe2c08a,
crypto,"Growth Director, Paid Search","Warsaw, Poland",,,https://jobs.lever.co/crypto/6b9d5345-8a3f-4fb4-93d4-49de28a4d546,
crypto,"Growth Director, Paid Search","Singapore, Singapore",,,https://jobs.lever.co/crypto/7ec4cb03-17b3-4f27-8527-bfc0e72f8b33,
crypto,"Growth Director, Paid Search","Amsterdam, Netherlands",,,https://jobs.lever.co/crypto/90e638bb-ab2f-428f-99fa-39019499df3e,
crypto,"Growth Director, Paid Search","Berlin, Germany",,,https://jobs.lever.co/crypto/929eadc8-0e89-433f-b8c3-4b24c918d4d0,
crypto,Growth Manager,"Hong Kong, Hong Kong SAR",,,https://jobs.lever.co/crypto/7e2f95a6-5064-4bc8-9974-772cd0b78c39,
crypto,Growth Manager,"Singapore, Singapore",,,https://jobs.lever.co/crypto/cbf62afb-e150-4f3b-b894-d529bb191262,
crypto,"Growth Manager, Social and Search","Singapore, Singapore",,,https://jobs.lever.co/crypto/84ce3c00-881e-42ab-9a60-3f1b39eb8c3f,
crypto,"Growth Manager, Social and Search","Melbourne, Australia",,,https://jobs.lever.co/crypto/bc41f738-f854-480c-89d2-0acde4a9b9ba,
crypto,"Growth Manager, Social and Search","Hong Kong, Hong Kong SAR",,,https://jobs.lever.co/crypto/fb555c22-631c-4ae3-aee1-3f0eeed0ccf6,
crypto,Head of Custody Security,"Dublin, Ireland",,,https://jobs.lever.co/crypto/0b148287-6faf-4531-b998-cffcb4ae2e30,
crypto,Head of Custody Security,"Madrid, Spain",,,https://jobs.lever.co/crypto/145d3ee5-dad6-4b32-8800-ec570da72fc6,
crypto,Head of Custody Security,"London, United Kingdom",,,https://jobs.lever.co/crypto/439b46f0-f09d-48f0-adf4-5165de1adef2,
crypto,Head of Custody Security,"Dallas, Texas",,,https://jobs.lever.co/crypto/59348348-a6ae-4a07-b416-e1e899c13afb,
crypto,Head of Custody Security,"Los Angeles, California",,,https://jobs.lever.co/crypto/aaa72833-02df-4180-adc1-dd5c5050a30a,
crypto,Head of Custody Security,"Warsaw, Poland",,,https://jobs.lever.co/crypto/ad344470-dc25-4f0f-bb86-40cc54f38472,
crypto,Head of Custody Security,"Amsterdam, Netherlands",,,https://jobs.lever.co/crypto/fdbe37f2-a50d-4c86-8ccd-c18861168cf9,
crypto,Head of Dealing On Own Account,Cyprus,,,https://jobs.lever.co/crypto/478a98c7-0e9d-42c8-9c07-df92186fe9ba,
crypto,Head of Growth Analytics,"Singapore, Singapore",,,https://jobs.lever.co/crypto/53eb33ef-53a9-4c5e-af55-f6d69d7a7b60,
crypto,Head of Growth Analytics,"Hong Kong, Hong Kong SAR",,,https://jobs.lever.co/crypto/62e3dee0-0ea7-46de-ae97-f4ec9bb3b362,
crypto,Head of RTO,Cyprus,,,https://jobs.lever.co/crypto/93fbdc4f-fbdd-46f6-b187-a5c5ec8e7e5d,
crypto,Incident Response Engineer,"Dubai, United Arab Emirates",,,https://jobs.lever.co/crypto/19d38e63-1d38-4838-95b9-dfa2eb4ca04e,
crypto,Institutional Sales Manager,"Hong Kong, Hong Kong SAR",,,https://jobs.lever.co/crypto/41ccbf48-b8fb-4d56-a9c5-847ca026b50d,
crypto,Institutional Sales Manager,"Taipei, Taiwan",,,https://jobs.lever.co/crypto/5bc76e1f-c610-4d9a-b0b2-6a4af176b00d,
crypto,Institutional Sales Manager,"Ho Chi Minh City, Vietnam",,,https://jobs.lever.co/crypto/81d3eb54-e460-48d9-a99b-c91eef2085c3,
crypto,Institutional Sales Manager,"Kuala Lumpur, Malaysia",,,https://jobs.lever.co/crypto/88dba6ba-7a71-448a-9dd3-27678c93cead,
crypto,Institutional Sales Manager,"Bangkok, Thailand",,,https://jobs.lever.co/crypto/92b9e096-ff39-490a-ba0c-8ab8eddd13cc,
crypto,Institutional Sales Manager,"Singapore, Singapore",,,https://jobs.lever.co/crypto/bc40c5a1-8700-4bd2-a6be-a31fe856d413,
crypto,Institutional Sales Manager,"Melbourne, Australia",,,https://jobs.lever.co/crypto/e218461f-e8a9-4b1b-bf90-e4972af6e573,
crypto,Institutional Sales Manager (APAC focused),"Dubai, United Arab Emirates",,,https://jobs.lever.co/crypto/a7a2eb48-b83f-4e1b-9b6d-ff6691cf5ffa,
crypto,"Institutional Sales Manager, US",United States,,,https://jobs.lever.co/crypto/709adb0b-918c-43f9-9060-8715d13d640e,
crypto,Investment Analyst / Associate (Corporate Development),"Hong Kong, Hong Kong SAR",,,https://jobs.lever.co/crypto/110604c3-82ff-49bd-a4f0-6ef26c6a480c,
crypto,"IRA Account Specialist, FINRA Series 7","Chicago, Illinois",,,https://jobs.lever.co/crypto/30152ca2-33bf-426b-89a8-0016f0d6df00,
crypto,"IRA Account Specialist, FINRA Series 7",United States,,,https://jobs.lever.co/crypto/3ffc46dd-dc11-463e-97f4-7f31580b9c1d,
crypto,"IT Support Engineer, Bulgaria","Sofia, Bulgaria",,,https://jobs.lever.co/crypto/917a5b89-f64b-404a-afb2-5e8f1246010e,
crypto,Java Developer (Exchange/Trading Bots),"Shenzhen, China",,,https://jobs.lever.co/crypto/e08d9644-9bce-4026-a927-5546da137014,
crypto,Junior Operations Analyst,"Kuala Lumpur, Malaysia",,,https://jobs.lever.co/crypto/0a3708fa-e1a7-4570-b80a-94a184501b43,
crypto,Junior Operations Analyst,"Taipei, Taiwan",,,https://jobs.lever.co/crypto/20e5a3dc-63c7-44ca-8bba-321007a9db9c,
crypto,Junior Operations Analyst,"Hong Kong, Hong Kong SAR",,,https://jobs.lever.co/crypto/8fca81d0-c4fd-4fc1-b276-9d6d41a6566f,
crypto,Language Quality Specialist,"Singapore, Singapore",,,https://jobs.lever.co/crypto/08df5083-e0f9-4c3a-b071-a796b5107f98,
crypto,Language Quality Specialist,"Hong Kong, Hong Kong SAR",,,https://jobs.lever.co/crypto/4cbdede7-ebcc-489e-96bb-80d56c9e1658,
crypto,Language Quality Specialist,"Shenzhen, China",,,https://jobs.lever.co/crypto/684f18cc-192d-499e-b4f3-793e06159fb7,
crypto,Language Quality Specialist,"London, United Kingdom",,,https://jobs.lever.co/crypto/84211fdb-152d-4db1-a3c4-f5b0dff85c1e,
crypto,Language Quality Specialist,"Kuala Lumpur, Malaysia",,,https://jobs.lever.co/crypto/a53032cf-47ba-4c87-a274-2e3c73bdf3bb,
crypto,Language Quality Specialist,"Taipei, Taiwan",,,https://jobs.lever.co/crypto/ae446cfe-0f1a-4378-9214-d7ed8eaf7401,
crypto,Lead / Senior iOS Developer,"Ho Chi Minh City, Vietnam","React, iOS, React Native",,https://jobs.lever.co/crypto/4b7a15d6-5458-422d-afe3-e101ee3112f4,"{""React"": 1, ""iOS"": 1, ""React Native"": 1}"
crypto,Lead / Senior iOS Developer,"Kuala Lumpur, Malaysia","React, iOS, React Native",,https://jobs.lever.co/crypto/ce94d197-5300-4c47-b3b2-41fa00303df4,"{""React"": 1, ""iOS"": 1, ""React Native"": 1}"
crypto,Lead / Senior iOS Developer,"Singapore, Singapore","React, iOS, React Native",,https://jobs.lever.co/crypto/f8974607-a447-4f77-b34a-2e46a54bfd5d,"{""React"": 1, ""iOS"": 1, ""React Native"": 1}"
crypto,Lead / Senior iOS Developer,"Bangkok, Thailand","React, iOS, React Native",,https://jobs.lever.co/crypto/fd610255-1f9a-4b9e-b23c-d59d50c4f553,"{""React"": 1, ""iOS"": 1, ""React Native"": 1}"
crypto,Lead / Senior iOS Developer - Crypto.com App,"Taipei, Taiwan","React, iOS, React Native",,https://jobs.lever.co/crypto/578b1492-d815-4935-b19f-54a563d11b7c,"{""React"": 1, ""iOS"": 1, ""React Native"": 1}"
crypto,Lead / Senior Product Manager - Exchange (Institutional),"Dubai, United Arab Emirates",,,https://jobs.lever.co/crypto/33d9e8a2-56ea-41ca-b3ac-f10cfe6ace93,
crypto,Lead / Senior Product Manager - Exchange (Institutional),"Singapore, Singapore",,,https://jobs.lever.co/crypto/3f320eaf-fe3d-4297-809e-064d1fd9cf07,
crypto,Lead / Senior Product Manager - Exchange (Institutional),"Hong Kong, Hong Kong SAR",,,https://jobs.lever.co/crypto/830e5f56-3c9a-4e44-aec6-d46784eb27e5,
crypto,Lead / Senior Software Developer - Mainapp Platform Team,"Singapore, Singapore",,,https://jobs.lever.co/crypto/7c45fc31-5ef5-4272-bea1-00b3206ceb83,
crypto,Lead / Senior Software Developer - Mainapp Platform Team,"Taipei, Taiwan",,,https://jobs.lever.co/crypto/7c8e4aff-fb05-4774-a7d2-58397a84fc29,
crypto,Lead / Senior Software Developer - Mainapp Platform Team,"Hong Kong, Hong Kong SAR",,,https://jobs.lever.co/crypto/d5d5ade4-a5b2-4a0b-85e0-3e6f6f228584,
crypto,Lead / Senior Software Developer - Mainapp Platform Team,"Shenzhen, China",,,https://jobs.lever.co/crypto/d97312ee-985e-4518-9d14-0dc2570fc9c4,
crypto,Market Surveillance Analyst,Cyprus,,,https://jobs.lever.co/crypto/25221aa4-28ed-4ff9-8fe2-49df338b875b,
crypto,Market Surveillance Analyst,United States,,,https://jobs.lever.co/crypto/27f97804-1a4d-4341-8cd4-6cf85fa2550d,
crypto,Market Surveillance Analyst,"Madrid, Spain",,,https://jobs.lever.co/crypto/ee744b38-57b4-4532-b2b5-152407037366,
crypto,"Market Surveillance Analyst, Bulgaria","Sofia, Bulgaria",,,https://jobs.lever.co/crypto/71f27ee2-82f0-4c83-aff1-6589638ba3ec,
crypto,Market Surveillance Team Lead,Cyprus,,,https://jobs.lever.co/crypto/0a0408d8-a03f-44cd-8b2b-2b0fccdb4e26,
crypto,Market Surveillance Team Lead,"Madrid, Spain",,,https://jobs.lever.co/crypto/d03afac2-b204-45fc-bb08-d52b2c485705,
crypto,"Market Surveillance Team Lead, Bulgaria","Sofia, Bulgaria",,,https://jobs.lever.co/crypto/5e0088dc-c2c5-464a-a3fa-dd037e96de61,
crypto,Mid/ Senior Fullstack Developer (Exchange/Trading Platform),"Taipei, Taiwan",,,https://jobs.lever.co/crypto/400fefb4-f969-43a6-b595-99650aed9bcd,
crypto,Mid/Sr Frontend Developer/Fullstack Developer - MainApp Web,"Shenzhen, China",,,https://jobs.lever.co/crypto/1c3206e0-aef1-40a6-99e5-e1b53bb9c1c4,
crypto,Principal Product Designer - Innovation,"Taipei, Taiwan",,,https://jobs.lever.co/crypto/6dc22575-9779-4e86-9a30-3d9e17937d8d,
crypto,Principal Product Designer - Innovation,"Singapore, Singapore",,,https://jobs.lever.co/crypto/8e75ca96-b371-4ead-8e8c-7d057f6b000d,
crypto,Principal Product Designer - Innovation,"Hong Kong, Hong Kong SAR",,,https://jobs.lever.co/crypto/cd09d37e-5597-4e20-a632-f869fe8db85b,
crypto,Product & Implementation Specialist – Digital Asset Custody,"Hong Kong, Hong Kong SAR",,,https://jobs.lever.co/crypto/6d224ce2-bbed-4470-9e5c-05fe73a37437,
crypto,Product & Implementation Specialist – Digital Asset Custody,"Taipei, Taiwan",,,https://jobs.lever.co/crypto/961bd9cf-f3ac-4383-8cb9-77ced1dfcc23,
crypto,Product & Implementation Specialist – Digital Asset Custody,"Singapore, Singapore",,,https://jobs.lever.co/crypto/cf28b8e6-7058-4fc6-b6c1-3bf9691e24cd,
crypto,Product Designer,"Taipei, Taiwan",,,https://jobs.lever.co/crypto/18e5c31a-19d0-4e5b-97d4-5efbe7e37e7c,
crypto,Product Designer,"Singapore, Singapore",,,https://jobs.lever.co/crypto/79e47124-cc92-4038-a589-e28ad670a032,
crypto,Product Designer,"Hong Kong, Hong Kong SAR",,,https://jobs.lever.co/crypto/b7b5a892-0f0b-486a-8485-3a6e0c12ee99,
crypto,Product Director - Payment & Banking,"Amsterdam, Netherlands",,,https://jobs.lever.co/crypto/0ef775a9-0ff9-4f6c-b513-222d52523093,
crypto,Product Director - Payment & Banking,"Dubai, United Arab Emirates",,,https://jobs.lever.co/crypto/4232269c-0781-43c1-8b26-c2042408f469,
crypto,Product Director - Payment & Banking,"Singapore, Singapore",,,https://jobs.lever.co/crypto/570cc8ca-8087-4075-a4a2-16c3e00b304e,
crypto,Product Director - Payment & Banking,"Madrid, Spain",,,https://jobs.lever.co/crypto/5f39fdaf-c38f-408e-b62d-d35dfa126581,
crypto,Product Director - Payment & Banking,"London, United Kingdom",,,https://jobs.lever.co/crypto/70ce8c17-f7a7-4b42-b858-a792b4178b7f,
crypto,Product Director - Payment & Banking,United States,,,https://jobs.lever.co/crypto/abce9ee0-3c95-4ce5-bb59-a05e14d59795,
crypto,Product Director - Payment & Banking,"Amsterdam, Netherlands",,,https://jobs.lever.co/crypto/b07f17ef-e1eb-4e24-996b-4b31a11b00c4,
crypto,Product Director - Payment & Banking,"Hong Kong, Hong Kong SAR",,,https://jobs.lever.co/crypto/ef7d2ee9-4b68-412c-b7e2-041fa5f8b261,
crypto,"Product Director, Cards",United States,,,https://jobs.lever.co/crypto/7b494dc6-479e-41d9-965d-7c14f29aab5f,
crypto,"Product Growth Hacker, Exchange",United States,Go,,https://jobs.lever.co/crypto/3d584257-2767-402b-9469-bad28405e7c0,"{""Go"": 1}"
crypto,Product Growth Hacker: Exchange,"Dubai, United Arab Emirates",Go,,https://jobs.lever.co/crypto/442a119f-40c1-492f-99dc-635bd852df91,"{""Go"": 1}"
crypto,Product Growth Hacker: Exchange,"London, United Kingdom",Go,,https://jobs.lever.co/crypto/f794d0e3-40be-4391-89ff-d49611738fae,"{""Go"": 1}"
crypto,Product Growth Hacker: TradFi - Stocks/Equities,United States,Go,,https://jobs.lever.co/crypto/269cd7dc-750f-4732-be25-deacf1897b70,"{""Go"": 1}"
crypto,Product Growth Hacker: TradFi - Stocks/Equities,"London, United Kingdom",Go,,https://jobs.lever.co/crypto/8091d9ca-7823-4bfc-b998-390eb1ce011d,"{""Go"": 1}"
crypto,Product Manager (Trading),"Singapore, Singapore",,,https://jobs.lever.co/crypto/3485f16b-ac9a-46ea-ad8c-e2c19052b043,
crypto,"Product Manager, Card","Hong Kong, Hong Kong SAR",,,https://jobs.lever.co/crypto/0705d774-06f3-436d-825b-38e59b97f015,
crypto,"Product Manager, Card","Singapore, Singapore",,,https://jobs.lever.co/crypto/741aa7ae-2199-4de7-8e81-435d06ad48e9,
crypto,"Product Manager, Card","Paris, France",,,https://jobs.lever.co/crypto/a7a3be1d-59b2-42f3-a320-59fbf1f99580,
crypto,"Product Manager, Card","Hong Kong, Hong Kong SAR",,,https://jobs.lever.co/crypto/d557818d-ea5f-43a0-80cd-b13a6b0176ed,
crypto,"Product Manager, Card","London, United Kingdom",,,https://jobs.lever.co/crypto/d6725f79-4377-444f-a5d7-8be4548546ed,
crypto,"Product Manager, Card",Portugal,,,https://jobs.lever.co/crypto/db258abb-11f3-4364-a26f-355cd8c0b72c,
crypto,"Product Manager, Card","Taipei, Taiwan",,,https://jobs.lever.co/crypto/e4ac190a-bfa6-44a6-8b19-f8438164202b,
crypto,"Product Manager, Card","Berlin, Germany",,,https://jobs.lever.co/crypto/f6067cad-6fcb-4c42-a6c4-9f668f5a776b,
crypto,"Product Manager, Cash & Transfers","Singapore, Singapore",,,https://jobs.lever.co/crypto/756cb660-f3d7-4868-a232-e128c1f6466d,
crypto,"Product Manager, Cash & Transfers","Hong Kong, Hong Kong SAR",,,https://jobs.lever.co/crypto/b21ee6a6-6e81-4309-8dfb-c247429f9b0d,
crypto,"Product Manager, Cash & Transfers","Taipei, Taiwan",,,https://jobs.lever.co/crypto/e380f296-103f-4d00-b9f8-371238d383ee,
crypto,"Product Manager, Custody",United States,,,https://jobs.lever.co/crypto/070aeb7a-04fa-4634-b320-af4fb58b96f6,
crypto,Quality Assurance Manager (Crypto.com APP),"Shenzhen, China",,,https://jobs.lever.co/crypto/0fd93ea9-9efd-4918-925a-12753bfea934,
crypto,Quality Assurance Manager (Crypto.com APP),"Hong Kong, Hong Kong SAR",,,https://jobs.lever.co/crypto/a1bc74de-34c6-44be-905a-c6ebc6d82eef,
crypto,Quant Trader (Sports Event Market Making),"Hong Kong, Hong Kong SAR",,,https://jobs.lever.co/crypto/2298d529-b3a7-49fe-9b42-dd3241f4849e,
crypto,Quant Trader (Sports Event Market Making),United States,,,https://jobs.lever.co/crypto/36875904-d379-4a4d-af1e-b95f66702fc3,
crypto,Quant Trader (Sports Event Market Making),"London, United Kingdom",,,https://jobs.lever.co/crypto/df808d28-a21a-4645-8496-64de5024fbb5,
crypto,"Regulatory Compliance Manager, Malta","Saint Julian's, Malta",,,https://jobs.lever.co/crypto/738b6746-0193-449f-9410-e09c3462f8e2,
crypto,Regulatory Legal Counsel,"Dubai, United Arab Emirates",,,https://jobs.lever.co/crypto/8a3e7811-28a4-4217-aaf2-21856f3a9834,
crypto,"Risk Operations Analyst (Night Shifts), Bulgaria","Sofia, Bulgaria",,,https://jobs.lever.co/crypto/ebf4e7fc-9ad6-4df7-a8b8-6eec89f58f26,
crypto,Rust Engineer (Greenfield project),"Shenzhen, China",,,https://jobs.lever.co/crypto/1455a861-6335-433e-bb58-21472dae7f2b,
crypto,Rust Engineer (Greenfield project),"Taipei, Taiwan",,,https://jobs.lever.co/crypto/32171e0b-e098-4381-8077-2cf8b54f960b,
crypto,Rust Engineer (Greenfield project),"London, United Kingdom",,,https://jobs.lever.co/crypto/6a779e51-85e4-4788-a3d2-f8245ca5edd2,
crypto,Rust Engineer (Greenfield project),"Madrid, Spain",,,https://jobs.lever.co/crypto/a5b4ee9a-3b1b-4d42-b99c-d3e39fad0914,
crypto,Rust Engineer (Greenfield project),"Dublin, Ireland",,,https://jobs.lever.co/crypto/b57d7918-3791-4d73-a8c7-8097bc8b4614,
crypto,Rust Engineer (Greenfield project),"Sofia, Bulgaria",,,https://jobs.lever.co/crypto/d857621c-6639-498e-907f-0991562b3114,
crypto,Rust Engineer (Greenfield project),"Ho Chi Minh City, Vietnam",,,https://jobs.lever.co/crypto/fc2d1615-8a94-4b33-80cd-0181df27014e,
crypto,Rust Engineer (Greenfield project),"Kuala Lumpur, Malaysia",,,https://jobs.lever.co/crypto/fe07394d-b370-410b-94a7-4b5d0a92d38f,
crypto,"Senior Analyst, Compliance",United States,,,https://jobs.lever.co/crypto/74be88f2-31d6-4bb8-8dfa-5387afc4412e,
crypto,Senior Android Developer,"Ho Chi Minh City, Vietnam","React, Android, React Native",,https://jobs.lever.co/crypto/18c8c2e1-8303-4d74-8004-495e823d36b8,"{""React"": 1, ""Android"": 1, ""React Native"": 1}"
crypto,Senior Android Developer,"Taipei, Taiwan","React, Android, React Native",,https://jobs.lever.co/crypto/6ebc9836-7b1f-4b77-8801-8ea14e61a5ba,"{""React"": 1, ""Android"": 1, ""React Native"": 1}"
crypto,Senior Android Developer,"Singapore, Singapore","React, Android, React Native",,https://jobs.lever.co/crypto/7c3a3856-ac34-425f-b2a5-556dc76721cb,"{""React"": 1, ""Android"": 1, ""React Native"": 1}"
crypto,Senior Android Developer,"Bangkok, Thailand","React, Android, React Native",,https://jobs.lever.co/crypto/8038b7f4-f9cf-4cc9-838d-9ed1570b8bf1,"{""React"": 1, ""Android"": 1, ""React Native"": 1}"
crypto,Senior Android Developer,"Hong Kong, Hong Kong SAR","React, Android, React Native",,https://jobs.lever.co/crypto/b6ddb509-115b-48a3-82f1-9d0e78891f13,"{""React"": 1, ""Android"": 1, ""React Native"": 1}"
crypto,Senior Android Developer,"Kuala Lumpur, Malaysia","React, Android, React Native",,https://jobs.lever.co/crypto/e84e776a-612b-45c3-95b8-8735b7f0174c,"{""React"": 1, ""Android"": 1, ""React Native"": 1}"
crypto,Senior Backend Developer,"Taipei, Taiwan",,,https://jobs.lever.co/crypto/0eabfeff-c47e-422c-b9fa-9e89ba0f91b4,
crypto,Senior Backend Developer,"Hong Kong, Hong Kong SAR",,,https://jobs.lever.co/crypto/3e4132bd-865f-40aa-b4e7-4775563a42f0,
crypto,Senior Backend Developer,"Singapore, Singapore",,,https://jobs.lever.co/crypto/ce4c52df-f6a7-4927-95a4-439d2335b441,
crypto,Senior Backend Engineer (Golang/Ruby on Rails) - User Onboarding and KYC,"Hong Kong, Hong Kong SAR",,,https://jobs.lever.co/crypto/6729f895-7a9e-4ecc-b3f3-3e3845a5b30f,
crypto,Senior Backend Engineer (Golang/Ruby on Rails) - User Onboarding and KYC,"Singapore, Singapore",,,https://jobs.lever.co/crypto/9d2e6572-5f05-46d3-932a-693f78c6a00f,
crypto,Senior Backend Engineer (Golang/Ruby on Rails) - User Onboarding and KYC,"Shenzhen, China",,,https://jobs.lever.co/crypto/c83e65ca-0e21-4f1c-8ca4-49357a8a870e,
crypto,Senior Backend Engineer (Golang/Ruby on Rails) - User Onboarding and KYC,"Kuala Lumpur, Malaysia",,,https://jobs.lever.co/crypto/d14cb877-91b5-4596-8692-1d0dde892700,
crypto,Senior Backend Engineer (Golang/Ruby on Rails) - User Onboarding and KYC,"Taipei, Taiwan",,,https://jobs.lever.co/crypto/f7ec464c-a491-455f-b945-5fee642752a3,
crypto,Senior Blockchain Security Engineer,"Hong Kong, Hong Kong SAR",,,https://jobs.lever.co/crypto/1097df20-d0e8-44d5-bbba-c00e182bde11,
crypto,Senior Database Developer (CDNA),"London, United Kingdom",SQL,,https://jobs.lever.co/crypto/b1eaa1c4-c66f-4999-94f6-de76c2ebc89f,"{""SQL"": 1}"
crypto,Senior Database Developer (CDNA),"Bangalore, India",SQL,,https://jobs.lever.co/crypto/f232411f-cf96-4c94-b3fa-d1e52a75a2a1,"{""SQL"": 1}"
crypto,Senior DataOps Engineer - MainApp infrastructure,"Shenzhen, China",,,https://jobs.lever.co/crypto/228d4f23-ac35-4c3c-973e-e268439c67fa,
crypto,Senior DataOps Engineer - MainApp infrastructure,"Taipei, Taiwan",,,https://jobs.lever.co/crypto/810d7968-8cb6-402e-8e50-94804ccb57e8,
crypto,Senior DataOps Engineer - MainApp infrastructure,"Hong Kong, Hong Kong SAR",,,https://jobs.lever.co/crypto/d09f2866-36f7-433f-8c02-4669217ae565,
crypto,Senior DataOps Engineer - MainApp infrastructure,"Singapore, Singapore",,,https://jobs.lever.co/crypto/ffbfdc17-92fd-4600-b76f-c4d8744704f2,
crypto,Senior DevOps Engineer (Exchange /Trading Platforms),"Warsaw, Poland",,,https://jobs.lever.co/crypto/0edf70e1-86e9-41f9-b7e1-5724d24ce17f,
crypto,Senior Engineer – Network & Infrastructure Security,"London, United Kingdom",,,https://jobs.lever.co/crypto/56937214-9d64-4f58-9160-2f2ced5b9506,
crypto,"Senior Engineer – Network & Infrastructure Security, Bulgaria","Sofia, Bulgaria",,,https://jobs.lever.co/crypto/385a5d4c-2cce-49ea-919c-1328f061eb6f,
crypto,Senior Finance & Treasury  Administrator,"Hong Kong, Hong Kong SAR",,,https://jobs.lever.co/crypto/abd98e3f-7a15-4060-acee-a62f63bcd421,
crypto,Senior Finance Associate  - Consolidation,"Hong Kong, Hong Kong SAR",,,https://jobs.lever.co/crypto/dbfdd3f0-357c-4570-b91b-840389599e23,
crypto,"Senior Finance Associate, Financial Control","Hong Kong, Hong Kong SAR",,,https://jobs.lever.co/crypto/7d0f9c28-2d57-4f20-b8ee-fa21d94fe287,
crypto,Senior Financial Analyst,"Hong Kong, Hong Kong SAR",,,https://jobs.lever.co/crypto/0e4a81a3-88e8-4ea0-abdb-86f1d33cf391,
crypto,Senior Flow Trader (Sr. Associate - VP) - Quant Trading Team,"Hong Kong, Hong Kong SAR",,,https://jobs.lever.co/crypto/0c80fa74-0fb7-49c6-a28f-cf04e2f4ec86,
crypto,Senior Flow Trader (Sr. Associate - VP) - Quant Trading Team,"Singapore, Singapore",,,https://jobs.lever.co/crypto/73e829ca-1e06-48ae-9b55-5b8915402be6,
crypto,Senior Flow Trader (Sr. Associate - VP) - Quant Trading Team,"London, United Kingdom",,,https://jobs.lever.co/crypto/9255b953-cf66-4b1b-9ff0-f82a290df46c,
crypto,Senior Frontend Developer - Innovation,"Singapore, Singapore",,,https://jobs.lever.co/crypto/0dbc654a-0878-4f25-a3b1-1783d3384234,
crypto,Senior Frontend Developer - Innovation,"Hong Kong, Hong Kong SAR",,,https://jobs.lever.co/crypto/b166ffbf-3c82-44dc-8aa8-c0453a22cc1a,
crypto,Senior Frontend Developer - Innovation,"Shenzhen, China",,,https://jobs.lever.co/crypto/e8c373cb-90d3-4ac8-9cee-b35f21b5f59d,
crypto,Senior Frontend Developer - Innovation,"Taipei, Taiwan",,,https://jobs.lever.co/crypto/f58e38e1-e418-4b53-b48f-95f282dbdb2c,
crypto,Senior Frontend Developer (Exchange/Trading Platform),"Hong Kong, Hong Kong SAR",,,https://jobs.lever.co/crypto/151067f6-8e0a-4b00-972f-b0b8cdd7ed3b,
crypto,Senior Frontend Developer (Exchange/Trading Platform),"Shenzhen, China",,,https://jobs.lever.co/crypto/21800962-db36-479f-bd56-1384229cc8d6,
crypto,Senior Frontend Developer (Exchange/Trading Platform),"Taipei, Taiwan",,,https://jobs.lever.co/crypto/5ea192dc-bac1-420f-b4df-f4b523b8f240,
crypto,Senior Frontend Developer(React Native) - MainApp Web,"Shenzhen, China",,,https://jobs.lever.co/crypto/18f25049-9c05-4b8c-be54-3bc02a36ef0f,
crypto,Senior Fullstack Developer (Exchange/Trading Platform),"Shenzhen, China",,,https://jobs.lever.co/crypto/808e8b83-0818-4c7a-98c1-3c440d50511e,
crypto,Senior FullStack Developer (React Native) - MainApp Web,"Taipei, Taiwan",,,https://jobs.lever.co/crypto/8443c096-e7e1-42d5-bf25-eb657016cb8c,
crypto,Senior FullStack Developer (React Native)- MainApp Web,"Hong Kong, Hong Kong SAR",,,https://jobs.lever.co/crypto/63533680-97e0-4d9f-8403-ee26e67529fb,
crypto,Senior FullStack Developer(React Native) - MainApp Web,"Shenzhen, China",,,https://jobs.lever.co/crypto/3bdee53c-cc6c-445f-b8ca-810c28d0439d,
crypto,"Senior Golang Developer - Equities, MainApp","Shenzhen, China",,,https://jobs.lever.co/crypto/2b31ba5f-853a-4ab6-8573-87c9e552f3a4,
crypto,"Senior Golang Developer - Equities, MainApp","Taipei, Taiwan",,,https://jobs.lever.co/crypto/3b3c5d93-4aef-4c3d-8bf4-a3bdb158a129,
crypto,"Senior Golang Developer - Equities, MainApp","Singapore, Singapore",,,https://jobs.lever.co/crypto/48a8b723-144d-41a7-b101-aa723fa16c5b,
crypto,"Senior Golang Developer - Equities, MainApp","Hong Kong, Hong Kong SAR",,,https://jobs.lever.co/crypto/f1fa653b-4423-4bff-8b5d-55b6056b520d,
crypto,Senior Golang Developer (Onchain Wallet),"Hong Kong, Hong Kong SAR",,,https://jobs.lever.co/crypto/045bab7c-c30b-4e56-b634-6fa2424e77a1,
crypto,Senior Golang Developer (Onchain Wallet),"Taipei, Taiwan",,,https://jobs.lever.co/crypto/12fb33f6-6409-4c74-a17d-9fb2283f88d2,
crypto,Senior Golang Developer (Onchain Wallet),"Shenzhen, China",,,https://jobs.lever.co/crypto/77ea225b-b9ee-438c-ba40-ee16a6f9a80a,
crypto,"Senior Growth Manager, Sports and Predictions",United States,,,https://jobs.lever.co/crypto/b8468afa-8742-4d17-a350-030d6cc40030,
crypto,Senior iOS Developer - Onchain Wallet,"Taipei, Taiwan",,,https://jobs.lever.co/crypto/25a6759a-82fb-47e9-bd34-f0ac3210b289,
crypto,Senior iOS Developer - Onchain Wallet,"Shenzhen, China",,,https://jobs.lever.co/crypto/a8c95688-9c96-4866-8031-b35becdb3073,
crypto,Senior iOS Developer - Onchain Wallet,"Hong Kong, Hong Kong SAR",,,https://jobs.lever.co/crypto/aefa7edd-48de-4955-bf85-85bebdacfaaf,
crypto,Senior Java Developer (Exchange - Middle Back Office),"Taipei, Taiwan",,,https://jobs.lever.co/crypto/08bbb77f-bb82-412b-bf88-27d98c8440c6,
crypto,Senior Java Developer (Exchange - Middle Back Office),"Shenzhen, China",,,https://jobs.lever.co/crypto/5d469997-3e13-46ad-ba2c-fcb840bd6d29,
crypto,Senior Java Developer (Exchange - Middle Back Office),"Singapore, Singapore",,,https://jobs.lever.co/crypto/8e96f06f-cfed-4ad7-9ee6-790a8706b4a7,
crypto,Senior Java Developer (Exchange - Middle Back Office),"Hong Kong, Hong Kong SAR",,,https://jobs.lever.co/crypto/bcb04e6d-3523-4997-9d31-df8e39a7fca8,
crypto,Senior Manager -  Compliance and Regulatory Affairs (Global Exchange),"George Town, Cayman Islands",,,https://jobs.lever.co/crypto/feba0297-67b7-4783-96a6-dc8cfa97ef53,
crypto,Senior Mobile Developer (React Native) - Onchain Wallet,"Taipei, Taiwan",,,https://jobs.lever.co/crypto/6fd313c7-ca5b-4ba6-81ac-297c607e1f37,
crypto,Senior Mobile Developer (React Native) - Onchain Wallet,"Shenzhen, China",,,https://jobs.lever.co/crypto/b79b768e-f17f-4acb-8c9f-d0a21404bccb,
crypto,Senior Mobile Developer / Mobile Developer (React Native),"Bangkok, Thailand","React, Android, iOS, React Native",,https://jobs.lever.co/crypto/65428e30-cbe2-43de-90d7-8f91fd4239eb,"{""React"": 1, ""Android"": 1, ""iOS"": 1, ""React Native"": 1}"
crypto,Senior Mobile Developer / Mobile Developer (React Native),"Kuala Lumpur, Malaysia","React, Android, iOS, React Native",,https://jobs.lever.co/crypto/a9d7a3d7-f696-4139-9d2e-2e3a64fab5dc,"{""React"": 1, ""Android"": 1, ""iOS"": 1, ""React Native"": 1}"
crypto,Senior Mobile Developer / Mobile Developer (React Native),"Ho Chi Minh City, Vietnam","React, Android, iOS, React Native",,https://jobs.lever.co/crypto/c4026455-2fc3-4456-941c-6a899fc0ecd8,"{""React"": 1, ""Android"": 1, ""iOS"": 1, ""React Native"": 1}"
crypto,Senior Mobile Developer / Mobile Developer (React Native),"Hong Kong, Hong Kong SAR","React, Android, iOS, React Native",,https://jobs.lever.co/crypto/d15dbc0a-ff0d-4b9a-80d1-61d21d897e60,"{""React"": 1, ""Android"": 1, ""iOS"": 1, ""React Native"": 1}"
crypto,Senior Mobile Developer / Mobile Developer (React Native),"Singapore, Singapore","React, Android, iOS, React Native",,https://jobs.lever.co/crypto/e33d028c-815a-486b-95e1-6819dd73d81c,"{""React"": 1, ""Android"": 1, ""iOS"": 1, ""React Native"": 1}"
crypto,Senior Mobile Developer / Mobile Developer (React Native),"Taipei, Taiwan","React, Android, iOS, React Native",,https://jobs.lever.co/crypto/f5911017-b349-46da-9ae0-14209adfc35a,"{""React"": 1, ""Android"": 1, ""iOS"": 1, ""React Native"": 1}"
crypto,Senior Organic Growth Manager,"Singapore, Singapore",,,https://jobs.lever.co/crypto/448603ba-3f2d-4a75-bb5a-af055ded0d79,
crypto,Senior Organic Growth Manager,United States,,,https://jobs.lever.co/crypto/556a3856-d7bd-4331-ba1d-d0df417047d7,
crypto,Senior Organic Growth Manager,"London, United Kingdom",,,https://jobs.lever.co/crypto/b11ed797-7301-4c2b-b578-cb4c324494be,
crypto,Senior Organic Growth Manager,"Hong Kong, Hong Kong SAR",,,https://jobs.lever.co/crypto/ba3fa444-be20-4fc2-b75f-0ec8be1dc6c9,
crypto,Senior Product Analyst - Predictions Product,United States,,,https://jobs.lever.co/crypto/f290b33f-a780-4393-9fc1-adb12a7d1248,
crypto,Senior Product Analyst - Trading,"Hong Kong, Hong Kong SAR",,,https://jobs.lever.co/crypto/06804afa-4f1c-4bc8-ad00-b1fa8f0e768f,
crypto,Senior Product Analyst - Trading,"Singapore, Singapore",,,https://jobs.lever.co/crypto/510dece5-3cd2-422a-b28d-2ea720bd52ae,
crypto,Senior Product Analyst - Trading,"Shenzhen, China",,,https://jobs.lever.co/crypto/716871ea-d837-4adc-8802-a74c5bcc4f58,
crypto,Senior Product Data Analyst,"Hong Kong, Hong Kong SAR",,,https://jobs.lever.co/crypto/099a1952-1073-4d9e-8323-9d220c300448,
crypto,Senior Product Data Analyst,"Singapore, Singapore",,,https://jobs.lever.co/crypto/ef3674dc-7a87-483a-bacf-5be48bd6a37e,
crypto,Senior Product Designer,"Singapore, Singapore",,,https://jobs.lever.co/crypto/4b9980e9-32c0-4219-ae0a-b9ff94e33532,
crypto,Senior Product Designer,"Hong Kong, Hong Kong SAR",,,https://jobs.lever.co/crypto/6a440cad-22ad-4cbf-8f6b-c738f8e3a3b6,
crypto,Senior Product Designer,"Taipei, Taiwan",,,https://jobs.lever.co/crypto/835bdb17-945e-4ddd-ac2c-bca1069e66b8,
crypto,Senior Product Designer (Exchange),"Paris, France",,,https://jobs.lever.co/crypto/07479301-a52d-445a-aa20-d462ab75ca8b,
crypto,Senior Product Designer (Exchange),"Dubai, United Arab Emirates",,,https://jobs.lever.co/crypto/268dae1d-a7ef-4e76-83ea-b16354faccb6,
crypto,Senior Product Designer (Exchange),"Hong Kong, Hong Kong SAR",,,https://jobs.lever.co/crypto/31aae39a-cdcf-489e-82e3-3b68694fab22,
crypto,Senior Product Designer (Exchange),"London, United Kingdom",,,https://jobs.lever.co/crypto/5af50561-a8ca-4622-98d4-7097a49d409c,
crypto,Senior Product Designer (Exchange),"Madrid, Spain",,,https://jobs.lever.co/crypto/794529aa-3381-487e-8798-51d01fa511d1,
crypto,Senior Product Designer (Exchange),Portugal,,,https://jobs.lever.co/crypto/b11ddcfc-b1a5-4b50-a92f-c4b84dc628cb,
crypto,Senior Product Designer (Exchange),"Singapore, Singapore",,,https://jobs.lever.co/crypto/de90967b-f584-4790-b9cf-eca0f5833505,
crypto,Senior Product Designer (Exchange),"Taipei, Taiwan",,,https://jobs.lever.co/crypto/e0adb6ea-87c0-4743-ba7c-626cb29303de,
crypto,Senior Product Manager - Exchange (Advanced Trading UX),"Singapore, Singapore",,,https://jobs.lever.co/crypto/e4a6816a-3f2e-4ea8-ae91-67f6f3c40cc5,
crypto,Senior Product Manager - Exchange (Advanced Trading UX),"London, United Kingdom",,,https://jobs.lever.co/crypto/e5c5f245-1c67-4ddf-bb6e-cdeaffd9b915,
crypto,Senior Product Manager - Exchange (Advanced Trading UX),"Hong Kong, Hong Kong SAR",,,https://jobs.lever.co/crypto/f0248447-ec72-4c4c-901d-d88d80c33dfa,
crypto,Senior Product Manager - Exchange (Advanced Trading UX),"Taipei, Taiwan",,,https://jobs.lever.co/crypto/f18b3569-b80c-45f7-a53b-b362065df7a6,
crypto,"Senior Product Manager, Card","Taipei, Taiwan",,,https://jobs.lever.co/crypto/168c37bc-7d4e-4d0d-bc7f-0b425d3f25fb,
crypto,"Senior Product Manager, Card","London, United Kingdom",,,https://jobs.lever.co/crypto/1b73f8d5-7059-4241-b221-6156c2809e34,
crypto,"Senior Product Manager, Card",Portugal,,,https://jobs.lever.co/crypto/478cb020-f58d-4d1a-908e-0e805e12b510,
crypto,"Senior Product Manager, Card","Berlin, Germany",,,https://jobs.lever.co/crypto/5799455c-a344-46f1-ac12-0fe11e7c689f,
crypto,"Senior Product Manager, Card","Singapore, Singapore",,,https://jobs.lever.co/crypto/634676da-9c13-430c-b278-2eb5d3d4ff93,
crypto,"Senior Product Manager, Card","Paris, France",,,https://jobs.lever.co/crypto/64b3daf3-3b20-4d66-82ed-c2d9ccf1ccc3,
crypto,"Senior Product Manager, Card","Hong Kong, Hong Kong SAR",,,https://jobs.lever.co/crypto/88afed5a-3d73-4e0f-a3da-d9557b1a1d7b,
crypto,"Senior Product Manager, Growth (Exchange)","Taipei, Taiwan",,,https://jobs.lever.co/crypto/1a30d473-85ae-4587-871f-49631eb6fec0,
crypto,"Senior Product Manager, Growth (Exchange)","Hong Kong, Hong Kong SAR",,,https://jobs.lever.co/crypto/513eed81-682d-413a-b189-eb1204078dba,
crypto,"Senior Product Manager, Growth (Exchange)","Singapore, Singapore",,,https://jobs.lever.co/crypto/89f2ca63-b7ae-4b64-84d0-e19b51fbbb8f,
crypto,"Senior Product Manager, Growth (Exchange)","London, United Kingdom",,,https://jobs.lever.co/crypto/a17c775a-a063-421a-9768-b2a73ac22a4f,
crypto,"Senior Product Manager, Growth & Expansion (US Derivatives)",United States,,,https://jobs.lever.co/crypto/7574eaec-219e-442b-9144-c6f1157aaf87,
crypto,"Senior Product Manager, Sports & Predictions",United States,,,https://jobs.lever.co/crypto/8a76c003-ba72-4b93-9b21-2f6b01c6b04b,
crypto,"Senior Product Manager, Subscriptions","Taipei, Taiwan",,,https://jobs.lever.co/crypto/28f86c15-8051-40f9-aaa8-0e5aa9bcf723,
crypto,"Senior Product Manager, Subscriptions","Hong Kong, Hong Kong SAR",,,https://jobs.lever.co/crypto/ab808d0f-6a2f-42c0-b767-9acf17588398,
crypto,"Senior Product Manager, Subscriptions","Singapore, Singapore",,,https://jobs.lever.co/crypto/be832e38-1a23-4279-a49d-eb5fcdd3a32b,
crypto,"Senior Product Manager, Subscriptions","London, United Kingdom",,,https://jobs.lever.co/crypto/c8570bec-3912-45bd-9b6f-c8a67e29378e,
crypto,"Senior Product Manager/Lead, Cards",United States,,,https://jobs.lever.co/crypto/c0fd3146-ab50-4c2b-adbd-ad4bf8cf62a8,
crypto,Senior Python Data Engineer (Finance Technology),"Taipei, Taiwan",,,https://jobs.lever.co/crypto/09ab4ffd-b327-456d-aa64-cb424d4969dd,
crypto,Senior Python Data Engineer (Finance Technology),"Hong Kong, Hong Kong SAR",,,https://jobs.lever.co/crypto/645f0ed1-dbb5-4f69-bf3c-2a69051fdbff,
crypto,Senior Python Data Engineer (Finance Technology),"Shenzhen, China",,,https://jobs.lever.co/crypto/af296d9d-0da3-49e7-9ce3-d081dadb4b79,
crypto,Senior Python Developer - Exchange Middle and Back office,"Shenzhen, China",,,https://jobs.lever.co/crypto/fb004cfc-9522-4d5e-88b9-76cc8728bf6a,
crypto,Senior QA Automation Engineer (Exchange / Trading Platform),"Shenzhen, China",,,https://jobs.lever.co/crypto/c8a95140-19eb-4539-82d4-65886c1ca693,
crypto,Senior Quality Assurance Automation Engineer - Blockchain Team,"Hong Kong, Hong Kong SAR",,,https://jobs.lever.co/crypto/32b4ab84-2e1b-4c16-9b90-b722cd071a4b,
crypto,Senior Quality Assurance Automation Engineer - Blockchain Team,"Shenzhen, China",,,https://jobs.lever.co/crypto/5ec00183-8516-42b9-9c23-4480aab92b6f,
crypto,Senior Quality Assurance Automation Engineer - Blockchain Team,"Taipei, Taiwan",,,https://jobs.lever.co/crypto/83de62ca-1826-4a14-86de-0273ad98553f,
crypto,Senior Quality Assurance Automation Engineer - Blockchain Team,"Singapore, Singapore",,,https://jobs.lever.co/crypto/ab988413-44b9-4bef-a47d-89ca7b6f1382,
crypto,Senior Quality Assurance Automation Engineer (Crypto.com APP),"Taipei, Taiwan",,,https://jobs.lever.co/crypto/43a424c9-86f3-4aa1-8157-a2e218696975,
crypto,Senior Quality Assurance Automation Engineer (Crypto.com APP),"Shenzhen, China",,,https://jobs.lever.co/crypto/51f1b426-22cb-47a4-91a2-1b4aea0a4667,
crypto,Senior Quality Assurance Automation Engineer (Crypto.com APP),"Hong Kong, Hong Kong SAR",,,https://jobs.lever.co/crypto/c2daa6f8-a6d4-419f-aaef-426f9b4eade8,
crypto,Senior Quality Assurance Engineer (Crypto.com APP),"Hong Kong, Hong Kong SAR",,,https://jobs.lever.co/crypto/055a8532-a619-41a9-a21a-f8625c14e3c9,
crypto,Senior Quality Assurance Engineer (Crypto.com APP),"Shenzhen, China",,,https://jobs.lever.co/crypto/9c6ce528-f8ae-4f0f-9fb0-6b66d671d502,
crypto,Senior Quality Assurance Engineer (Crypto.com Exchange),"Hong Kong, Hong Kong SAR",,,https://jobs.lever.co/crypto/38b7290c-23de-40b0-ba7f-e676c8e69f1c,
crypto,Senior Quality Assurance Engineer (Crypto.com Exchange),"Shenzhen, China",,,https://jobs.lever.co/crypto/48f955d3-7233-438f-89e0-e850fce2caba,
crypto,Senior Quant Trader,"Singapore, Singapore",,,https://jobs.lever.co/crypto/4481bf29-9f1e-4cb5-bf2f-ba77c3b1c9f4,
crypto,Senior Quant Trader,"Hong Kong, Hong Kong SAR",,,https://jobs.lever.co/crypto/54a8e468-f506-46cf-b37d-bea5ca8b9367,
crypto,Senior Quant Trader,"London, United Kingdom",,,https://jobs.lever.co/crypto/e48d55aa-96fc-4f95-80ad-3ca1501cb187,
crypto,Senior Software Developer - Golang,"Taipei, Taiwan",,,https://jobs.lever.co/crypto/1d683026-929c-4538-ad5f-e0dff08c8f74,
crypto,Senior Software Developer - Golang,"Shenzhen, China",,,https://jobs.lever.co/crypto/56e150dd-95ec-4706-9288-9ac297110291,
crypto,Senior Software Developer - Golang,"Hong Kong, Hong Kong SAR",,,https://jobs.lever.co/crypto/842b8b8a-0c30-453f-ac42-e546108c0e4b,
crypto,Senior Software Developer - Golang,"Singapore, Singapore",,,https://jobs.lever.co/crypto/f9bfca29-0a36-4143-8cbe-cbebdfd11967,
crypto,Senior Software Developer - Ruby on Rails,"Taipei, Taiwan",,,https://jobs.lever.co/crypto/4c8e5ba7-971e-4594-9b03-79d5caa71027,
crypto,Senior Software Developer - Ruby on Rails,"Hong Kong, Hong Kong SAR",,,https://jobs.lever.co/crypto/53f2d6ac-c6d2-4907-be75-806dcdd1f27d,
crypto,Senior Software Developer ( Ruby on Rails / Golang ),"Taipei, Taiwan",,,https://jobs.lever.co/crypto/4bc8ecd8-d181-46ec-83aa-186145162d01,
crypto,Senior Software Developer ( Ruby on Rails / Golang),"Hong Kong, Hong Kong SAR",,,https://jobs.lever.co/crypto/da71bce9-2ea1-4cac-a48d-543566716151,
crypto,Senior Software Developer ( Ruby on Rails /Golang ),"Singapore, Singapore",,,https://jobs.lever.co/crypto/9cf8419c-6f0a-4fd7-9bd2-6188167b8805,
crypto,Senior Software Developer ( Ruby on Rails/ Golang ),"Shenzhen, China",,,https://jobs.lever.co/crypto/2a7b898a-2dcc-4c8a-b506-e24716d7a52f,
crypto,Senior Software Developer (Golang),"Taipei, Taiwan",,,https://jobs.lever.co/crypto/429732a6-8ff3-44b3-9ccf-3c7c814b9408,
crypto,Senior Software Developer (Golang),"Singapore, Singapore",,,https://jobs.lever.co/crypto/8aa30fc9-1541-45e4-882e-c2336f1601cc,
crypto,Senior Software Developer (Golang),"Hong Kong, Hong Kong SAR",,,https://jobs.lever.co/crypto/8f8ae350-1fdb-4d72-ab21-d750e59e2215,
crypto,Senior Software Developer (Golang),"Shenzhen, China",,,https://jobs.lever.co/crypto/d92f31f5-b63c-4f85-a475-9b7f52470a0a,
crypto,Senior Software Developer (Golang) - Market Data team,"Hong Kong, Hong Kong SAR",,,https://jobs.lever.co/crypto/20f34bc8-1f15-4428-b701-7f4080dcebd8,
crypto,Senior Software Developer (Golang) - Market Data team,"Shenzhen, China",,,https://jobs.lever.co/crypto/8bbb656a-cce1-4116-8524-f0a9672b9e5a,
crypto,Senior Software Developer (Golang) - Market Data team,"Taipei, Taiwan",,,https://jobs.lever.co/crypto/9419d33c-995a-48b6-8b5f-423d6df6c79b,
crypto,Senior Software Developer (React Native) - Innovation,"Taipei, Taiwan",,,https://jobs.lever.co/crypto/0f1cfbf1-4162-4df9-b48d-dc27de2670ab,
crypto,Senior Software Developer (React Native) - Innovation,"Singapore, Singapore",,,https://jobs.lever.co/crypto/36574271-d3c6-4885-9a16-1c40b34ede0e,
crypto,Senior Software Developer (React Native) - Innovation,"Shenzhen, China",,,https://jobs.lever.co/crypto/6ad17236-f486-4366-a8be-712c6ebb738a,
crypto,Senior Software Developer (React Native) - Innovation,"Hong Kong, Hong Kong SAR",,,https://jobs.lever.co/crypto/d0c9b2a7-6444-45e4-a77c-3d29cca51bee,
crypto,Senior Software Engineer (Golang/Ruby on Rails) - Fiat,"Hong Kong, Hong Kong SAR",,,https://jobs.lever.co/crypto/23349b59-b096-434d-91c5-c110ef674590,
crypto,Senior Software Engineer (Golang/Ruby on Rails) - Fiat,"Singapore, Singapore",,,https://jobs.lever.co/crypto/4db1bcc4-846a-4548-bede-e97b603cf265,
crypto,Senior Software Engineer (Golang/Ruby on Rails) - Fiat,"Shenzhen, China",,,https://jobs.lever.co/crypto/55defd56-3199-4dae-88a7-515383ef0587,
crypto,Senior Software Engineer (Golang/Ruby on Rails) - Fiat,"Kuala Lumpur, Malaysia",,,https://jobs.lever.co/crypto/85252ca4-722b-4879-b27e-95397aae91ae,
crypto,Senior Software Engineer (Golang/Ruby on Rails) - Fiat,"Taipei, Taiwan",,,https://jobs.lever.co/crypto/ce1bb35e-ecf7-47fa-aaf3-ea1d1c0e3dda,
crypto,"Senior Software Engineer, Site Reliability Engineering","Hong Kong, Hong Kong SAR",,,https://jobs.lever.co/crypto/1de52d63-e1db-497b-99a4-d613abc5a01a,
crypto,"Senior Software Engineer, Site Reliability Engineering","Singapore, Singapore",,,https://jobs.lever.co/crypto/2ddaa5ba-7d98-43da-bb68-a5ba833f169e,
crypto,"Senior Software Engineer, Site Reliability Engineering","Shenzhen, China",,,https://jobs.lever.co/crypto/7898caec-33dc-4b5b-939b-c189170f8150,
crypto,"Senior Software Engineer, Site Reliability Engineering","Taipei, Taiwan",,,https://jobs.lever.co/crypto/9563054d-be10-4e83-9a5d-e7a1cb9f2ec4,
crypto,Senior Software Engineer(JAVA) - Crypto.com APP/Loyalty,"Taipei, Taiwan",,,https://jobs.lever.co/crypto/16d5d21f-7d4d-495c-8a25-609a4ce08c9a,
crypto,Senior Software Engineer(JAVA) - Crypto.com APP/Loyalty,"Shenzhen, China",,,https://jobs.lever.co/crypto/1c32e574-56f0-4666-a7cd-be84cd2ce0ab,
crypto,Software Developer - Early Career,"Taipei, Taiwan",,,https://jobs.lever.co/crypto/80c6e71a-cad0-45c2-88eb-b0d773b8335f,
crypto,Software Developer - Early Career,"Singapore, Singapore",,,https://jobs.lever.co/crypto/8549cc42-c281-46ca-bde3-ef67adc61e27,
crypto,Software Developer - Early Career,"Hong Kong, Hong Kong SAR",,,https://jobs.lever.co/crypto/af8fe995-91d5-4aec-aea5-8c85fa11f3ab,
crypto,Software Developer - Early Career,"Shenzhen, China",,,https://jobs.lever.co/crypto/cc55e066-b6d8-4eaf-b18b-c44ceb893efe,
crypto,Software Developer (CDNA),"London, United Kingdom",,,https://jobs.lever.co/crypto/bedb489a-a587-4a3b-ae4e-76daa1d7b98a,
crypto,Software Developer (Mid to Senior),"Bangalore, India",Java,,https://jobs.lever.co/crypto/6bf1b962-1ac9-4324-9324-47d1de48a6e9,"{""Java"": 1}"
crypto,Software Test Engineer (CDNA),"Bangalore, India",,,https://jobs.lever.co/crypto/c59fb9cd-f3fb-411c-b769-15bf4cece984,
crypto,"Specialist, Business Operation - Early Career","Hong Kong, Hong Kong SAR",,,https://jobs.lever.co/crypto/bd931003-befc-4ddf-89ba-1e36a1ddc567,
crypto,Strategy Director (DeFi/ TradFi Focus) Hong Kong/ Singapore based,"Hong Kong, Hong Kong SAR",,,https://jobs.lever.co/crypto/2403eed9-5c53-49bd-b481-1d11de8e2671,
crypto,Strategy Director (DeFi/ TradFi Focus) Hong Kong/ Singapore based,"Singapore, Singapore",,,https://jobs.lever.co/crypto/dbe07e30-71a6-484a-9e1a-abdaf48c5381,
crypto,"Tax Compliance Analyst, Malta","Saint Julian's, Malta",,,https://jobs.lever.co/crypto/8770fb33-755a-488b-8630-e52c8de9d46b,
crypto,"Technical Project Manager - Equities, MainApp","Hong Kong, Hong Kong SAR",,,https://jobs.lever.co/crypto/1c8d9f31-1b44-4f2d-bc26-40848ba5621d,
crypto,"Technical Project Manager- Financial Digitial Transformation, MainAPP","Taipei, Taiwan",,,https://jobs.lever.co/crypto/5b8fcb19-1c6d-4cff-8a9c-f3f0e1552329,
crypto,"Technical Project Manager- Financial Digitial Transformation, MainAPP","Hong Kong, Hong Kong SAR",,,https://jobs.lever.co/crypto/85c65ea0-ce6b-412d-8560-ada2e5c52686,
crypto,"Technical Project Manager- Financial Digitial Transformation, MainAPP","Shenzhen, China",,,https://jobs.lever.co/crypto/8de19da0-4d87-4f6b-9b2d-fa32086b0e98,
crypto,Trader- Delta One (Derivatives),"Hong Kong, Hong Kong SAR",,,https://jobs.lever.co/crypto/363d5a68-0005-4f93-ba03-d391f69a1a79,
crypto,Trader- Delta One (Derivatives),"Singapore, Singapore",,,https://jobs.lever.co/crypto/6c3da31a-2025-48e0-b2c3-17f3d67da08c,
crypto,Trading Analytics Developer,"Hong Kong, Hong Kong SAR",,,https://jobs.lever.co/crypto/737d8702-7490-4d29-859e-6ae660a6dc20,
crypto,Trading Analytics Developer,"Singapore, Singapore",,,https://jobs.lever.co/crypto/bea50fc4-6500-4217-8704-ddb1ffd01dce,
crypto,"Trading Desk Operations, Senior Associate to Director level - Quant Trading Team","London, United Kingdom",,,https://jobs.lever.co/crypto/114d79e0-d64c-4890-9066-6d06d16611d8,
crypto,"Trading Desk Operations, Senior Associate to Director level - Quant Trading Team","Singapore, Singapore",,,https://jobs.lever.co/crypto/ca836f01-9d19-4a2c-9cc1-208f4bf55766,
crypto,"Trading Desk Operations, Senior Associate to Director level - Quant Trading Team","Hong Kong, Hong Kong SAR",,,https://jobs.lever.co/crypto/d39b3c71-7834-44ee-a2dd-af24dd1aa9b2,
crypto,Trading Java Developer,"Singapore, Singapore",,,https://jobs.lever.co/crypto/b5c3deb5-0ba1-4b62-8486-68d62ce0186e,
crypto,Trading Java Developer,"Hong Kong, Hong Kong SAR",,,https://jobs.lever.co/crypto/f387fd50-ed67-493b-aec7-eb1ac16ac96d,
crypto,"Trading Risk & Reporting, Senior Associate to Director level,  Quant Trading Team","Singapore, Singapore",,,https://jobs.lever.co/crypto/bb68e88b-250c-4810-a2cd-8b6e0c5838fd,
crypto,"Trading Risk & Reporting, Senior Associate to Director level, Quant Trading Team","Hong Kong, Hong Kong SAR",,,https://jobs.lever.co/crypto/2ac40e61-13f4-48e3-bb8e-cda324bddb07,
crypto,"Trading Risk & Reporting, Senior Associate to Director level, Quant Trading Team","London, United Kingdom",,,https://jobs.lever.co/crypto/8f04f6cd-3932-4792-af7d-bdb3dbd522ca,
crypto,Trading Risk Manager,"Seoul, South Korea","Python, SQL",,https://jobs.lever.co/crypto/a62347cd-a729-49db-8ffe-6ec09ef64a34,"{""Python"": 1, ""SQL"": 1}"
crypto,VIP Account Manager,"Dubai, United Arab Emirates",,,https://jobs.lever.co/crypto/7e7c496b-48ab-4b2c-83db-24052ee720dc,
crypto,Web Experience Designer & Payload Developer (3 month contract),"Warsaw, Poland",,,https://jobs.lever.co/crypto/0d90db11-d417-43ce-80f2-3d9252d8e11e,
crypto,Web Experience Designer & Payload Developer (3 month contract),"London, United Kingdom",,,https://jobs.lever.co/crypto/3fdaa66c-bc99-42c2-852b-eb3638cd5e12,
crypto,Web Experience Designer & Payload Developer (3 month contract),Hungary,,,https://jobs.lever.co/crypto/5f345c1a-1d8b-4278-8cd6-404d02474fea,
crypto,Web Experience Designer & Payload Developer (3 month contract),"Madrid, Spain",,,https://jobs.lever.co/crypto/75354f5d-66c9-4132-8413-5b6eb36400ab,
crypto,Web Experience Designer & Payload Developer (3 month contract),"Sofia, Bulgaria",,,https://jobs.lever.co/crypto/f6fd1252-dca5-490d-b419-2b5eb7627f18,
matillion,Cloud Security Engineer,Manchester,,,https://jobs.lever.co/matillion/36ab4bbb-9748-4d1b-87cc-2f8829def77d,
matillion,Director of User Experience,Manchester,,,https://jobs.lever.co/matillion/731027d3-935b-4873-88c5-b05c8fd7dc53,
matillion,"Director, Product Analytics",Manchester,,,https://jobs.lever.co/matillion/dbaf9d28-88d0-4034-8b14-0e6a3a083c09,
matillion,Enterprise Account Executive - Wisconsin/Indiana,Central USA,,,https://jobs.lever.co/matillion/3877a54f-c794-4cdc-b787-2724d48d9b2c,
matillion,Executive Office Coordinator,Manchester,,,https://jobs.lever.co/matillion/7c6164f1-9704-4933-b2aa-994b498dc34b,
matillion,Full Stack Software Engineer - React and Java,Manchester,"Java, React",,https://jobs.lever.co/matillion/280264a7-7f68-41de-a1bd-8e439b7ef2ac,"{""Java"": 1, ""React"": 1}"
matillion,Infrastructure Security Engineering Manager,Manchester,"AWS, GCP, Azure",,https://jobs.lever.co/matillion/2592a80f-fa33-4ed0-b976-a07f85bf53de,"{""AWS"": 1, ""GCP"": 1, ""Azure"": 1}"
matillion,IT Automation and AI Innovator,Manchester,,,https://jobs.lever.co/matillion/f8fc0864-f58e-4b92-9122-177c40e3e481,
matillion,Office Manager,Hyderabad,Go,,https://jobs.lever.co/matillion/10752e42-957c-45ce-92df-9753ff7503a4,"{""Go"": 1}"
matillion,Quality Engineer - AI and Data Platforms,Manchester,,,https://jobs.lever.co/matillion/cb9e5ceb-890c-4f13-b8a2-58db2df31e86,
matillion,Senior AI Product Manager,Manchester,,,https://jobs.lever.co/matillion/59cfc9c7-5cfb-45f2-af2b-c7bc498372ab,
matillion,Senior DevOps Engineer - Developer Experience,Hyderabad,,,https://jobs.lever.co/matillion/633ce500-fe10-44df-bb66-188cc67411a3,
matillion,Senior IT Engineer,Hyderabad,,,https://jobs.lever.co/matillion/11f00307-1cad-42b1-9610-5ca0980c25a1,
matillion,Senior Solution Architect,United States,,,https://jobs.lever.co/matillion/7dfc1546-12b2-40cf-8f5f-a4d554bcc548,
matillion,Staff Quality Engineer,Hyderabad,,,https://jobs.lever.co/matillion/74a05dd3-9996-40e6-9e1c-7cf22098ae9c,
hevodata,AE / Sr. AE (US),"Bengaluru, India",,,https://jobs.lever.co/hevodata/6b2effaf-4da9-457e-96b1-90426123e637,
hevodata,AI Solution Engineer,"Bangalore, India",,,https://jobs.lever.co/hevodata/a7f26742-f965-4a59-840d-f7afa0a28176,
hevodata,Business Associate - Founder's Office,"Bangalore, India",Go,,https://jobs.lever.co/hevodata/ba55bad0-7a42-4897-b22d-82e061213594,"{""Go"": 1}"
hevodata,Customer Experience Engineer,"Pune, Maharashtra",,,https://jobs.lever.co/hevodata/5d4b119e-e92c-4b82-936e-30e4dc72d9a7,
hevodata,Director - Revenue Operations,"Bangalore, India",,,https://jobs.lever.co/hevodata/c0184460-5f3a-46ef-a873-d6a3c77d1620,
hevodata,Engineering Manager,"Bengaluru, India","Snowflake, BigQuery",,https://jobs.lever.co/hevodata/c8c4adc7-f565-46cb-8928-ae2b57555d48,"{""Snowflake"": 1, ""BigQuery"": 1}"
hevodata,Finance Manager,"Bangalore, India",,,https://jobs.lever.co/hevodata/3992baee-a1d4-4006-ac3a-7afc170dd796,
hevodata,Manager - Sales Development (US),"Bangalore, India",,,https://jobs.lever.co/hevodata/48518f8d-5e23-4de5-aaf9-98f558e0f354,
hevodata,Manager - Sales Development (US),"Pune, Maharashtra",,,https://jobs.lever.co/hevodata/a4a9b729-babe-4f2b-9345-82c0085a8b5c,
hevodata,Platform Engineer  III,"Bangalore, India",,,https://jobs.lever.co/hevodata/8c21878b-cfd8-4e4f-99b9-c787f69b4d4e,
hevodata,Platform Engineer IV,"Bangalore, India",,,https://jobs.lever.co/hevodata/f7eca7e0-0ee2-43ca-a1f1-d9112f6a78dd,
hevodata,Principal Technical Recruiter,"Bangalore, India",,,https://jobs.lever.co/hevodata/3058284b-babf-4764-a0b9-552501d6005a,
hevodata,Principal Technical Recruiter,"Pune, Maharashtra",,,https://jobs.lever.co/hevodata/8c5053f5-c696-47f6-9414-de9754635c53,
hevodata,Regional Sales Manager (US/RoW),"Bangalore, India",,,https://jobs.lever.co/hevodata/ca0658a9-82d6-418e-a304-edfed07a9080,
hevodata,Sales Engineer / Sr. Sales Engineer,"Bangalore, India",,,https://jobs.lever.co/hevodata/a314fc47-9ba4-4b9e-a0da-0e22b9ea6a45,
hevodata,SDE II,"Bangalore, India",,,https://jobs.lever.co/hevodata/c78c0bca-ae72-4a09-8434-f1d13af009d5,
hevodata,SDE II - UI,"Bengaluru, India",,,https://jobs.lever.co/hevodata/7c803485-3b79-4dc9-879d-df1fd962a4f2,
hevodata,SDE III,"Bangalore, India","Python, Java",,https://jobs.lever.co/hevodata/3d8a647b-44f5-4615-8623-2f9142b34602,"{""Python"": 1, ""Java"": 1}"
hevodata,SDE-  IV  / Lead Engineer,"Bangalore, India","Python, Java",,https://jobs.lever.co/hevodata/c396cf1e-6a73-475d-b84b-aa90f916c8a2,"{""Python"": 1, ""Java"": 1}"
hevodata,SDE-IV / Lead Engineer,"Bangalore, India",,,https://jobs.lever.co/hevodata/bccf1c13-412f-4a58-be52-72e13c0f0a38,
hevodata,Senior Data Analyst,"Pune, Maharashtra",SQL,,https://jobs.lever.co/hevodata/afe22c60-4e7a-45a5-b282-df96e9535ca8,"{""SQL"": 1}"
hevodata,"Senior Director, Sales Engineering",United States,"Snowflake, Redshift, BigQuery",Bachelor,https://jobs.lever.co/hevodata/4d46a036-002b-4817-ae13-69185ffb4ce3,"{""Snowflake"": 1, ""Redshift"": 1, ""BigQuery"": 1}"
hevodata,Senior Full Stack Developer (Marketing),"Bengaluru, India",,,https://jobs.lever.co/hevodata/9e8b22dd-245b-4e8d-a2a4-3b905a3ff1f5,
hevodata,Senior Technical Recruiter,"Pune, Maharashtra",,,https://jobs.lever.co/hevodata/852f6093-e59d-4b33-8a1c-8a7d9fe51edf,
hevodata,Senior Technical Recruiter (Bengaluru),"Bangalore, India",,,https://jobs.lever.co/hevodata/51682b81-acc5-4193-8711-5cb74446b13d,
hevodata,Staff Software Engineer,"Bangalore, India","Python, Java, C++, Go, SQL, Kafka, Spark",Bachelor,https://jobs.lever.co/hevodata/5a453311-2088-4916-812e-ec402e9c6a1c,"{""Python"": 1, ""Java"": 1, ""C++"": 1, ""Go"": 1, ""SQL"": 1, ""Kafka"": 1, ""Spark"": 1}"
hevodata,Strategy & Ops - SaaS,"Bangalore, India",,,https://jobs.lever.co/hevodata/f8ce80f5-77eb-4ce7-853f-a42afb0cad31,
hevodata,Talent Acquisition,"Pune, Maharashtra",,,https://jobs.lever.co/hevodata/fbfa2a77-0800-409c-9654-83da192643e3,
hevodata,Technical Program Manager,"Bangalore, India",,,https://jobs.lever.co/hevodata/69ebcdbb-03cb-4800-91c6-426c60f91d65,
hevodata,VP Product Marketing,United States,,,https://jobs.lever.co/hevodata/ec8d8975-d200-4c20-a53c-e095c964230e,
better,Analyst - Servicing,"Gurugram, Haryana",,,https://jobs.lever.co/better/00637060-9385-43f7-b87c-590bb3786c21,
better,Analyst – Closing Support,"Gurugram, Haryana",,Bachelor,https://jobs.lever.co/better/09ea9279-4764-4a0f-bb43-cd891d9e2d9b,
better,"Analyst, Lock Desk","Gurugram, Haryana",,,https://jobs.lever.co/better/6a8f7ed0-1716-4544-a236-8403377c8493,
better,"Client Success Manager, Distributed Retail",Remote,,,https://jobs.lever.co/better/4a824a6f-9ab4-4d09-a27a-bf634a8e9909,
better,Closer,"Gurugram, Haryana",,Bachelor,https://jobs.lever.co/better/ddd74237-7fa2-46df-b9b0-e1503b14da9b,
better,"Closer, Distributed Retail",Remote,,,https://jobs.lever.co/better/adfbcbaf-50ac-4606-b732-299d1aa97d03,
better,Distributed Retail - Underwriter (Remote),Remote,,,https://jobs.lever.co/better/98ff195d-eeed-4df5-9795-a994644793f2,
better,Financial Data Analyst,"Gurugram, Haryana","SQL, PostgreSQL, MySQL",,https://jobs.lever.co/better/1b11469b-95fb-4e52-8f33-b9d78307cc8d,"{""SQL"": 1, ""PostgreSQL"": 1, ""MySQL"": 1}"
better,Junior Secondary Market Analyst,"Gurugram, Haryana",,,https://jobs.lever.co/better/628ac3e4-a2ea-45e3-9ac6-840c44f5c138,
better,Licensed Loan Officer - Michigan,"Troy, Michigan",,,https://jobs.lever.co/better/df419977-22a3-4a21-b38b-f53915d53ad7,
better,Licensed Loan Officer - Texas,"Irving, Texas",,,https://jobs.lever.co/better/13e5da2e-4351-4c2d-9020-fe041ffaea77,
better,Licensed Loan Officer - Utah,"Salt Lake City, UT",,,https://jobs.lever.co/better/d77ef011-5ccf-4b1a-899e-d88b1373e3ad,
better,Loan Processor - Texas,"Irving, Texas",,,https://jobs.lever.co/better/787363ed-5601-44d4-bc2d-cf77da4a7a13,
better,Loan Setup Coordinator - Texas,"Irving, Texas",,,https://jobs.lever.co/better/175d4e2a-a6a4-466d-9e6f-68d8ea6cf12f,
better,Marketing Compliance Operations Specialist,"Gurugram, Haryana",,,https://jobs.lever.co/better/461f09ed-5823-4ea1-95ff-d539d4178184,
better,"Production Partner, Distributed Retail",Remote,,,https://jobs.lever.co/better/24174398-61c3-4cdd-89a7-fc5035ec4287,
better,Regional Underwriting Site Manager,"Irving, Texas",,,https://jobs.lever.co/better/4ccc2d90-6b0d-4062-be6c-ff77adc2e18a,
better,"Senior Software Engineer - Dallas, TX","Irving, Texas",,,https://jobs.lever.co/better/eb162383-1e39-4bea-9c1f-d6301c934bd9,
better,"Senior Software Engineer - Irvine, CA","Irvine, California",,,https://jobs.lever.co/better/6ec01dc3-3b3d-4b41-89c0-3b9d54395331,
better,"Senior Software Engineer, AI","New York, New York",,,https://jobs.lever.co/better/fadac419-bea9-4058-b38f-8d0144302ffb,
better,Senior Underwriter - Texas,"Irving, Texas",,,https://jobs.lever.co/better/6b439c12-aee1-4307-b2b1-fcdb15ae9d6f,
better,Sr. Analyst/Analyst - Underwriting Services (Post- IR),"Gurugram, Haryana",,Bachelor,https://jobs.lever.co/better/0478315d-3f6c-4da8-b48d-36d1238560ef,
better,Underwriter - Texas,"Irving, Texas",,,https://jobs.lever.co/better/eb22ab3c-0244-4135-ba91-d52dcc04e008,
better,Underwriting Specialist,"Gurugram, Haryana",,Bachelor,https://jobs.lever.co/better/a03c0e06-1fac-41e9-9bac-f608802585d1,
better,UX Writer,"New York, New York",,,https://jobs.lever.co/better/a4d09a49-e48f-4552-aa62-75285bc0928c,
procreate,Customer Support Specialist,Hobart,,,https://jobs.lever.co/procreate/e26b914b-1e6c-4ba0-b950-06942619e34a,
procreate,Engineering Manager - iOS,Hobart,,,https://jobs.lever.co/procreate/af55b872-63ef-4b42-a288-c3e2dccee8b3,
procreate,Engineering Manager - iOS,Sydney,,,https://jobs.lever.co/procreate/f00b68ca-7dd9-43bd-803f-afcdfb94e0b3,
procreate,Expression of interest,Hobart,,,https://jobs.lever.co/procreate/df9636e7-2233-46d5-9752-6ccf0f89f780,
procreate,Frontend Engineer,Hobart,"React, Tailwind",,https://jobs.lever.co/procreate/38e3f80e-370b-4eee-a69d-0ce7a60afb6a,"{""React"": 1, ""Tailwind"": 1}"
procreate,Product Designer,Hobart,,,https://jobs.lever.co/procreate/a46b054d-bf22-4a35-9d8b-83d717cd56aa,
procreate,Senior Software Engineer - iOS,Hobart,iOS,,https://jobs.lever.co/procreate/d4013400-ac51-43dd-b07d-1ad1133dd2eb,"{""iOS"": 1}"
procreate,Senior Software Engineer - Rendering,Hobart,iOS,,https://jobs.lever.co/procreate/04abecd2-180a-47a7-addf-203bab7c6165,"{""iOS"": 1}"
procreate,Senior Software Engineer - Swift,Hobart,Swift,,https://jobs.lever.co/procreate/9b50af98-cfe5-493b-b3b9-e09d477c4a69,"{""Swift"": 1}"
procreate,Senior Software Engineer - Systems,Hobart,,,https://jobs.lever.co/procreate/7d852d2b-dbe1-4e51-964c-4148c1094146,
procreate,Talent Acquisition Specialist,Hobart,,,https://jobs.lever.co/procreate/482f328e-6aae-4e6a-a07e-3d74b6265a86,
whoop,Accessories & Apparel Senior Inventory Planner,"Boston, MA",,,https://jobs.lever.co/whoop/688992f5-de90-4d2d-a9ea-cdb5e35fe7cc,
whoop,Android Engineer I (Growth),"Boston, MA",Android,,https://jobs.lever.co/whoop/c1ee90e7-697b-49c2-b805-fa2c1ee20e4f,"{""Android"": 1}"
whoop,Android Engineer II (Growth & Healthcare),"Boston, MA",Android,,https://jobs.lever.co/whoop/7470d286-69dd-4ed9-9931-186d8d4b91ae,"{""Android"": 1}"
whoop,"Associate Creative Director, Art","Boston, MA",,,https://jobs.lever.co/whoop/175eca0e-8fa1-4c93-a482-dd8040704a1d,
whoop,"Associate Director, WHOOP Labs Doha",Doha,,,https://jobs.lever.co/whoop/75cd5735-28fb-41f3-b6df-70794a27b582,
whoop,"AVP, Regional Marketing","Boston, MA",,,https://jobs.lever.co/whoop/96e93f55-6533-45c6-8777-35164f971adb,
whoop,Business Development Representative (BDR) - GCC,Doha,,,https://jobs.lever.co/whoop/4b70f94d-46b5-437f-a65e-3094fc182095,
whoop,Business Development Representative (BDR) - US,"Boston, MA",,,https://jobs.lever.co/whoop/8fd71a37-f300-45e2-ae91-7eea2db8043e,
whoop,Commercial Marketing Specialist - Accessories & Apparel,"Boston, MA",,,https://jobs.lever.co/whoop/900245c3-5e66-4c83-bede-419cc3798058,
whoop,"Corporate Counsel, Wholesale & Retail","Boston, MA",,,https://jobs.lever.co/whoop/762de9e2-15d9-4205-85cf-ecec2c95c9b5,
whoop,DACH Sales Senior Manager,Germany,,,https://jobs.lever.co/whoop/0def0c5b-cc18-4c3d-b759-410ed14e5c14,
whoop,Data Science Manager (Health),"Boston, MA",,,https://jobs.lever.co/whoop/49456b88-5d83-4a53-8e67-c65621ae1537,
whoop,"Day Shift - Membership Services Representative (Limerick, Ireland)",Limerick,,,https://jobs.lever.co/whoop/e85f6102-b5c8-4479-bef8-20fafb69f5aa,
whoop,Director of Engineering Operations,"Boston, MA",,,https://jobs.lever.co/whoop/aca2a91d-c8d2-4586-b9b8-e36f1dbcf9d1,
whoop,Director of Foundation AI,"Boston, MA",,,https://jobs.lever.co/whoop/47536580-040d-4be9-8cf4-6c36502292f5,
whoop,Director of Marketing Analytics,"Boston, MA",,,https://jobs.lever.co/whoop/eb4f13f8-63e4-4545-b663-e22d7eb1a464,
whoop,"Director, Customer Success","Boston, MA",,,https://jobs.lever.co/whoop/d3a9807d-2789-4ca1-8ca3-4351515fc6ff,
whoop,"Director, Regulatory Affairs and Quality Assurance","Boston, MA",,,https://jobs.lever.co/whoop/45ef7937-7cb6-4276-9e37-f57ceaf92e0b,
whoop,"Engineering Manager, Data Engineering","Boston, MA",,,https://jobs.lever.co/whoop/ed00ac8a-f213-42a1-b92c-4fc7ef94315e,
whoop,"Executive Assistant, Office of the CEO","Boston, MA",,,https://jobs.lever.co/whoop/444ce952-bc40-409e-9cab-897516a2b1d7,
whoop,Field Quality Engineer II,"Boston, MA",,,https://jobs.lever.co/whoop/4e7eed29-ca78-4122-ae16-0a717a73db06,
whoop,FP&A Manager,"Boston, MA",,,https://jobs.lever.co/whoop/fd3977d4-d155-4ef3-994e-36be3258406e,
whoop,Graphic Designer,"Boston, MA",,,https://jobs.lever.co/whoop/c53a2f99-305f-4e8f-b5ca-64197515c9c4,
whoop,GRC Analyst,"Boston, MA",,,https://jobs.lever.co/whoop/7c639530-b06d-4116-9c5f-bda2d4785456,
whoop,Hardware Engineering Project Manager II,"Boston, MA",,,https://jobs.lever.co/whoop/1ef373d4-0ec1-4060-84ce-b13ebf9fae08,
whoop,Head of Applied AI,"Boston, MA",,,https://jobs.lever.co/whoop/7cb9e21c-bbff-4a71-9a4e-fe62db3deeb3,
whoop,iOS Engineer II (Growth & AI Experiences),"Boston, MA",iOS,,https://jobs.lever.co/whoop/ac5d06b2-ff4a-416c-8e60-bcbbfed730fd,"{""iOS"": 1}"
whoop,Machine Learning Engineer II - Training,"Boston, MA",Python,,https://jobs.lever.co/whoop/fbe22555-3ca3-422a-af38-570c324e3bbd,"{""Python"": 1}"
whoop,Marketplaces Manager (GCC),Dubai,,,https://jobs.lever.co/whoop/1e06c75e-2f29-4a62-91ee-abd869fc5eab,
whoop,"Overnight Shift - Membership Services Representative (Limerick, Ireland)",Limerick,,,https://jobs.lever.co/whoop/33f49fac-76ef-4866-897d-d4b450494921,
whoop,Payroll Specialist,"Boston, MA",,,https://jobs.lever.co/whoop/55e2528b-18a9-4ffc-a0ff-d176a61a973e,
whoop,"Product Manager I, Growth","Boston, MA",,,https://jobs.lever.co/whoop/e9042301-0dbb-46bc-886f-9c2a2827274b,
whoop,Product Marketing Senior Lead (Healthcare),"Boston, MA",Go,,https://jobs.lever.co/whoop/72e6cf20-8dea-451f-ac8e-a3e39bfafa2e,"{""Go"": 1}"
whoop,Program Manager (CapEx),"Boston, MA",,,https://jobs.lever.co/whoop/9fbb0d42-584b-44b5-b55e-ca676ca91bcc,
whoop,Security Architecture Lead,"Boston, MA",,,https://jobs.lever.co/whoop/d7560e48-bace-4487-8cd4-d8685db73c2b,
whoop,Security Program Specialist II,"Boston, MA",,,https://jobs.lever.co/whoop/dd8e8c5d-4ee6-4a45-9365-902a7559989e,
whoop,Senior Android Engineer (AI Experiences),"Boston, MA",Android,,https://jobs.lever.co/whoop/4e4b36ca-cb47-422c-b6d0-7e70a0d54730,"{""Android"": 1}"
whoop,Senior Business Analyst (AI Product),"Boston, MA",,,https://jobs.lever.co/whoop/05cf5a07-3398-41ae-89e0-691a2fefa61b,
whoop,Senior Business Analyst (Growth),"Boston, MA",,,https://jobs.lever.co/whoop/072b7f9c-1c2e-4594-bcf1-51514a59c58e,
whoop,Senior Business Analyst (Healthcare Product),"Boston, MA",,,https://jobs.lever.co/whoop/52dd117b-3365-4a0e-8e13-32a174b2da7e,
whoop,Senior Engineering Manager (Embedded),"Boston, MA",,,https://jobs.lever.co/whoop/906f79d4-8e21-4f6b-b1c1-79e63196b084,
whoop,Senior Global Supply Manager (Electromechanical),"Boston, MA",,,https://jobs.lever.co/whoop/6fbb155e-e428-4f97-9347-cf2911d5f615,
whoop,Senior Global Supply Manager (Electronics),"Boston, MA",,,https://jobs.lever.co/whoop/485d5d20-db06-487b-ab32-3e3ab5b19391,
whoop,Senior Hardware Engineering Project Manager,"Boston, MA",,,https://jobs.lever.co/whoop/3182c51b-4e32-4bc7-82b0-683842ec4f5e,
whoop,"Senior Industrial Designer, Accessories & Soft Goods","Boston, MA",,,https://jobs.lever.co/whoop/5f3303bb-44da-46bd-a722-117f2a2edd01,
whoop,Senior Information Security Engineer,"Boston, MA",,,https://jobs.lever.co/whoop/61c5d644-fa75-4c50-afbd-d71c8c0cb493,
whoop,Senior iOS Engineer  (Connectivity),"Boston, MA",iOS,,https://jobs.lever.co/whoop/1017bee0-9c77-421b-9f51-46be7c572e9e,"{""iOS"": 1}"
whoop,Senior iOS Engineer (Healthcare),"Boston, MA",iOS,,https://jobs.lever.co/whoop/d161b8f9-b028-4d31-b08e-a57ea5f8be88,"{""iOS"": 1}"
whoop,"Senior Lab Manager, WHOOP Doha",Doha,REST,,https://jobs.lever.co/whoop/f9c9aae6-79dc-42ae-a59b-0e431fb66968,"{""REST"": 1}"
whoop,Senior Machine Learning Engineer (Health),"Boston, MA",,,https://jobs.lever.co/whoop/d65ec99a-3ed8-4aba-8f63-6c35a64514d5,
whoop,"Senior Manager, Learning & Training – Membership Services","Boston, MA",,,https://jobs.lever.co/whoop/8edd14b0-17a2-468d-a9b6-5ca7a4d07d92,
whoop,Senior Manufacturing Test Development Engineer (Software),"Boston, MA",,,https://jobs.lever.co/whoop/d19c163f-ddc7-4a51-898c-3d12585a388e,
whoop,"Senior Materials Developer, Accessories & Apparel","Boston, MA",,,https://jobs.lever.co/whoop/d52e1df7-22f7-4087-8bdb-6549561f8efd,
whoop,Senior ML Operations Engineer,"Boston, MA",,,https://jobs.lever.co/whoop/bb59ee63-a125-48e1-a04b-ef057743d54f,
whoop,Senior ML Platform Engineer,"Boston, MA",,,https://jobs.lever.co/whoop/43c1f7a1-c953-4fc7-855c-c5e9b22af352,
whoop,Senior NetSuite Business Systems Analyst,"Boston, MA",,,https://jobs.lever.co/whoop/6d6e27bb-456f-4314-980a-838dec2a81aa,
whoop,Senior Operations Analyst,"Boston, MA",,,https://jobs.lever.co/whoop/59f85239-2e66-499f-8631-d04ac94cb190,
whoop,Senior Product Designer (Growth),"Boston, MA",,,https://jobs.lever.co/whoop/21263b98-be3e-4b8b-8c20-54c5a4586539,
whoop,Senior Product Manager (Business Systems),"Boston, MA",,,https://jobs.lever.co/whoop/16138b04-68b5-48a5-98bb-c906e93e0e1b,
whoop,"Senior Product Manager, Hardware","Boston, MA",,,https://jobs.lever.co/whoop/8e429f4c-bae9-46be-990c-a53c80153e97,
whoop,"Senior Regulatory Associate, Global Hardware Compliance","Boston, MA",,,https://jobs.lever.co/whoop/872bbba1-7c4c-482e-98d1-e03e93fd23bd,
whoop,Senior Retail Experience Designer,"Boston, MA",Express,,https://jobs.lever.co/whoop/b52007a9-c6eb-4687-bc3a-d748f413bd97,"{""Express"": 1}"
whoop,Senior SDET,"Boston, MA",,,https://jobs.lever.co/whoop/71b76796-5544-4700-8852-01b77552e522,
whoop,"Senior Software Engineer (Backend, AI Experiences)","Boston, MA",,,https://jobs.lever.co/whoop/516fa6c8-6f45-415f-acda-e5ad5336aca5,
whoop,"Senior Software Engineer (Backend, AI Platform)","Boston, MA",,,https://jobs.lever.co/whoop/d5ecb4bb-90e3-4ef0-bf26-4cd176183d75,
whoop,"Senior Software Engineer (Backend, Business Systems)","Boston, MA",,,https://jobs.lever.co/whoop/4590bdd7-1be3-4e54-8064-abf48ad6c74a,
whoop,Senior Software Engineer (Full Stack),"Boston, MA",,,https://jobs.lever.co/whoop/b232a100-d07f-46d4-819d-705493325cff,
whoop,"Senior Software Engineering Manager, Product Security","Boston, MA",,,https://jobs.lever.co/whoop/e8d57cc3-03c5-4f0f-8790-35c052e44baf,
whoop,Sensor Intelligence Engineer II (Embedded Machine Learning),"Boston, MA",,,https://jobs.lever.co/whoop/e1dc4c84-ee5c-408e-a314-eea7c725a383,
whoop,Social Media Creator & Editor,"Boston, MA",,,https://jobs.lever.co/whoop/150a17da-3d93-457c-9364-5a6aea6cf29c,
whoop,"Software Engineer I (Fullstack, Hardware Accelerate)","Boston, MA",,,https://jobs.lever.co/whoop/e52bfb59-5a57-4e23-9991-88ef1b3dd745,
whoop,"Software Engineer II (Backend, AI Experiences)","Boston, MA",,,https://jobs.lever.co/whoop/876e5c0b-2145-4d3a-b928-98c105d399d6,
whoop,"Software Engineer II (Backend, AI Platform)","Boston, MA",,,https://jobs.lever.co/whoop/8c77d50c-0dfe-4fbb-bc15-ad0ebad5eada,
whoop,"Software Engineer II (Backend, Healthcare Infra)","Boston, MA",,,https://jobs.lever.co/whoop/79aed6aa-56b2-4d6d-9db7-570bb38706e0,
whoop,"Software Engineer II (Backend, Platform)","Boston, MA","AWS, Kubernetes",,https://jobs.lever.co/whoop/c329012d-5cf3-4d7a-9816-ba624ef0a311,"{""AWS"": 1, ""Kubernetes"": 1}"
whoop,"Software Engineer II (Full Stack, Business Systems)","Boston, MA",,,https://jobs.lever.co/whoop/46ab4e20-1ee1-4b11-a806-ff93f7b500a3,
whoop,Software Engineering Manager (AI),"Boston, MA","Android, iOS",,https://jobs.lever.co/whoop/b1f7b6bc-318b-4e1c-b4fd-1b1e45f75bce,"{""Android"": 1, ""iOS"": 1}"
whoop,Software Engineering Manager (Business Systems),"Boston, MA",,,https://jobs.lever.co/whoop/764cf271-d363-452f-8984-bfff676f3912,
whoop,Staff Machine Learning Engineer (Foundation AI),"Boston, MA",,,https://jobs.lever.co/whoop/e8b2f0e0-cc8c-462f-83b1-0537f4798aaa,
whoop,"Staff Tech Lead, Electrical Engineering","Boston, MA",,,https://jobs.lever.co/whoop/5f298bed-7194-4762-b384-a72a04d31652,
whoop,Technical Product Manager II (Data Platforms & MLOps),"Boston, MA",,,https://jobs.lever.co/whoop/b8649350-648c-4cb3-b8c8-560fadf4daf4,
whoop,"Trade Marketing Manager, DACH",Germany,,,https://jobs.lever.co/whoop/2241a243-d594-40f4-bb00-2e9315f653e3,
whoop,"Videographer & Editor, Brand","Boston, MA",,,https://jobs.lever.co/whoop/f72420ce-7095-4312-9063-a8490e57aef9,
whoop,Visual Merchandising Manager,"Boston, MA",,,https://jobs.lever.co/whoop/74786351-18d7-4d63-ab48-1412475b00d0,
whoop,VP of Supply Chain,"Boston, MA",,,https://jobs.lever.co/whoop/b20b0191-02a6-4ba8-960e-f20b393d1d4f,
whoop,"VP, Communications","Boston, MA",,,https://jobs.lever.co/whoop/27d41cf5-ff41-49b3-8ecc-b5c9b5905878,
whoop,WHOOP Labs Doha Senior Research Recruiter,Doha,,,https://jobs.lever.co/whoop/cbaa170a-b170-4a22-b1a0-e69a6d390a6c,
tovala,Assembler (Food Manufacturing),"248 Tubeway Drive, Carol Stream, IL",,,https://jobs.lever.co/tovala/2f7bca5c-337b-44b2-91d3-d326a3000516,
tovala,Digital Experience Product Manager,"Chicago, IL",,,https://jobs.lever.co/tovala/00ff3401-0944-4438-b3ee-744ecaca595e,
tovala,Ingredient Buyer,"1021 W Adams St, Chicago, IL",,,https://jobs.lever.co/tovala/ad030064-73cf-4a05-bd13-cc7c89f1b60e,
tovala,Inventory Associate,"West Valley City, UT",,,https://jobs.lever.co/tovala/83684c95-a736-427f-b1d8-4b9030ee02cd,
tovala,Maintenance Supervisor,"5041 W 2400 S, West Valley City, UT",,,https://jobs.lever.co/tovala/2a6405b1-6f81-438c-ba20-1fd99ce23bba,
tovala,Production Machine Operator Lead,"West Valley City, UT",,,https://jobs.lever.co/tovala/7e299b36-217e-4f9b-958f-959029f1b41d,
tovala,Production Manager,"5041 W 2400 S, West Valley City, UT",,,https://jobs.lever.co/tovala/d0cb3d84-6e85-4e3e-b0b3-c30f876b7e1a,
tovala,Quality Assurance (QA) Technician - Food Manufacturing,"5041 W 2400 S, West Valley City, UT",,,https://jobs.lever.co/tovala/9b39820e-452e-4f02-a96b-a0a5ba5dd416,
tovala,Sanitation Specialist,"815 W Pershing St, Chicago, IL",,,https://jobs.lever.co/tovala/53464427-6dd1-4d1c-80c9-09a53df9867e,
tovala,"Senior Data Analyst, Menu Analytics","Chicago, IL",,,https://jobs.lever.co/tovala/4b198b4a-e364-4f71-928c-ca733c203a32,
tovala,"Sr. Director, FSQA","1021 W Adams St, Chicago, IL",,,https://jobs.lever.co/tovala/b6843ed5-5544-4978-901d-4c56fbf5dba4,
sophos,Alliance Partnership Manager,"Seattle, WA","Go, AWS, Azure",,https://jobs.lever.co/sophos/208332b3-490e-4678-a0cc-46ad520fe978,"{""Go"": 1, ""AWS"": 1, ""Azure"": 1}"
sophos,Americas Marketing Coordinator,"Vancouver, Canada",,,https://jobs.lever.co/sophos/4dc6f5e6-7333-42fc-8f23-f42baceb4d95,
sophos,"Applications QA Engineer 3 (Salesforce) Remote, EMEA Shift",Philippines,,,https://jobs.lever.co/sophos/6e7c2053-f381-4f81-a6a2-69305039ed19,
sophos,Business Intelligence & Strategy – Senior Analyst,United States,,,https://jobs.lever.co/sophos/c90eff09-36d7-4d36-b651-aca1dc4e74b5,
sophos,Channel Account Executive (MSP),Singapore,,,https://jobs.lever.co/sophos/84fa24b2-17e1-415e-ba81-d28f09a8fb40,
sophos,Commercial Account Manager,"Vancouver, Canada",,,https://jobs.lever.co/sophos/2177f457-788f-4464-b327-f958990eab71,
sophos,Cyber Risk Advisor (Romania),Bucharest,,,https://jobs.lever.co/sophos/16a01db0-f721-426d-9bcf-21b27beb6ae1,
sophos,Cyber Risk Advisor I,"Ahmedabad, India",,,https://jobs.lever.co/sophos/6031a124-1641-4655-bda1-b5c55cb393b4,
sophos,"Director, Integrated Marketing",United States,,,https://jobs.lever.co/sophos/a3881112-d2f3-445d-b714-23d353c9af56,
sophos,Enterprise Account Executive (m/f/d) - Focus West of Austria,Austria,,,https://jobs.lever.co/sophos/022de18f-7323-4bef-8873-8353f08e00c4,
sophos,Enterprise Sales Engineer - West Coast,United States,,,https://jobs.lever.co/sophos/b4bded37-c537-44e9-aebd-af0fdce197fe,
sophos,Global Accounting Compliance Systems Accountant,Philippines,,,https://jobs.lever.co/sophos/44a4aacc-adef-4996-b89b-889f45a2a3fc,
sophos,"Global Procurement Sr. Manager – Travel, Meetings & Events",United States,,,https://jobs.lever.co/sophos/7e134004-9e37-461d-abbd-285c32409370,
sophos,Incident Response Consultant,Japan,,,https://jobs.lever.co/sophos/7350b38b-f49a-4156-8c49-59bc7fd70191,
sophos,IT Support Engineer,"Vancouver, Canada",,,https://jobs.lever.co/sophos/e565210d-d250-47a0-9a6e-9872d1bd4c1a,
sophos,Manager Channel Sales (m/f/d) - People management responsibility,Germany,,,https://jobs.lever.co/sophos/d821b50b-be86-415a-82de-b76523b84ef8,
sophos,Manager Enterprise Collaboration & EUC,United Kingdom,,,https://jobs.lever.co/sophos/ca0138a0-df34-4811-95a2-53262d5549b1,
sophos,"Manager, Commercial Sales (LATAM)",Brazil,,,https://jobs.lever.co/sophos/66f3486d-d351-4d91-bd11-d56697810976,
sophos,Penetration Testing Advisor,Japan,,,https://jobs.lever.co/sophos/92421079-17b3-4f73-87b8-8c71ea452b13,
sophos,Renewals Specialist - German Speaking,Romania,,,https://jobs.lever.co/sophos/38524aa6-31be-4790-b574-00df39982135,
sophos,Sales Development Representative,Brazil,Go,,https://jobs.lever.co/sophos/f3d13ab8-c5ae-49d7-b3e2-807fa9d8bdee,"{""Go"": 1}"
sophos,Sales Development Representative,"Vancouver, Canada",,,https://jobs.lever.co/sophos/f9874e9a-43bd-4c69-a036-5b3354bc2ebe,
sophos,Sales Operations Support (APJ Shifts)(2 Vacancies),Philippines,,,https://jobs.lever.co/sophos/2b44cdc4-f46d-42db-8d45-139d32f95b91,
sophos,Sales Operations Support (EMEA / AMER Shifts)(2 Vacancies),Philippines,,,https://jobs.lever.co/sophos/7c411f36-b8d1-4d3a-b370-9e4fc8133585,
sophos,Salesforce Developer,Philippines,,,https://jobs.lever.co/sophos/d0e4b6f9-e0b6-4d83-9ac7-a491fa35e59c,
sophos,SAP Technical Architect,India,,,https://jobs.lever.co/sophos/2d167c97-c768-4f81-bb02-f9c34448d6ec,
sophos,SAP Technical Architect,Philippines,,,https://jobs.lever.co/sophos/86c0645c-a47b-419a-b2f4-68565a6bb509,
sophos,Senior Account Executive - Public Sector/SLED,Texas,,,https://jobs.lever.co/sophos/5f16e231-3377-467c-b50b-cc598304966a,
sophos,Senior Account Executive- Public Sector,Connecticut,,,https://jobs.lever.co/sophos/ff5163e7-9924-4889-8d26-01e0e560c0d0,
sophos,Senior Channel Account Executive,Texas,,,https://jobs.lever.co/sophos/3b67bc24-f7b2-440f-a3ee-f2451a6da425,
sophos,Senior Channel Account Executive,"Toronto, Canada",,,https://jobs.lever.co/sophos/61a43c33-c2a8-47b3-bc3e-576b3ebcf9a8,
sophos,Senior Channel Account Executive,Ohio,,,https://jobs.lever.co/sophos/f1340a2a-9c9a-4400-bce6-0563e4028086,
sophos,Senior Channel Account Executive 1,Japan,,,https://jobs.lever.co/sophos/48f28a26-31e2-4e9d-a9b2-ba20185df541,
sophos,Senior Data Scientist,Hungary,,,https://jobs.lever.co/sophos/34506f06-1b59-4064-af43-e801f188a309,
sophos,"Senior Director, Channel Sales- EMEA (MSP)",United Kingdom,Go,,https://jobs.lever.co/sophos/2e71b45d-6e44-4578-a65d-f1e627e812da,"{""Go"": 1}"
sophos,"Senior Director, Enterprise Sales (Public Sector)",United Kingdom,Go,,https://jobs.lever.co/sophos/f7f04929-5e6f-4a8b-905f-992db8c5f924,"{""Go"": 1}"
sophos,Senior Enterprise Account Executive,Texas,,,https://jobs.lever.co/sophos/83557f96-49c0-4169-92d1-ffb3e592dced,
sophos,Senior Enterprise Account Executive - Chicago,"Chicago, IL",,,https://jobs.lever.co/sophos/827809f5-20b3-4800-9753-60fbf8df4a96,
sophos,Senior Enterprise Account Executive - Indonesia,"Jakarta, Indonesia",,,https://jobs.lever.co/sophos/68d016d2-3671-4e6b-88cf-3dac49bd7683,
sophos,Senior Enterprise Account Executive 1,Japan,,,https://jobs.lever.co/sophos/adead815-d5e9-4c52-b079-051daf6ea0f4,
sophos,Senior Enterprise Account Executive 2,Japan,,,https://jobs.lever.co/sophos/6b9244b9-2f8d-4cd2-97fd-5c10e1b882a0,
sophos,"Senior Enterprise Account Executive, Ireland, Public Sector",Ireland,,,https://jobs.lever.co/sophos/363c08bf-844c-42ee-8414-e7f1b03228bc,
sophos,Senior Field Sales Engineer - Enterprise,United Kingdom,,,https://jobs.lever.co/sophos/59088db9-a7fd-4276-9b3b-82312e2987ed,
sophos,Senior HRIS Analyst,Philippines,,,https://jobs.lever.co/sophos/d848f838-2dfe-44ac-90a6-f5554b180929,
sophos,Senior Identity Engineer,United Kingdom,,,https://jobs.lever.co/sophos/e58db459-4b8b-4771-9374-6e29f584d12d,
sophos,"Senior Incident Response Analyst, MDR (Romania)",Romania,,,https://jobs.lever.co/sophos/45bdec25-d1c8-471e-af12-05127d84fc1a,
sophos,"Senior Manager, GTM Finance",United States,,,https://jobs.lever.co/sophos/82a91be9-6b9e-4aaf-abae-81d1d286954f,
sophos,"Senior Manager, Sales Development",Singapore,Go,,https://jobs.lever.co/sophos/8099589f-fef7-4b36-8d31-d40918d04a12,"{""Go"": 1}"
sophos,Senior ML Software Engineer (Hungary),Hungary,"AWS, CI/CD",,https://jobs.lever.co/sophos/479901be-986b-4d22-bcff-67e163bdb65e,"{""AWS"": 1, ""CI/CD"": 1}"
sophos,​Senior Penetration Testing Analyst,Japan,,,https://jobs.lever.co/sophos/b31c70b7-1f27-4bf6-950b-817db29f24bc,
sophos,"Senior Product Manager, Cybersecurity Services",United States,,,https://jobs.lever.co/sophos/b6e79f2a-c7e3-41a7-bac5-7eaa7fcbe96d,
sophos,Senior Sales Engineer,Malaysia,,,https://jobs.lever.co/sophos/bc434dea-195e-4a74-b237-8bef4e35b206,
sophos,Senior Sales Engineer - Enterprise (m/f/d),Germany,,,https://jobs.lever.co/sophos/8b7b0c4e-27c7-4fa2-af0d-5aa1511873dc,
sophos,Senior Sales Engineer - Kansas City,Missouri,,,https://jobs.lever.co/sophos/73e3b0a4-a2ee-4f33-9fa4-85fbc300ecc0,
sophos,Senior Territory Account Executive,Mina Gerais,,,https://jobs.lever.co/sophos/920b7dc2-cf59-4df6-b087-ec09083ad260,
sophos,Senior Territory Account Executive,Florida,,,https://jobs.lever.co/sophos/fb72585d-b445-45f7-bd54-f50060dca325,
sophos,Senior Territory Account Executive,Ontario,,,https://jobs.lever.co/sophos/fc2cf662-623a-4808-9e56-4499b1395587,
sophos,Senior Territory Account Executive (NJ),New Jersey,,,https://jobs.lever.co/sophos/6ff4cda8-4b5c-4733-a0e5-1da625337928,
sophos,Senior Territory Account Executive (NJ/ PHL),New Jersey,,,https://jobs.lever.co/sophos/11c49ec3-0dd5-4d04-a54a-43e0d6ab03de,
sophos,Senior Territory Account Manager,"Mumbai, India",,,https://jobs.lever.co/sophos/fee0496f-30cd-494b-a71b-52c2f4a313a2,
sophos,Senior Threat Analyst 1,Canada,,,https://jobs.lever.co/sophos/dcd419ba-0c7f-4b50-9292-d6c9a8f4f40d,
sophos,Senior Threat Researcher Detection Engineer (Romania),Romania,,,https://jobs.lever.co/sophos/2abc0129-384b-4ff9-bbf9-9597ab62d006,
sophos,Senior Threat Researcher_Sophos Labs,India,,,https://jobs.lever.co/sophos/c50e2c59-ac2a-4990-81ef-7facc1f9b963,
sophos,Senior Treasury & Equity Administration Analyst,Romania,,,https://jobs.lever.co/sophos/ebca3d4f-43b6-4949-9fda-7a16c3cfd9cc,
sophos,Snr. Distribution Account Manager,Australia,,,https://jobs.lever.co/sophos/2777123f-2662-4326-b04f-92d9a0831612,
sophos,Systems Accountant (Graduate Level),United Kingdom,,,https://jobs.lever.co/sophos/64d9e20a-1c40-4a39-bf54-ac58b20df7ea,
sophos,Systems Solutions Engineer (via 3rd party),Morocco,,,https://jobs.lever.co/sophos/e72536f6-1aef-46aa-ad6f-30381b52f080,
sophos,"Team Lead, Technical Support",Brazil,,,https://jobs.lever.co/sophos/359d5caf-d47c-40f4-ba38-5093d559d8be,
sophos,Technical Support Engineer- ESG (Bilingual English and Spanish),Brazil,,,https://jobs.lever.co/sophos/01b76021-1e48-4368-85b3-bdfff1ae77de,
sophos,Technical Support Engineer- NSG (Bilingual English and Spanish),Brazil,,,https://jobs.lever.co/sophos/18a22192-4fd1-4778-964d-6589921c33f3,
sophos,Threat Analyst 2,Japan,,,https://jobs.lever.co/sophos/7c064ae4-5f89-4e5e-994d-d547357caf8d,
sophos,Threat Analyst 2,Canada,,,https://jobs.lever.co/sophos/a31c5c69-bc1d-4ac2-a0a3-fdf3c64218ce,
sophos,Threat Analyst 2,Japan,,,https://jobs.lever.co/sophos/fe9ce0fc-3097-49c7-9e36-9c9a8c4f7c54,
sophos,Threat Researcher-Malware Analysis,India,,,https://jobs.lever.co/sophos/ce0be4bf-745c-42c1-987c-dd4b6fd1c613,
sophos,VDR Support Senior Analyst (Romania),Romania,,,https://jobs.lever.co/sophos/4c4e3cf8-5fb5-48b8-986f-6c4a03f9d77e,
sophos,Vulnerability Management Engineer (Romania),Romania,,,https://jobs.lever.co/sophos/d75362a1-5ae1-4988-aefe-84dbf14a2885,
sophos,Zuora Billing Solution Architect,India,Go,,https://jobs.lever.co/sophos/9618cb4a-1df4-4429-a704-c1f540b129f3,"{""Go"": 1}"
graylog,Sales Director - East,"Remote, United States",,,https://jobs.lever.co/graylog/a00f6617-da4a-4fbb-810f-ecdcf2f4abdd,
beam,Lead Product Designer,Remote,,,https://jobs.lever.co/beam/fa08935b-2f1d-4872-9f75-c0432481b908,
beam,Product Owner,Remote,,,https://jobs.lever.co/beam/bbb56945-89f2-4736-9846-505b0564cf8f,
signal,Product Designer,Remote,,,https://jobs.lever.co/signal/c914c7d1-5296-459c-bbf6-c56427b54e2f,
signal,Technical Support Specialist,Remote,,,https://jobs.lever.co/signal/5945d6b3-611d-4336-abd9-e9a3a3e6dc9b,
rackspace,Accountant II - IN,India - Gurgaon,,,https://jobs.lever.co/rackspace/cc31ab41-be93-43d8-9052-1e84e0982301,
rackspace,AI/ML Architect - Vietnam Remotely,Vietnam - Remote,AWS,,https://jobs.lever.co/rackspace/83726a24-f09d-40d1-9320-babced9ccc01,"{""AWS"": 1}"
rackspace,Application Security Engineer II - IN ( Night Shift),India - Remote,,,https://jobs.lever.co/rackspace/d5d48339-cf77-4fed-a7db-ab1502a277cd,
rackspace,AWS PSDE III ( Require only immediate joiners ),India - Remote,,,https://jobs.lever.co/rackspace/28f45ec3-18ee-46fd-bd53-1c32cf7acd13,
rackspace,Azure DataOps Lead,India - Gurgaon,Azure,,https://jobs.lever.co/rackspace/115119f0-f2b3-44fb-9ccc-3949cac0fc19,"{""Azure"": 1}"
rackspace,Azure Practice Manager –Professional Services,United Kingdom - Greater London,,,https://jobs.lever.co/rackspace/6fbf7327-94b6-45b2-8d39-9a476ae5c5f3,
rackspace,Azure Solution Architect - IN (Immediate joiner preferred),India - Remote,"Azure, Kubernetes, CI/CD, GitHub Actions",,https://jobs.lever.co/rackspace/03f31fa0-9435-46eb-8cd0-93fdfbfa44ba,"{""Azure"": 1, ""Kubernetes"": 1, ""CI/CD"": 1, ""GitHub Actions"": 1}"
rackspace,BFSI Sales Executive V - Remote - Northeast,United States - Remote,,,https://jobs.lever.co/rackspace/5aa324ae-5288-42fd-b928-0d81ad9787ea,
rackspace,Big Data Engineer - AWS,Egypt - Giza,AWS,,https://jobs.lever.co/rackspace/980ae9c9-34c9-4902-8b62-edfdb6d8cc9d,"{""AWS"": 1}"
rackspace,Cloud Infrastructure Engineer,United States - Remote,"AWS, Azure, Terraform",,https://jobs.lever.co/rackspace/0eb8d5b7-4df9-4ac4-a349-e5e2e1c75fda,"{""AWS"": 1, ""Azure"": 1, ""Terraform"": 1}"
rackspace,Cloud Software Architect,United States - Remote,"Go, AWS",,https://jobs.lever.co/rackspace/95ebc1a3-f641-4ce5-a4ca-997d2819e1f8,"{""Go"": 1, ""AWS"": 1}"
rackspace,Cloud Solution Architect (Azure Presales)R-22210,India - Remote,"AWS, GCP, Azure",,https://jobs.lever.co/rackspace/c67eabcc-3a6f-4698-a830-b2534fdeb8e0,"{""AWS"": 1, ""GCP"": 1, ""Azure"": 1}"
rackspace,Customer Success Engineer III - IN,India - Remote,,,https://jobs.lever.co/rackspace/0505a198-dc67-449e-9a2d-86b8e992b6eb,
rackspace,Cyber Security/ Cloud Security Engineer - US,United States - Remote,,,https://jobs.lever.co/rackspace/33dd202d-1ef3-493b-9e93-0e2f7523d6b5,
rackspace,Data Architect,India - Gurgaon,Azure,,https://jobs.lever.co/rackspace/79ef580b-7d31-4336-8451-e23e2814631b,"{""Azure"": 1}"
rackspace,Data Center Operations Manager,United States - Santa Clara,,,https://jobs.lever.co/rackspace/ba0f5612-4417-4da9-9802-60888e25c0ff,
rackspace,Data Engineer (Infra/DevOps Focus),Vietnam - Remote,"Python, Azure, Docker, Kubernetes, Terraform, CI/CD, GitHub Actions, SQL, Airflow, Spark",,https://jobs.lever.co/rackspace/2abe0983-e11c-40d4-bcd4-3fcbc491ddfe,"{""Python"": 1, ""Azure"": 1, ""Docker"": 1, ""Kubernetes"": 1, ""Terraform"": 1, ""CI/CD"": 1, ""GitHub Actions"": 1, ""SQL"": 1, ""Airflow"": 1, ""Spark"": 1}"
rackspace,Data Engineer III,India - Gurgaon,AWS,,https://jobs.lever.co/rackspace/92ad2ec6-88c8-4dfd-bb3d-3a3581fb3d7d,"{""AWS"": 1}"
rackspace,Data Engineer III/IV -G (R-21564),India - Gurgaon,AWS,,https://jobs.lever.co/rackspace/d73f69e7-f66a-4e36-9304-140fdc68194c,"{""AWS"": 1}"
rackspace,DC Ops Technician II,United States - Richardson,,,https://jobs.lever.co/rackspace/932063e3-445d-4dfa-8673-b64d8d526461,
rackspace,DC Ops Technician III,United States - Richardson,,,https://jobs.lever.co/rackspace/c57508d7-fd35-4bca-b14d-8adc59d8367a,
rackspace,DC Ops Technician III - SG,Singapore - Raffles Place,,,https://jobs.lever.co/rackspace/7536aab7-0574-489e-89d2-b4d72d57f581,
rackspace,Engagement Manager,Egypt - Giza,,,https://jobs.lever.co/rackspace/6d22f9f1-100d-4d59-b84a-bc3f95feb029,
rackspace,Enterprise Sales Executive V - Hi-tech/ISV/Telecom/SaaS - Remote,United States - Remote,,,https://jobs.lever.co/rackspace/9e7783af-30c6-4ba0-946a-74efc0ae25c1,
rackspace,ForgeRock Engineer,India - Remote,,,https://jobs.lever.co/rackspace/bc180c9a-2ea6-4c3e-9c9a-ef4051ad4975,
rackspace,GCP Data Analyst - BigQuery (Canada),Canada - Toronto,"Python, Java, Scala, GCP, SQL, BigQuery, Airflow",,https://jobs.lever.co/rackspace/7cefa3ee-f4ac-4233-a0dd-8739aeb25293,"{""Python"": 1, ""Java"": 1, ""Scala"": 1, ""GCP"": 1, ""SQL"": 1, ""BigQuery"": 1, ""Airflow"": 1}"
rackspace,GCP Data Analyst - BigQuery (USA),United States - Texas,"Python, Java, Scala, GCP, SQL, BigQuery, Airflow",,https://jobs.lever.co/rackspace/add2e661-64f2-4ef7-8ca4-47217dddaa10,"{""Python"": 1, ""Java"": 1, ""Scala"": 1, ""GCP"": 1, ""SQL"": 1, ""BigQuery"": 1, ""Airflow"": 1}"
rackspace,Global Pricing Analyst,Mexico - Mexico City,,,https://jobs.lever.co/rackspace/9e3fe12b-dace-44e4-a5ca-f2b7495aae3a,
rackspace,"Healthcare IT Sales Executive IV - Boston, MA",United States - Boston,,,https://jobs.lever.co/rackspace/a00bc3d9-557f-4975-ab1a-7338a48b4b7f,
rackspace,Healthcare IT Sales Executive V - FL/GA,United States - Florida,,,https://jobs.lever.co/rackspace/76fc72ac-6ee1-47c1-a532-9ed6d74318ba,
rackspace,Healthcare IT Sales Executive VI - NY/NJ,United States - New Jersey,,,https://jobs.lever.co/rackspace/81df584b-fbcc-41d8-94b1-9516a4f8c520,
rackspace,Healthcare Sales Executive VI.,United Kingdom - Greater London,,,https://jobs.lever.co/rackspace/cc0cbc1e-3da2-44ef-8d2a-1bec4355b9a3,
rackspace,Helpdesk Support Technician,United Kingdom - Cardiff,Go,,https://jobs.lever.co/rackspace/05cedc2c-7d26-4427-9b5b-eb8b098ed0fc,"{""Go"": 1}"
rackspace,Job Description : Cloud Administrator,India - Gurgaon,"AWS, Azure, Linux",,https://jobs.lever.co/rackspace/2c0fee30-7d21-40be-8521-1f439f8eb431,"{""AWS"": 1, ""Azure"": 1, ""Linux"": 1}"
rackspace,Job Opportunity : AWS Cloud Engineer III,India - Gurgaon,"Python, AWS, Kubernetes, Terraform, CI/CD, Jenkins, Bash",,https://jobs.lever.co/rackspace/16bbf121-52e4-431d-b90b-061fcc4b6fd6,"{""Python"": 1, ""AWS"": 1, ""Kubernetes"": 1, ""Terraform"": 1, ""CI/CD"": 1, ""Jenkins"": 1, ""Bash"": 1}"
rackspace,Job Opportunity : Senior BI Engineer,India - Gurgaon,,,https://jobs.lever.co/rackspace/d5faafe2-3472-4ba8-a320-afbd1b45d0c4,
rackspace,Job Opportunity : VMware Cloud Engineer II,India - Gurgaon,,,https://jobs.lever.co/rackspace/821ccc1b-1d84-4556-9ca8-de5dabc1200a,
rackspace,Job Opprtunity : Cloud (GCP) Engineer III - IN,India - Gurgaon,"GCP, Terraform",,https://jobs.lever.co/rackspace/94f00763-b23c-4b34-9988-2bbe81ce59c3,"{""GCP"": 1, ""Terraform"": 1}"
rackspace,L2 Azure Infrastructure Specialist - Immediate joiner preferred,India - Remote,"Azure, Kubernetes, Terraform, SQL, Prometheus, Grafana",,https://jobs.lever.co/rackspace/62b87c3f-997e-4dd7-a2d1-175cd758cb99,"{""Azure"": 1, ""Kubernetes"": 1, ""Terraform"": 1, ""SQL"": 1, ""Prometheus"": 1, ""Grafana"": 1}"
rackspace,Lead Rubrik Backup Engineer IV-IN,India - Remote,,,https://jobs.lever.co/rackspace/4947d815-66e8-4a80-9d8f-366740713868,
rackspace,Machine Learning Architect (AWS),United States - Remote,AWS,,https://jobs.lever.co/rackspace/b1af83c9-785f-47ed-8b36-a23c36a4fc2e,"{""AWS"": 1}"
rackspace,Machine Learning Architect (AWS) - Canada,Canada - Remote,AWS,,https://jobs.lever.co/rackspace/f696997a-afe6-4846-b22a-7a0407c9bc89,"{""AWS"": 1}"
rackspace,Mobile DevOps Engineer,Egypt - Giza,CI/CD,,https://jobs.lever.co/rackspace/74c9ebf7-be58-4ebb-b4a3-b1777a9b965c,"{""CI/CD"": 1}"
rackspace,MWA/MSCA Specialized Oracle Developer IV - IN,India - Remote,,,https://jobs.lever.co/rackspace/740257b3-7afd-4fb6-aedf-a754fc3c6d8c,
rackspace,MySQL Database Administrator II - Rotational Shift (Immediate joiner preferred),India - Remote,"Python, AWS, GCP, Azure, SQL, MySQL, Linux, Unix, Shell",,https://jobs.lever.co/rackspace/9b8471ec-7e15-4350-99e2-f7ccb952e054,"{""Python"": 1, ""AWS"": 1, ""GCP"": 1, ""Azure"": 1, ""SQL"": 1, ""MySQL"": 1, ""Linux"": 1, ""Unix"": 1, ""Shell"": 1}"
rackspace,MySQL Database Administrator III (rotational Shift) - Immediate joiner preferred,India - Remote,"Python, AWS, GCP, Azure, SQL, MySQL, Linux, Unix, Shell",,https://jobs.lever.co/rackspace/4218931d-c4a0-4ab4-9323-6fa60638df90,"{""Python"": 1, ""AWS"": 1, ""GCP"": 1, ""Azure"": 1, ""SQL"": 1, ""MySQL"": 1, ""Linux"": 1, ""Unix"": 1, ""Shell"": 1}"
rackspace,"Practice Manager, Data Science, AI & ML- US",United States - Remote,AWS,,https://jobs.lever.co/rackspace/bcfcdc80-9014-4be2-a514-6e6b729ce3f4,"{""AWS"": 1}"
rackspace,Principal Cloud Practice Architect,United States - Remote,,,https://jobs.lever.co/rackspace/4f572ce6-3b9b-4581-bdaa-9aa7fff17226,
rackspace,Private Cloud Sales Executive VI.,United Kingdom - Greater London,,,https://jobs.lever.co/rackspace/0177a711-899a-4bb1-bb4f-9eadb5d12ce8,
rackspace,Professional Services Delivery Engineer III - IN (AWS Devops Engineer III),India - Remote,,,https://jobs.lever.co/rackspace/7c35f8b3-5655-4d59-a3eb-9f7a5ce30027,
rackspace,Professional services delivery Engineer IV - (Citrix + VMWare),India - Remote,Azure,,https://jobs.lever.co/rackspace/6c73f220-e2f2-4b0a-832a-45ee0ce6a350,"{""Azure"": 1}"
rackspace,Professional Services Technical Cloud Project Manager,India - Remote,,,https://jobs.lever.co/rackspace/d63825b8-608c-4036-9095-a6ef07f7e093,
rackspace,Rubrik and Cohesity Backup Engineer III-IN (R-22233),India - Gurgaon,,,https://jobs.lever.co/rackspace/76dfd7d0-0db0-41b3-b964-f8a9196f553c,
rackspace,Sales Executive BFSI.,United Kingdom - Greater London,,,https://jobs.lever.co/rackspace/370e75ab-726d-4f30-a398-c006a2e93aa3,
rackspace,Sales Executive UK.,United Kingdom - Greater London,,,https://jobs.lever.co/rackspace/6c504eec-b861-4e44-9d43-4ffb0efe4074,
rackspace,Salesforce Admin III - Immediate,India - Remote,,,https://jobs.lever.co/rackspace/69f6b851-f122-4c3f-afe2-1897c51d8ba6,
rackspace,SENIOR BIG DATA INFRA ENGINEER,Vietnam - Remote,"Python, Java, AWS, GCP, Azure, Docker, Kubernetes, Terraform, CI/CD, Kafka, Spark, Hadoop",,https://jobs.lever.co/rackspace/2d0021fc-3622-451a-9d60-9deb36c4bd43,"{""Python"": 1, ""Java"": 1, ""AWS"": 1, ""GCP"": 1, ""Azure"": 1, ""Docker"": 1, ""Kubernetes"": 1, ""Terraform"": 1, ""CI/CD"": 1, ""Kafka"": 1, ""Spark"": 1, ""Hadoop"": 1}"
rackspace,Senior Cloud Infrastructure Engineer (Azure),Germany - Remote,,,https://jobs.lever.co/rackspace/73b80f74-58ac-408a-b0d3-ee2d19fc2c8c,
rackspace,Senior Cloud Solutions Architect - Network Specialist,United States - Remote,"AWS, Azure",,https://jobs.lever.co/rackspace/5b7d8497-0f7d-4dfe-a08f-0a94d3e8103b,"{""AWS"": 1, ""Azure"": 1}"
rackspace,Senior Consulting Cloud Architect (Azure),Germany - Remote,,,https://jobs.lever.co/rackspace/27ba5fe1-5081-41c8-a605-ddece2509a7c,
rackspace,Senior DevOps Engineer (AZURE),Germany - Remote,Azure,,https://jobs.lever.co/rackspace/827428cc-5922-451e-a16b-d81e23f51ad3,"{""Azure"": 1}"
rackspace,Senior Financial Analyst -US Shift,India - Remote,,,https://jobs.lever.co/rackspace/980aaf20-a208-42cc-8547-f3186571012f,
rackspace,Senior Full-Stack Java Developer (AWS),Egypt - Giza,"Java, Angular, Spring, Spring Boot, AWS, Docker, Terraform",,https://jobs.lever.co/rackspace/315febe2-b96d-4318-b0f9-545211dd8170,"{""Java"": 1, ""Angular"": 1, ""Spring"": 1, ""Spring Boot"": 1, ""AWS"": 1, ""Docker"": 1, ""Terraform"": 1}"
rackspace,Senior Machine Learning - VN,Vietnam - Remote,"Python, Azure, TensorFlow",,https://jobs.lever.co/rackspace/f8f5e824-2854-4d88-892d-2b04f8dd857f,"{""Python"": 1, ""Azure"": 1, ""TensorFlow"": 1}"
rackspace,Senior Platform Engineer (Azure),Germany - Remote,Azure,,https://jobs.lever.co/rackspace/1e761b43-3944-4983-9fe4-967496819c57,"{""Azure"": 1}"
rackspace,Senior Project Manager,India - Gurgaon,,,https://jobs.lever.co/rackspace/f8b705b5-4629-48c8-a9b3-2146f5238589,
rackspace,Senior Security Architect,Egypt - Remote,GCP,,https://jobs.lever.co/rackspace/4ce71977-b5dd-4188-bf01-5f1a86005873,"{""GCP"": 1}"
rackspace,Senior Security Consultant (Cloud Security Architect),United Kingdom - Remote,"AWS, GCP, Azure",,https://jobs.lever.co/rackspace/8f04506f-4af0-497a-87c3-96d638e4f6dc,"{""AWS"": 1, ""GCP"": 1, ""Azure"": 1}"
rackspace,"Senior Solutions Architect & Customer Advisor – Hybrid Cloud, Data and AI",United Kingdom - Greater London,"Go, AWS, GCP, Azure, Terraform",,https://jobs.lever.co/rackspace/85b8160b-964f-466e-86f0-27e0564e2e0c,"{""Go"": 1, ""AWS"": 1, ""GCP"": 1, ""Azure"": 1, ""Terraform"": 1}"
rackspace,"Senior Solutions Architect & Customer Advisor – Hybrid Cloud, Data and AI",United States - Remote,"Go, AWS, GCP, Azure, Terraform",,https://jobs.lever.co/rackspace/dc037f83-2cdb-4747-b864-11e6fc0f3851,"{""Go"": 1, ""AWS"": 1, ""GCP"": 1, ""Azure"": 1, ""Terraform"": 1}"
rackspace,Senior Systems Engineer HPC - R-21841,India - Gurgaon,"Terraform, Ansible, Jenkins, Linux, Git",,https://jobs.lever.co/rackspace/d8472fcd-beaf-467b-842f-9e0d75bda79e,"{""Terraform"": 1, ""Ansible"": 1, ""Jenkins"": 1, ""Linux"": 1, ""Git"": 1}"
rackspace,ServiceNow Developer IV,United Kingdom - Cardiff,,,https://jobs.lever.co/rackspace/4dc4e649-18d6-450d-b6b7-f2fc725dcf51,
rackspace,ServiceNow Developer IV,India - Remote,"JavaScript, HTML, CSS, REST",Bachelor,https://jobs.lever.co/rackspace/dc78c5fc-dd06-4b42-bedd-ce1325bdd34d,"{""JavaScript"": 1, ""HTML"": 1, ""CSS"": 1, ""REST"": 1}"
rackspace,Site Reliability Engineer (India 3rd Shift),India - Remote,,,https://jobs.lever.co/rackspace/64227e65-6859-42c2-8ae9-1d98b3a63198,
rackspace,Software Engineer / Full Stack Engineer- Vienam,Vietnam - Remote,"Python, JavaScript, TypeScript, C#, Go, React, Redux, Angular, .NET, AWS, Azure, Terraform, CI/CD, GitHub Actions, SQL",,https://jobs.lever.co/rackspace/c0e5c30d-545c-43b4-8120-4af7f546af80,"{""Python"": 1, ""JavaScript"": 1, ""TypeScript"": 1, ""C#"": 1, ""Go"": 1, ""React"": 1, ""Redux"": 1, ""Angular"": 1, "".NET"": 1, ""AWS"": 1, ""Azure"": 1, ""Terraform"": 1, ""CI/CD"": 1, ""GitHub Actions"": 1, ""SQL"": 1}"
rackspace,Software QE - Immediate joiner,India - Gurgaon,"Java, REST",,https://jobs.lever.co/rackspace/98268ec0-d161-4dbf-a550-eb3db381f4c2,"{""Java"": 1, ""REST"": 1}"
rackspace,Solutions Director  - Analytics & AI,United Kingdom - Remote,"AWS, Snowflake",,https://jobs.lever.co/rackspace/559958ac-9ccc-4527-ba77-9027f17c1539,"{""AWS"": 1, ""Snowflake"": 1}"
rackspace,"Solutions Director, Analytics & AI",United States - Remote,"Python, AWS, Azure, SQL, Snowflake, Redshift, BigQuery, Spark","Master, PhD",https://jobs.lever.co/rackspace/02029bf7-acc5-4217-804b-9b11671c7431,"{""Python"": 1, ""AWS"": 1, ""Azure"": 1, ""SQL"": 1, ""Snowflake"": 1, ""Redshift"": 1, ""BigQuery"": 1, ""Spark"": 1}"
rackspace,SQL Server Database Administrator II,India - Gurgaon,,,https://jobs.lever.co/rackspace/1caaf862-1343-4ccb-8bb2-fed266e6cfbe,
rackspace,Sr Big Data Engineer - Oozie and Pig (GCP),United States - Remote,"Python, Java, Hadoop",,https://jobs.lever.co/rackspace/9a5f7e5a-b78e-410f-ad02-775e0e949d69,"{""Python"": 1, ""Java"": 1, ""Hadoop"": 1}"
rackspace,Storage & Backup Administrator III (Rubric & Cohesity is must),India - Gurgaon,Linux,,https://jobs.lever.co/rackspace/f50c8d3b-65a9-438a-96e3-02d9c4cdf0db,"{""Linux"": 1}"
rackspace,Storage and Backup Engineer V - R-22196 (Rubrik is must),India - Gurgaon,,,https://jobs.lever.co/rackspace/98911df6-15f6-490b-8ade-c528c54359da,
rackspace,Tax Accountant - Gurgoan,India - Gurgaon,,,https://jobs.lever.co/rackspace/d8c9d6a8-c8ff-419d-be94-0435e3d40361,
rackspace,Technical Delivery Manager – Public Cloud,Egypt - Giza,,,https://jobs.lever.co/rackspace/28e6ec3a-0253-4315-940e-d4212b7156e4,
rackspace,Technical Manager (Backup)R-22264,India - Gurgaon,,,https://jobs.lever.co/rackspace/a4ab6b2f-d4b3-43b9-8364-cde424c22fbf,
rackspace,Technical Onboarding Manager,India - Gurgaon,,,https://jobs.lever.co/rackspace/38146eac-ce13-45af-9af4-9ad4ca46c094,
rackspace,"Vice President of Acquisition Sales, Healthcare Division",United States - Remote,,,https://jobs.lever.co/rackspace/4618242c-e5bb-4588-b3ab-49cdda646fa7,
rackspace,Vice President of Enterprise Operations,United States - Remote,,,https://jobs.lever.co/rackspace/136f80a7-4ece-404e-883a-edbf7b516625,
rackspace,VMware Engineer,Saudi Arabia - Riyadh,,,https://jobs.lever.co/rackspace/5239947c-cb13-479a-b61a-05e63733fbe1,
neon,Analista de Crédito Pleno - Afirmativa para Pessoas Pretas e Pardas,Remoto,,,https://jobs.lever.co/neon/1876311d-1f42-4efb-8d50-1a3d9c746472,
neon,Analista de Políticas de Crédito Senior,Remoto,,,https://jobs.lever.co/neon/973fe941-85dd-4916-b150-52a90fb21188,
neon,Banco de Talentos - Analista de Políticas de Crédito,Remoto,,,https://jobs.lever.co/neon/dd5e47a4-a670-4b2c-b995-639088085b86,
neon,Banco de Talentos - Comunidade Negra,Remoto,,,https://jobs.lever.co/neon/ee4524e2-2aa4-48cc-9fa3-75eca6738147,
neon,Banco de Talentos - LGBTQIA+,Remoto,,,https://jobs.lever.co/neon/969f8926-8533-4b97-91b8-dc7a42254106,
neon,Banco de Talentos - Liderança Feminina,Remoto,,,https://jobs.lever.co/neon/5f6eabf8-201a-40a9-8d04-0789e8fb392e,
neon,Banco de Talentos - PcD,Remoto,,,https://jobs.lever.co/neon/237602a3-d307-48ff-9a7c-7b0e38d18f03,
neon,Banco de Talentos | DevOpsDay Rio,Remoto,,,https://jobs.lever.co/neon/2a6f5d01-cc88-413d-b52f-55ef516f0de0,
neon,Cientista de Dados Sênior (Fraud Intelligence) - Afirmativa para PcDs,Remoto,,,https://jobs.lever.co/neon/1d56e09a-a262-4c73-aa45-b3ef6fb81041,
neon,Cloud Security Analyst Senior - Afirmativa para Mulheres,Remoto,AWS,,https://jobs.lever.co/neon/14210aa0-2fd5-47ef-ae8f-7524c9233c59,"{""AWS"": 1}"
neon,Data Scientist Pleno - Afirmativa para Mulheres,Remoto,,,https://jobs.lever.co/neon/2221f2b5-7e69-4561-94cc-f1c52f034f6e,
neon,Engineering Lead - AI Platform,Remoto,,,https://jobs.lever.co/neon/6c1934f0-ffa0-4d22-8d00-74a8153ec861,
neon,Especialista de Gestão de Performance - Afirmativa para mulheres,Remoto,,,https://jobs.lever.co/neon/e43ed182-a720-40a2-a2aa-b33bc054c54f,
neon,Senior Data Engineer,Remoto,,,https://jobs.lever.co/neon/711abe91-e29a-4891-8fd3-713f041c0cf5,
neon,Senior Data Scientist - Afirmativa para Mulheres,Remoto,,,https://jobs.lever.co/neon/d04c67e5-3755-4048-a507-c70e7df2b49f,
neon,Software Engineer Manager - Afirmativa para Mulheres,Remoto,,,https://jobs.lever.co/neon/9534e110-8164-474b-a958-3ba7044993ef,
neon,Software Engineer Plena (Android) - Afirmativa para Mulheres,Remoto,,,https://jobs.lever.co/neon/b757c777-f17a-4449-a5c6-ba5d23dc4771,
neon,Software Engineer Senior (iOS) - Afirmativa para Mulheres,Remoto,iOS,,https://jobs.lever.co/neon/bf513c6a-a3ce-46de-88b2-e312047e5ddb,"{""iOS"": 1}"
neon,Staff Data Engineer Collections - Afirmativa para Mulheres,Remoto,,,https://jobs.lever.co/neon/7c490a85-dc47-4d23-adc8-19dd441ce5b0,
neon,Staff Software Engineer,Remoto,,,https://jobs.lever.co/neon/f9b925d6-38e1-4b24-9adb-4cbbcca3100f,
neon,Staff Software Engineer - Afirmativa para Mulheres,Remoto,,,https://jobs.lever.co/neon/dff80701-3cc1-4fa9-a167-4003d82003f8,
farmwise,Product Manager,"Santa Clara, CA",,,https://jobs.lever.co/farmwise/6793b9a6-7fba-4d8a-9983-c716b1d45792,
farmwise,Regional Sales Manager,"Salinas, CA (Hybrid)",,,https://jobs.lever.co/farmwise/193ee4e0-66cd-4290-b49e-a20898da9dc1,
dronedeploy,"Business Development Representative, EMEA (UK)","London, England",,,https://jobs.lever.co/dronedeploy/4f3d3e3b-3227-4e99-9302-69358135a34d,
dronedeploy,Field Marketing Manager (APAC),"Sydney, Australia",,,https://jobs.lever.co/dronedeploy/41c8e683-9774-4168-bb75-d3827a565cb5,
dronedeploy,Field Marketing Manager (EMEA),"London, England",,,https://jobs.lever.co/dronedeploy/de199658-8e2b-490f-914d-77f24f57e536,
dronedeploy,"Manager of Software Engineering, Ground Mobile",Remote,"Android, iOS",,https://jobs.lever.co/dronedeploy/0d8f15c6-4357-4b8b-8f40-bd00c320e7ba,"{""Android"": 1, ""iOS"": 1}"
dronedeploy,"Senior Business Development Representative, APAC (AUS)","Sydney, Australia",,,https://jobs.lever.co/dronedeploy/76aa8135-eb64-44bc-ad2d-c3d865efc50d,
dronedeploy,Senior Full-Cycle Recruiter (GTM + Technical) - Saas (USA),"Austin, TX",,,https://jobs.lever.co/dronedeploy/a122047a-f04b-4037-bab6-c86497d7427b,
dronedeploy,Senior Manager of Sales Development (USA),Remote,,,https://jobs.lever.co/dronedeploy/e5046872-a19f-46db-9dfd-954099503ed6,
dronedeploy,"Software Engineer, Fullstack (USA)",Remote,Android,,https://jobs.lever.co/dronedeploy/a4ab94fc-7ad2-47cc-879c-c9dbe852672e,"{""Android"": 1}"
shieldai,2026 Summer Intern - Electrical Engineering - (R4099),"Dallas, Texas",,,https://jobs.lever.co/shieldai/9daf1b3d-6d07-41c3-8bf9-f679c58d62f8,
shieldai,"2026 Summer Intern - Hardware Test, Mechanical Engineering (R4067)","Dallas, Texas",,,https://jobs.lever.co/shieldai/b073413a-0adf-40db-bf95-3721b2734531,
shieldai,"2026 Summer Intern - Hardware Test, Software Engineering (R4065)","Dallas, Texas",,,https://jobs.lever.co/shieldai/0ebcc338-59d1-431a-9ac9-ddf85fc4a8bf,
shieldai,2026 Summer Intern - Mechanical Engineering,"Dallas, Texas",,,https://jobs.lever.co/shieldai/9ecc62f2-9b60-4b58-beb3-02eaa0495584,
shieldai,2026 Summer Intern - Propulsion Engineering (X-BAT),"Dallas, Texas",,,https://jobs.lever.co/shieldai/b328bcb2-f1ca-4a9d-a12e-1d39f7e7f8f5,
shieldai,2026 Summer Intern - RF Engineering - (R4101),"Dallas, Texas",,,https://jobs.lever.co/shieldai/2ab7a6a5-e47d-4899-b924-01e6b61f5d88,
shieldai,Accounting Intern - 2026 Summer Intern (R4113),"San Diego, California",,,https://jobs.lever.co/shieldai/d82c22f6-fa9a-4a54-99dc-6ecbc81f0cd5,
shieldai,Advanced Manufacturing Engineering Co-op - Spring 2026 (R4200),"Dallas, Texas",,,https://jobs.lever.co/shieldai/3762affd-63ac-4a32-9223-4eafa43c4a08,
shieldai,Advanced Manufacturing Engineering Intern - 2026 Summer Intern (R4102),"Dallas, Texas",Spring,,https://jobs.lever.co/shieldai/64d9fdbd-2c67-4886-b61a-afd631f27226,"{""Spring"": 1}"
shieldai,AP Specialist,United States,,,https://jobs.lever.co/shieldai/b95961b5-357c-430d-bcd6-7adddded8d39,
shieldai,Associate Systems Administrator (R3915),"San Francisco, California",,,https://jobs.lever.co/shieldai/2ac5eac8-3df8-4c0a-a463-b682f7ccb6dc,
shieldai,"Autonomy Engineer, Navigation (R4171)","San Diego, California","C++, Linux",,https://jobs.lever.co/shieldai/d4c14f3f-bf86-4592-9f50-7155f81fa1b9,"{""C++"": 1, ""Linux"": 1}"
shieldai,"Autonomy Engineer, Planning (R2879)",United States,,,https://jobs.lever.co/shieldai/771ef1c9-1cc8-4766-84a7-aa0696634990,
shieldai,Aviation Safety Officer (R4177),"Dallas, Texas",,,https://jobs.lever.co/shieldai/97ffd34d-83ad-4e4c-9e70-af9066c3ff06,
shieldai,Business Development Associate (R3956),Riyadh,,,https://jobs.lever.co/shieldai/b0e2409c-8e03-413c-ab23-5a6a0aa2eab6,
shieldai,Business Development Manager,New Delhi,,,https://jobs.lever.co/shieldai/a255acce-59cb-40df-bef3-4753e8687f75,
shieldai,"Business Development Manager, Japan",Tokyo,,,https://jobs.lever.co/shieldai/6d6a32da-b985-45ea-adc2-1e67d4791f5a,
shieldai,"Business Development Manager, Saudi Arabia",Riyadh,,,https://jobs.lever.co/shieldai/adb5864a-938a-4d24-8163-264f0ab2d5b2,
shieldai,"Business Development Manager, Southern Europe",Rome,,,https://jobs.lever.co/shieldai/784ce119-ebf2-4188-ae4e-95bf4adb25af,
shieldai,"Business Development Manager, Taiwan (R4049)",Taipei,,,https://jobs.lever.co/shieldai/92a187a8-f340-4396-ab3f-65cd6422b28d,
shieldai,Business Operations Manager,Oslo,,,https://jobs.lever.co/shieldai/d95ce729-b714-42b0-9840-4fd8e785e04f,
shieldai,Chief Engineer - Launch & Recovery Vehicle (R4033),"Dallas, Texas",,,https://jobs.lever.co/shieldai/220070f5-236a-4492-92a8-66dc5b7ceda6,
shieldai,"Chief Engineer, Autonomy (R3900)","Washington, DC",,,https://jobs.lever.co/shieldai/144f5cec-7d0c-40eb-99b9-dd6f89fa7a91,
shieldai,"Chief Engineer, Autonomy (R3954)",London,,,https://jobs.lever.co/shieldai/dd795a91-7317-44ea-8197-caf6266eb8f8,
shieldai,Communications Intern - 2026 Summer Intern (R4109),"Washington, DC",,,https://jobs.lever.co/shieldai/a6b7d285-851f-4b22-a211-1423161397de,
shieldai,"Country Manager,  Norway",Oslo,,,https://jobs.lever.co/shieldai/2db7519e-c72d-4fbf-bf07-8a437c513c4f,
shieldai,"Curriculum Manager, Next Gen Aircraft (R4178)","Dallas, Texas",,,https://jobs.lever.co/shieldai/08c7814f-16aa-4606-88fc-4da9fa19198a,
shieldai,Customer Success Manager (R3710),"Washington, DC",,,https://jobs.lever.co/shieldai/fd938d01-0807-4cf1-95df-5dd97b0faf21,
shieldai,Data Analyst Intern - 2026 Summer Intern,"Dallas, Texas",,,https://jobs.lever.co/shieldai/d00348c2-18a8-4580-a084-be602d455fcf,
shieldai,Director of Accounting (R3451),United States,,,https://jobs.lever.co/shieldai/3a91409c-a83b-44de-8d1a-3b3b5a966dae,
shieldai,"Director of Business Development, X-BAT",Munich,Go,,https://jobs.lever.co/shieldai/14f83ee4-4097-4dc2-95c5-624ea35a3332,"{""Go"": 1}"
shieldai,"Director of Government Relations, Asia (R4185)",Taipei,,,https://jobs.lever.co/shieldai/0ed45876-6c5f-449b-9d6d-03e2dfb383b0,
shieldai,Director of Product Management,London,,,https://jobs.lever.co/shieldai/671bdb32-77fd-4059-a4c3-7c171768e1a3,
shieldai,"Director, Autonomy Applications Engineering (R3988)","San Diego, California",,,https://jobs.lever.co/shieldai/60989f83-b507-420c-a3b7-00d4a4d64d26,
shieldai,"Director, Solutions Engineering (R4159)","San Diego, California",,,https://jobs.lever.co/shieldai/a718bbcf-fbf6-4aa0-8e2d-4d63cebeb3c6,
shieldai,Edge Application Software Lead,Melbourne,,,https://jobs.lever.co/shieldai/8d4f5ac5-f887-453f-977a-aaa1569646ac,
shieldai,Electrical Engineer I (R4192) (SD),"San Diego, California",,,https://jobs.lever.co/shieldai/1b229cdc-9a0b-4704-b39b-b3b4c6e3fa89,
shieldai,Electrical Engineer I (R4193) (TX),"Dallas, Texas",,,https://jobs.lever.co/shieldai/c9321f8a-b367-4dcb-9308-bd64ae6bac1d,
shieldai,Electrical Engineer I (R4194) (BOS),"Boston, MA",,,https://jobs.lever.co/shieldai/37fa20c1-57dc-4aa1-9515-ecc87f22f31b,
shieldai,Electrical Engineer II - Power (R3932),"Dallas, Texas",,,https://jobs.lever.co/shieldai/622ee448-5ab3-4b2e-b20b-1fff995cbc45,
shieldai,Electrical Engineering Fall Co-op (June 2026),"Dallas, Texas",,,https://jobs.lever.co/shieldai/7b4e2234-fa9a-4945-8a20-0c16d176c702,
shieldai,Electrical Quality Engineer (R3530),"Dallas, Texas",,,https://jobs.lever.co/shieldai/44c749e3-ccfe-49df-8a97-a1c02f89aaeb,
shieldai,Electrical Test & Rapid Prototype Engineer (R4000),"Dallas, Texas",Python,,https://jobs.lever.co/shieldai/94ff0a13-1092-4df5-9009-9d4dc8e4e16f,"{""Python"": 1}"
shieldai,"Embedded Engineering Spring 2026 Co-Op (Dallas, TX)","Dallas, Texas",,,https://jobs.lever.co/shieldai/f216e041-2f9e-40d0-b93d-68ec1ec5a396,
shieldai,Embedded Software Engineering Intern - 2026 Summer Intern,"Dallas, Texas","Python, C++",,https://jobs.lever.co/shieldai/84ed6c2d-a904-4459-9ddb-254561df2439,"{""Python"": 1, ""C++"": 1}"
shieldai,"Engineer I, GNC (R4003)","Dallas, Texas",,,https://jobs.lever.co/shieldai/cd2f9868-4cc6-4128-a26c-414f3a4f2551,
shieldai,"Engineer II, Full Stack Software - Autonomy Tooling & Visualization (R4125)","San Diego, California",,,https://jobs.lever.co/shieldai/78f39483-2390-4de0-9417-2f51c6e47985,
shieldai,"Engineer II/Senior Engineer, Systems Test  (R3255)","Washington, DC",,,https://jobs.lever.co/shieldai/5f5c9935-f2f7-42a8-a515-55bc2f806931,
shieldai,"Engineer, State Estimation (Dallas/San Diego/Boston/ DC/ San Fran)","Dallas, Texas",,,https://jobs.lever.co/shieldai/133ad6aa-d624-4fad-b1cc-1f8f42d0401f,
shieldai,"Engineer, State Estimation (Dallas/San Diego/Boston/ DC/ San Fran)","Dallas, Texas",,,https://jobs.lever.co/shieldai/78ce0ef3-2a6d-4b7f-a31e-3bf70c9da82a,
shieldai,"Engineer, State Estimation (Dallas/San Diego/Boston/ DC/ San Fran) (R3945)","Dallas, Texas",,,https://jobs.lever.co/shieldai/133e1006-4bcd-4a31-afaf-c85ad113b749,
shieldai,Executive Assistant,New Delhi,,,https://jobs.lever.co/shieldai/3c790f34-f7c5-45b5-8b49-b0ab94b48f6c,
shieldai,Facilities Coordinator (R3916),"San Francisco, California",,,https://jobs.lever.co/shieldai/cd4fa4f4-bf76-4d99-96bf-d7316e2ddc89,
shieldai,Facilities Technician (R3842),"Dallas, Texas",,,https://jobs.lever.co/shieldai/5cf6b4d2-842f-4859-a4d0-b79c7dfb2e23,
shieldai,Field Applications Engineer (R4163),Lviv,,,https://jobs.lever.co/shieldai/9850f6f3-03ad-4db6-b634-5c6c22d90aa8,
shieldai,Fleet Support Specialist (R3917),"Dallas, Texas",,,https://jobs.lever.co/shieldai/c5aebd46-f976-42ca-9d0a-e76684701a02,
shieldai,"Flight Test Engineer, VBAT Hivemind (R4009)","Dallas, Texas",,,https://jobs.lever.co/shieldai/763700d9-d3f2-4f7e-87cf-ccab1e53b4e4,
shieldai,"Flight Test Engineer, XBAT (R4004)",Wichita Metro Area,,,https://jobs.lever.co/shieldai/379b704a-82e6-4386-934a-5d99a9560792,
shieldai,Flight Test Engineering Intern - 2026 Summer Intern,"Dallas, Texas",Spring,,https://jobs.lever.co/shieldai/7daf3d20-9653-4909-8b4b-8da1c063cf13,"{""Spring"": 1}"
shieldai,Flight Test Engineering Manager,"Dallas, Texas",,,https://jobs.lever.co/shieldai/eecc7166-bc38-4808-a3ab-44bf0ec96302,
shieldai,FSR Supervisor (R4215),"Dallas, Texas",,,https://jobs.lever.co/shieldai/27c06754-7ef2-448c-974d-912e5c9602d2,
shieldai,Fuel Systems Engineer (R3300) (X-BAT),"Dallas, Texas",,,https://jobs.lever.co/shieldai/9a6944c7-f448-45bd-a272-09c94d2faa80,
shieldai,Ground Control Station (GCS) Software Engineer,"Dallas, Texas",,,https://jobs.lever.co/shieldai/cf148e69-2ca0-4bfd-a4cc-af214bfcce8a,
shieldai,Hardware Test Engineering Fall Co-op (Mechanical) (June 2026),"Dallas, Texas",,,https://jobs.lever.co/shieldai/b3e9f8bb-42dc-4daa-80ae-c5cefd9855c7,
shieldai,Hardware Test Engineering Fall Co-op (Software) (June 2026),"Dallas, Texas",,,https://jobs.lever.co/shieldai/1c1a805c-7e26-4442-9698-a55a57bcd4e0,
shieldai,Hardware Test Engineering Spring Co-op (Electrical) (January 2026),"Dallas, Texas",,,https://jobs.lever.co/shieldai/1e518847-3017-4098-9a77-f2e035509af3,
shieldai,Hivemind Integration & Operations Engineer (R4164),Lviv,,,https://jobs.lever.co/shieldai/2182e0f0-d20e-471a-b77e-d192d8c68f06,
shieldai,Hivemind Solutions Architect (R3836),"Washington, DC",,,https://jobs.lever.co/shieldai/0757ee68-f8c4-46bb-b737-45cf9b6ff9f7,
shieldai,Information Systems Security Officer (ISSO) (R3980),"Washington, DC",,,https://jobs.lever.co/shieldai/8ac58338-bb97-46e6-b3fc-c29e6fcc9ec0,
shieldai,"Inspector 3, Quality Engineering (R3967)","Dallas, Texas",,,https://jobs.lever.co/shieldai/7888b3f8-c4b2-48b5-b2d7-90dd6a929fa7,
shieldai,"Integration & Test Engineering Spring 2026 Co-Op (Dallas, TX)","Dallas, Texas",,,https://jobs.lever.co/shieldai/510e75c8-20c6-4eb3-8aba-6e2ffaedd9d3,
shieldai,"Lead Engineer, XBAT Software Integration & Test (R3696)","Dallas, Texas",,,https://jobs.lever.co/shieldai/489f01c3-1704-4316-add4-c375f6e929ed,
shieldai,"Lead Software Test Engineer, XBAT (R3696)","Dallas, Texas",,,https://jobs.lever.co/shieldai/96e29345-0983-46ed-bf6b-6b33ccf8420c,
shieldai,Lead Survivability Engineer (Dallas) (R4030),"Dallas, Texas",,,https://jobs.lever.co/shieldai/0ea1cea2-6bb5-40e9-a3ca-c9ab45498454,
shieldai,"Lead, Strategy & Operations (R3864)","Dallas, Texas",,,https://jobs.lever.co/shieldai/ca460f45-c2f4-4b58-bfd3-dd6a2cfdccf8,
shieldai,Logistics Manager,Kyiv,,,https://jobs.lever.co/shieldai/b0b5ef5b-68fa-4413-b79f-e67ec61ee493,
shieldai,"Manager, Autonomy Applications Engineering (R3722)","San Diego, California",,,https://jobs.lever.co/shieldai/0087e786-e9cc-4d77-a596-50180c0567bd,
shieldai,"Manager, Autonomy Applications Engineering (R3841)","Washington, DC",,,https://jobs.lever.co/shieldai/6fd834cd-5988-46b5-9418-d61038d2f715,
shieldai,"Manager, Autonomy Applications Engineering (R4154)","Dallas, Texas",,,https://jobs.lever.co/shieldai/72230e8f-9857-4127-905c-f614c4dd8190,
shieldai,"Manager, Electrical Engineering (R4191)","Dallas, Texas",,,https://jobs.lever.co/shieldai/f33a5494-3c49-4a20-a9d2-d8a587fedc6e,
shieldai,"Manager, Trade Compliance (R3757)","San Diego, California",,,https://jobs.lever.co/shieldai/2e064bbf-891a-40e9-b7e8-5536e7ebf15a,
shieldai,Marketing Video Editor Intern - 2026 Summer Intern (R4110),"San Diego, California",,,https://jobs.lever.co/shieldai/a5208a9f-4392-473c-b034-1670c3d0c565,
shieldai,Mission Systems Engineering Co-op (R4071),"San Diego, California",Spring,,https://jobs.lever.co/shieldai/0f9800ed-7967-485a-bd3d-6a6e42d8d581,"{""Spring"": 1}"
shieldai,Mission Systems Engineering Intern - 2026 Summer Intern (R4070),"San Diego, California",Spring,,https://jobs.lever.co/shieldai/00637eb9-c959-424a-8aea-ef6483655973,"{""Spring"": 1}"
shieldai,Multi‑Target Tracking & Sensor Fusion Engineer (R4172),"San Diego, California",C++,,https://jobs.lever.co/shieldai/535676fc-bcbd-4696-a586-25d293e11e72,"{""C++"": 1}"
shieldai,Object Tracking Algorithm Developer (C++) (R3740),United States,C++,,https://jobs.lever.co/shieldai/b9f1b4d1-c536-4a07-b9b5-bc9d719474dd,"{""C++"": 1}"
shieldai,Perception Software Engineer (C++) (R3554),United States,C++,,https://jobs.lever.co/shieldai/99d89eb7-4c3c-4cff-b870-ead4d15823d5,"{""C++"": 1}"
shieldai,Principal Autonomy Engineer,London,,,https://jobs.lever.co/shieldai/29845975-d3f0-448d-be13-003c76281fe6,
shieldai,"Principal Engineer, Full Stack Developer (R3960)","San Diego, California","Python, TypeScript, C++, Go, React",,https://jobs.lever.co/shieldai/55c5676a-8b67-4379-84a8-58f591e351a6,"{""Python"": 1, ""TypeScript"": 1, ""C++"": 1, ""Go"": 1, ""React"": 1}"
shieldai,"Principal Engineer, Software Process, Safety, and Airworthiness Lead (R4029)","Dallas, Texas","C++, Git","Bachelor, PhD",https://jobs.lever.co/shieldai/dbe3b3fa-e32c-43dc-8973-0deec3a7e904,"{""C++"": 1, ""Git"": 1}"
shieldai,"Principal Engineer, State Estimation (Dallas, TX) (R4035)","Dallas, Texas",,,https://jobs.lever.co/shieldai/d7ae4e79-ba9d-47c8-b9f8-5cba7392ba79,
shieldai,Principal Fuel Systems Engineer (R3300) (X-BAT),"Dallas, Texas",,,https://jobs.lever.co/shieldai/0036466f-7c47-42ac-9df4-3485ad0f75e2,
shieldai,Principal Mechanical Design Engineer - Mechanical Systems (R3866),"Dallas, Texas",,,https://jobs.lever.co/shieldai/778b8709-fbeb-45c2-9126-335950cacf7c,
shieldai,Principal Mission Systems Engineer (R3941),"Dallas, Texas",,,https://jobs.lever.co/shieldai/1a2aa3ca-7742-4da0-bc9a-a804a70c8e7a,
shieldai,Principal Operational Analysis Lead,"Washington, DC",,,https://jobs.lever.co/shieldai/b6eb0f75-d7a7-4a60-bf7f-d9b8bc82adb8,
shieldai,Principal Operations Analyst (R3745),"Washington, DC",,,https://jobs.lever.co/shieldai/fd81b4c2-6af6-4543-ae9d-e4fdad5b48b9,
shieldai,"Principal Systems Engineer, Cyber for Edge Systems (R3683)","San Diego, California",,,https://jobs.lever.co/shieldai/af556cd3-f83c-4e5b-aa85-675d5a6edf50,
shieldai,"Product Manager,  AI Platforms (R3865)","San Diego, California",,,https://jobs.lever.co/shieldai/7886f437-2d5e-4616-8dcb-3dc488f1f585,
shieldai,Production Planning Intern - 2026 Summer Intern (R4108),"Dallas, Texas",Spring,,https://jobs.lever.co/shieldai/40ebe675-ed25-45bc-91de-8f23f007690f,"{""Spring"": 1}"
shieldai,Production Technician (R3031),"Dallas, Texas",,,https://jobs.lever.co/shieldai/efe94990-c80b-45b6-949b-71dde71235d2,
shieldai,"Program Manager, VBAT Sustainment (R4048)","Dallas, Texas",,,https://jobs.lever.co/shieldai/91449190-bb1c-46cb-b308-dbec9c16ea81,
shieldai,Program Planning Engineering Intern - 2026 Summer Intern (R4106),"Dallas, Texas",Spring,,https://jobs.lever.co/shieldai/3c39e57b-f1ca-400e-8cb0-71c9e18a3d25,"{""Spring"": 1}"
shieldai,Propulsion Engineering Spring Co-op (January 2026) (X-BAT),"Dallas, Texas",,,https://jobs.lever.co/shieldai/2387e1c8-fc7a-4ee5-8e8f-80643435a114,
shieldai,Propulsion Technician (R3403),"Dallas, Texas",,,https://jobs.lever.co/shieldai/b05c41ba-827b-4a0d-84ea-d574938d5308,
shieldai,Quality Engineering Technician (R4213),"Dallas, Texas",,,https://jobs.lever.co/shieldai/07106459-8745-4a15-9dc3-f8a3eb81ab64,
shieldai,RF Engineering Spring Co-op (January 2026) (R4046),"Dallas, Texas",,,https://jobs.lever.co/shieldai/9d4e5281-5ec7-44a9-a206-78384a892ef0,
shieldai,Security Assurance Manager,"San Diego, California",,,https://jobs.lever.co/shieldai/e6d223df-cd9b-4128-883b-5dbf8ad5779e,
shieldai,"Senior Applications Engineer, Autonomy","San Diego, California",,,https://jobs.lever.co/shieldai/2394368a-67ff-441c-83c3-e998446327e7,
shieldai,Senior Business Development Manager,Melbourne,,,https://jobs.lever.co/shieldai/4813f5d4-945a-4cca-afcb-076f00bef795,
shieldai,"Senior Component Engineer, Electrical Engineering (R3966)","Dallas, Texas",,,https://jobs.lever.co/shieldai/d17358a0-2695-4f80-be41-673177bee2ce,
shieldai,Senior Cyber Analyst (R3665),"San Diego, California",,,https://jobs.lever.co/shieldai/5d7a6847-5634-48dc-9727-44fbcbd869f7,
shieldai,Senior DevOps Engineer (R4183),Melbourne,,,https://jobs.lever.co/shieldai/eb4fc5c9-92ce-427e-ab72-f52c073a5ed4,
shieldai,"Senior Director, Air Force Strategic Capture (R4047)","Washington, DC",,,https://jobs.lever.co/shieldai/43c92998-5c18-4ead-bc41-d9cf895a9a16,
shieldai,"Senior Director, Avionics Engineering (R3401)","Dallas, Texas",,,https://jobs.lever.co/shieldai/bdec47ec-c342-439d-9983-163f7292fb76,
shieldai,"Senior Engineer, Autonomy - Tactical Behaviors (R4128)","Washington, DC",,,https://jobs.lever.co/shieldai/1af75b70-43ff-457b-858b-2935e7c8983a,
shieldai,"Senior Engineer, Electrical Test and Rapid Prototype (R4000)","Dallas, Texas",,,https://jobs.lever.co/shieldai/93110a37-001d-4b71-9e00-bdfff8cabadd,
shieldai,"Senior Engineer, Electrical Test and Rapid Prototype (R4000) (BOS)","Boston, MA",,,https://jobs.lever.co/shieldai/c5d8857a-b06e-4e01-a50a-669f9642e8c5,
shieldai,"Senior Engineer, Embedded OS (SD/TX/Bos) (R3793)","Dallas, Texas",,,https://jobs.lever.co/shieldai/d5fdafe1-2e50-4543-98b1-38f3a3d26e12,
shieldai,"Senior Engineer, Fluid Systems (R3818) (V-BAT)","Dallas, Texas",,,https://jobs.lever.co/shieldai/81d75a1f-1d16-4568-a1db-ecb4a88e2e9f,
shieldai,"Senior Engineer, Foundry Applications (R3934)","Dallas, Texas",,,https://jobs.lever.co/shieldai/2734b0d5-9f9c-4eec-a8b2-e000eca79966,
shieldai,"Senior Engineer, Generative AI (R4173)","San Diego, California",,,https://jobs.lever.co/shieldai/fa58b44d-a586-4256-9545-150a60fdb8d0,
shieldai,"Senior Engineer, Mission Systems (R4014)","Dallas, Texas",,,https://jobs.lever.co/shieldai/4eee4290-8519-4b1b-8010-84373fcd1e5f,
shieldai,"Senior Engineer, OS Test (Dallas, TX) (R4024)","Dallas, Texas","Python, CI/CD",,https://jobs.lever.co/shieldai/71c0713a-b043-4227-8618-31221882be71,"{""Python"": 1, ""CI/CD"": 1}"
shieldai,"Senior Engineer, Simulation (R3994)","Dallas, Texas",,,https://jobs.lever.co/shieldai/6ed07d19-280e-48f6-8239-86705225ee88,
shieldai,"Senior Engineer, Simulation Application (R3989) (TX/SD/Bos)","Dallas, Texas","Python, Java, TypeScript, C++, Linux",Bachelor,https://jobs.lever.co/shieldai/fa5affc5-0443-4f04-9c0d-84230eb78415,"{""Python"": 1, ""Java"": 1, ""TypeScript"": 1, ""C++"": 1, ""Linux"": 1}"
shieldai,"Senior Engineer, Software - Autonomous Aircraft Integration (R3949)","Washington, DC",,,https://jobs.lever.co/shieldai/3daaf9c5-164e-4a8e-abc9-b475a38522c3,
shieldai,"Senior Engineer, Software - Perception (R4130)","San Diego, California",,,https://jobs.lever.co/shieldai/d6f1d906-5c1e-4640-87f3-3e31e1b45fa6,
shieldai,"Senior Engineer, Software Autonomy Applications",Amsterdam,,,https://jobs.lever.co/shieldai/c885261d-0c85-48c3-8059-8be12eb4cb19,
shieldai,"Senior Engineer, State Estimation (R3945)","Dallas, Texas",,,https://jobs.lever.co/shieldai/0c6acdd5-a39b-4ad3-84fa-b1a1f83409d3,
shieldai,Senior Flight Test Engineer (R4221),"Washington, DC",,,https://jobs.lever.co/shieldai/562910e7-095a-47b3-b38c-a91d4f7a86fd,
shieldai,Senior Manager - Mechanical Engineering,"San Diego, California",,,https://jobs.lever.co/shieldai/c1514f78-0291-40fe-8cfd-eb7b99e6ebb8,
shieldai,"Senior Manager of Engineering, DevEx (R3569)","San Diego, California",,,https://jobs.lever.co/shieldai/e3dcf3b6-8e79-42a5-bfa5-1eb3f0b4b6c9,
shieldai,"Senior Manager, Autonomy - Tactical Behaviors (R3778)","Washington, DC",,,https://jobs.lever.co/shieldai/b6ba7e12-0225-4883-a5b1-0aa4c7eaa183,
shieldai,"Senior Manager, Autonomy Applications Engineering (R3841)","Washington, DC",,,https://jobs.lever.co/shieldai/7952271c-8578-42d8-a587-4707c3eb9d0d,
shieldai,"Senior Manager, Autonomy Integration (SD/DC) (R3432)","Washington, DC",,,https://jobs.lever.co/shieldai/5f3cd249-0401-4a28-b830-55ed0a2a3222,
shieldai,"Senior Manager, Perception (R3634)","San Diego, California",,,https://jobs.lever.co/shieldai/501e3703-1a63-4773-b961-6029e5fb71d6,
shieldai,"Senior Manager, Software - Autonomous Aircraft Integration (R3774)","Washington, DC",,,https://jobs.lever.co/shieldai/53d404c6-d2cd-4b97-934f-7b17b2a76768,
shieldai,"Senior Manager, Software - Perception (R3770)","Washington, DC",,,https://jobs.lever.co/shieldai/cebc0dd3-ffbf-4013-a2ad-ae32732cabd3,
shieldai,Senior Mechanical Design Engineer- Ground Support Equipment (R3301),"Dallas, Texas",,,https://jobs.lever.co/shieldai/85c4bb15-056f-469b-960e-d7b6251c942e,
shieldai,Senior Network Engineer (R4051),"San Diego, California",,,https://jobs.lever.co/shieldai/af565be2-f725-407a-84b1-0de9fa593ce7,
shieldai,"Senior Proposal Manager, International (R3843)","Washington, DC",,,https://jobs.lever.co/shieldai/5626730d-2f16-4f36-b560-8bdd1605a83b,
shieldai,Senior Propulsion Design Engineer (R3300) (X-BAT),"Dallas, Texas",,,https://jobs.lever.co/shieldai/479dcceb-721c-454f-af42-6de0bc75811a,
shieldai,Senior Propulsion Engineering Technician (R4012) (V-BAT),"Dallas, Texas",,,https://jobs.lever.co/shieldai/b7cc7551-9e14-45bf-b38c-75f1cae60541,
shieldai,"Senior Software Engineer, Autonomy Applications Engineering",New Delhi,,,https://jobs.lever.co/shieldai/c223a9c5-e3b3-4da1-b523-1b1045bdf296,
shieldai,"Senior Software Engineer, Hardware Test (R3998)","Dallas, Texas",,,https://jobs.lever.co/shieldai/a6b11a01-e749-4b1a-90a4-828524ceb7a0,
shieldai,"Senior Software Engineer, Simulation (R3938)","Dallas, Texas",,,https://jobs.lever.co/shieldai/a9a81ba0-d97c-465f-bee8-40eb7a307c34,
shieldai,"Senior Software Engineering Manager, Ground Systems (R2624)","Washington, DC",C++,,https://jobs.lever.co/shieldai/7c6dc655-9d05-4668-9881-c2c2152bc3bd,"{""C++"": 1}"
shieldai,"Senior Staff Applications Engineer, Autonomy","Washington, DC",REST,,https://jobs.lever.co/shieldai/883aac91-bcc3-4b98-9d8e-52b4237f5260,"{""REST"": 1}"
shieldai,"Senior Staff Engineer, Autonomy - Tactical Behaviors (R4073)","Washington, DC",,,https://jobs.lever.co/shieldai/d345caad-82d3-4d53-ba5f-c93882547f09,
shieldai,"Senior Staff Engineer, Mission Systems (R3929)","Washington, DC",,,https://jobs.lever.co/shieldai/a9e683af-6f4c-4200-918d-bf09f4e6d7ed,
shieldai,"Senior Staff Engineer, Software - Autonomous Aircraft Integration (R3949)","Washington, DC",,,https://jobs.lever.co/shieldai/25011392-094f-482c-b007-f307fb8c4f9f,
shieldai,"Senior Staff Engineer, Software - Perception (R3771)","San Diego, California",,,https://jobs.lever.co/shieldai/5cf8609e-ce9a-47e9-8956-00dae756e406,
shieldai,"Senior Staff Engineer, Software Autonomy Applications (R3906)",Amsterdam,,,https://jobs.lever.co/shieldai/c83937ad-af8a-4077-ae41-98b9a2f9241a,
shieldai,"Senior Staff Engineer, Systems Test (R3896)","Washington, DC",,,https://jobs.lever.co/shieldai/617ba406-1664-4fc3-8735-8ea51168724f,
shieldai,Senior Staff Mechanical Design Engineer- Ground Support Equipment (R3301),"Dallas, Texas",,,https://jobs.lever.co/shieldai/af97c5c0-8669-4ece-bad6-1c470e0b69c7,
shieldai,Senior Staff Mechanical Engineer - Harness Design (R3935),"Dallas, Texas",,,https://jobs.lever.co/shieldai/ecd9fe7d-f6f6-4c8f-a05a-75ba2e3017e7,
shieldai,Senior Staff Propulsion Design Engineer (R3300) (X-BAT),"Dallas, Texas",,,https://jobs.lever.co/shieldai/6d970989-a9cf-449b-9b95-067bcaccc7d5,
shieldai,Senior Staff Propulsion Engineer (TVC) (X-BAT),"Dallas, Texas",,,https://jobs.lever.co/shieldai/fd347d9c-3dc1-401e-aec2-43b5b38bc260,
shieldai,Senior Staff Systems Engineer (R3928),"Washington, DC",,,https://jobs.lever.co/shieldai/0a7f0460-5035-4959-9713-80471fcae3c1,
shieldai,Senior Staff Technical Program Manager (R3880),"Washington, DC",,,https://jobs.lever.co/shieldai/8a05f39f-0106-41ec-afa0-8a793f0e4e9c,
shieldai,Senior Staff Thermal Engineer - Aircraft Avionics & Thermal Systems (R3930),"Dallas, Texas",,,https://jobs.lever.co/shieldai/eef811a9-5e6d-44af-9ee2-f4259de7aeee,
shieldai,Senior Technical Program Manager (R3761),"Washington, DC",,,https://jobs.lever.co/shieldai/b0ff9c2a-48f2-4e77-bbcb-f59bcaa9a7e1,
shieldai,Senior Technical Writer (R3810),"Dallas, Texas",,,https://jobs.lever.co/shieldai/880305bc-3c32-4771-a144-92320b19a2fe,
shieldai,Senior Video Editor (R3918),"Dallas, Texas",,,https://jobs.lever.co/shieldai/5efb7799-9fef-4932-b82f-9dc730e7f7cc,
shieldai,Senior Web Developer (R3648),"San Diego, California",Go,,https://jobs.lever.co/shieldai/76aa33f6-7e1e-4904-80fb-065cded29919,"{""Go"": 1}"
shieldai,Senior Weld Technician (R4214),"Dallas, Texas",,,https://jobs.lever.co/shieldai/89b3b312-f36f-4d2e-9e30-d5067ed0f103,
shieldai,Senior–Staff Product Designer (R3822),"Dallas, Texas",,,https://jobs.lever.co/shieldai/aef4345b-2319-45b8-8a41-65c8339f64b5,
shieldai,Software Architect (R3002),"San Diego, California",,,https://jobs.lever.co/shieldai/e4f67210-fd40-4f39-9578-c9576608e01a,
shieldai,Software Engineer (C++/Networking) (R3792),"San Diego, California",,,https://jobs.lever.co/shieldai/0e47dd9c-7f4f-4e3d-a502-ec2aad3b5ce0,
shieldai,"Software Engineer I, Hardware Test (R3999)","Dallas, Texas",,,https://jobs.lever.co/shieldai/8ed6bd48-2bf0-44a2-812d-7d8a2ab6b9f0,
shieldai,Software Engineer- San Diego (R3455),"San Diego, California",,,https://jobs.lever.co/shieldai/7755073b-fd32-465c-afe1-b6013a7904ac,
shieldai,Software Engineering Intern - 2026 Summer Intern,"Dallas, Texas",,,https://jobs.lever.co/shieldai/da49232a-dc28-4085-a9b9-9059e643bc7f,
shieldai,"Software Test Engineer, XBAT Software Integration & Test (R3696)","Dallas, Texas",,,https://jobs.lever.co/shieldai/d0635c93-bb07-4585-80d3-c53aaa2fdf6d,
shieldai,Solutions Engineer,New Delhi,,,https://jobs.lever.co/shieldai/7072e6a7-b9fb-4c00-b8ed-e568fb009bea,
shieldai,Sr. Sourcing Specialist - Indirect (R4022),"Dallas, Texas",,,https://jobs.lever.co/shieldai/515658a7-d371-48ac-aea4-0c09d6ade3a6,
shieldai,"Staff Applications Engineer, Autonomy","San Diego, California",,,https://jobs.lever.co/shieldai/277d8a41-6b43-4135-bbd1-86cd95189720,
shieldai,Staff Composites Manufacturing Engineer,"Dallas, Texas",,,https://jobs.lever.co/shieldai/5f562503-1655-4a53-91fc-b6ea72d1841b,
shieldai,Staff Contracts Administrator (R3799),"Washington, DC",,,https://jobs.lever.co/shieldai/e49c179d-24e2-4767-a744-a469aff56399,
shieldai,Staff Electrical Engineer - Power (R3932),"Dallas, Texas",,,https://jobs.lever.co/shieldai/f65710e5-b21e-47db-8990-933634e36d87,
shieldai,Staff Electrical Engineer (R4027),"Dallas, Texas",,,https://jobs.lever.co/shieldai/287b6bce-52fc-4a64-9fe9-f25445baf6eb,
shieldai,Staff Electromechanical Engineer (R3935),"San Diego, California",,,https://jobs.lever.co/shieldai/f0454a20-9170-4d34-8bae-2eb52bdb2ed9,
shieldai,"Staff Engineer, Aircraft Configuration Design (R4028)","Washington, DC",,,https://jobs.lever.co/shieldai/0d9b57b1-24ab-4ad7-9c6a-453e6a2960e2,
shieldai,"Staff Engineer, Autonomy - Tactical Behaviors (R3914)","Washington, DC",,,https://jobs.lever.co/shieldai/9c66691e-4497-4a25-8fe8-c9fdf09046ea,
shieldai,"Staff Engineer, Autonomy Integration (R4052)",London,,,https://jobs.lever.co/shieldai/09f63abb-aa1a-43f9-9f48-08fab59a160a,
shieldai,"Staff Engineer, C++ Systems Integration (R4018)","Washington, DC",C++,,https://jobs.lever.co/shieldai/76691555-47d7-4801-800a-b3386a8bb8de,"{""C++"": 1}"
shieldai,"Staff Engineer, DevOps (R3939)","Dallas, Texas","Python, Azure, Docker, Kubernetes, Terraform, Ansible, CI/CD, GitHub Actions, Jenkins, Prometheus, Grafana, Bash, Git","Bachelor, Master, PhD",https://jobs.lever.co/shieldai/4219a1a9-0704-4ad4-a6ac-5c2b8731c51b,"{""Python"": 1, ""Azure"": 1, ""Docker"": 1, ""Kubernetes"": 1, ""Terraform"": 1, ""Ansible"": 1, ""CI/CD"": 1, ""GitHub Actions"": 1, ""Jenkins"": 1, ""Prometheus"": 1, ""Grafana"": 1, ""Bash"": 1, ""Git"": 1}"
shieldai,"Staff Engineer, FPGA (R3991)","Dallas, Texas",,,https://jobs.lever.co/shieldai/c4a77134-fda7-496b-bf5f-03b55fb2a25c,
shieldai,"Staff Engineer, FPGA (R3992)","Boston, MA",,,https://jobs.lever.co/shieldai/f5f9a447-5ab3-4212-9d78-d6ca8543b9b9,
shieldai,"Staff Engineer, Full-Stack - Foundry Applications (R3839)","Dallas, Texas",,,https://jobs.lever.co/shieldai/3acb8749-42fb-418a-8de8-76a759c44a0e,
shieldai,"Staff Engineer, Presales (R3500)","San Diego, California",,,https://jobs.lever.co/shieldai/9feb13b0-4445-4bd6-a1df-b69eb99a71f5,
shieldai,"Staff Engineer, Reinforcement Learning (R3639)","San Diego, California",,,https://jobs.lever.co/shieldai/e5c95f48-8178-4322-87f7-067e7f75258d,
shieldai,"Staff Engineer, Simulation Modeling (R3987)","Dallas, Texas","Python, C++",Bachelor,https://jobs.lever.co/shieldai/d361395c-7fda-49e4-baee-4ad732f62412,"{""Python"": 1, ""C++"": 1}"
shieldai,"Staff Engineer, Software - Autonomous Aircraft Integration (R3949)","Washington, DC",,,https://jobs.lever.co/shieldai/6265ee65-8136-41b5-9279-97f9a4b1d2f6,
shieldai,"Staff Engineer, Software - Perception (R3771)","San Diego, California",,,https://jobs.lever.co/shieldai/8739c509-b6ea-4640-bcc1-c8b5b1de31b2,
shieldai,"Staff Engineer, Software Autonomy Applications",Amsterdam,,,https://jobs.lever.co/shieldai/8690bc50-83d1-40bd-bd7f-0bc0b7814e98,
shieldai,"Staff Engineer, Software Autonomy Applications (R3981)","San Diego, California",,,https://jobs.lever.co/shieldai/e534eaeb-4a8f-4ff9-9bae-3759d34b7b65,
shieldai,"Staff Engineer, Software Integration","San Diego, California",,,https://jobs.lever.co/shieldai/bc7849f9-e740-4f50-a2eb-37eb98d7adfd,
shieldai,"Staff Engineer, Software Test (R3936)","Dallas, Texas",,,https://jobs.lever.co/shieldai/cee31cc9-daae-40d5-824e-6e53a0a34ffd,
shieldai,"Staff Engineer, State Estimation (Dallas/San Diego/Boston/ DC/ San Fran)","Dallas, Texas",,,https://jobs.lever.co/shieldai/f8849287-b9ff-4c3e-a37f-be20e39c597b,
shieldai,"Staff Engineer, Systems Test (R4151)","Dallas, Texas",,,https://jobs.lever.co/shieldai/5e260804-4437-4952-9f39-51d091071c1c,
shieldai,"Staff Engineer, XBAT Simulation (R3990) (TX/Bos)","Dallas, Texas","Python, C++, Kubernetes, CI/CD","Bachelor, Master",https://jobs.lever.co/shieldai/7a5377da-0d83-434a-a3c9-8b3ff99b97f7,"{""Python"": 1, ""C++"": 1, ""Kubernetes"": 1, ""CI/CD"": 1}"
shieldai,Staff GRC Analyst (R3666),"San Diego, California",,,https://jobs.lever.co/shieldai/fbfbaac3-952e-4767-ba6b-cccfcafbcf7d,
shieldai,Staff Hardware Recruiter (R3970),United States,,,https://jobs.lever.co/shieldai/7c7d3747-33a2-4ec7-8f44-a1907643af79,
shieldai,Staff Information Systems Administrator (R3968),"Washington, DC",,,https://jobs.lever.co/shieldai/0d6479d6-c8b2-4ae0-9d80-df51302777c3,
shieldai,Staff Loads Engineer (R3263),"Dallas, Texas",,,https://jobs.lever.co/shieldai/18347d18-9816-4085-b0da-5f2ff84687c1,
shieldai,Staff Manufacturing Engineer,"Dallas, Texas",,,https://jobs.lever.co/shieldai/60960e9b-f39e-48bf-b2ea-f61a58db8a5d,
shieldai,"Staff Mechanical Design Engineer, Mechanical Systems","Dallas, Texas",,,https://jobs.lever.co/shieldai/b447992c-a7b7-4722-a5d0-143a1191484c,
shieldai,Staff Mechanical Engineer - Launch & Recovery Systems,"Dallas, Texas",,,https://jobs.lever.co/shieldai/76ef914d-cb16-4c16-a72d-5fbc70fd879b,
shieldai,Staff Network Security Engineer (R4180),"San Diego, California","AWS, Azure",,https://jobs.lever.co/shieldai/dff5ec7a-64e1-4629-a606-64636520f3d2,"{""AWS"": 1, ""Azure"": 1}"
shieldai,Staff Operations Analyst (R3745),"Washington, DC",,,https://jobs.lever.co/shieldai/26a61160-df5b-4429-af06-96a51fadbd13,
shieldai,"Staff Presales Engineer, Hivemind",New Delhi,,,https://jobs.lever.co/shieldai/34f4c7f8-36ad-4369-9668-d38a72676c80,
shieldai,Staff Product Designer (R3750),"San Diego, California",,,https://jobs.lever.co/shieldai/ca35dea3-e392-4c8f-bdeb-e3caa623edf1,
shieldai,Staff Proposal Specialist (R3847),"Washington, DC",,,https://jobs.lever.co/shieldai/20c76d38-8987-4f97-923d-dc6f08a898e2,
shieldai,"Staff Prototype Technician, Structural (R3712)","Dallas, Texas",,,https://jobs.lever.co/shieldai/69ad7659-1ba4-4aba-a416-ff83a1755a7c,
shieldai,"Staff Software Engineer, Autonomy Applications Engineering",New Delhi,,,https://jobs.lever.co/shieldai/20ba2fbb-f9b3-4408-ac5c-7809a8446ea3,
shieldai,"Staff Software Engineer, Simulation (R3249)","Dallas, Texas",,,https://jobs.lever.co/shieldai/d8d297a4-d205-48c8-9350-8cce19c6d359,
shieldai,Staff Structural Analyst (R3263),"Dallas, Texas",,,https://jobs.lever.co/shieldai/ee7f7c27-9e53-4e20-a7fc-3a37ad35d47d,
shieldai,"Staff Systems Administrator, Atlassian (R4136)","San Diego, California",,,https://jobs.lever.co/shieldai/9b9e0e81-a90c-4c4a-8df0-b203d868b3d1,
shieldai,"Staff Systems Engineer, Cyber for Edge Systems (R3683)","San Diego, California",,,https://jobs.lever.co/shieldai/99174cca-85d2-48e4-b80a-f3836f09b829,
shieldai,Staff Technical Sourcer,United States,Go,,https://jobs.lever.co/shieldai/0c4322a7-35d7-449c-91f4-f8feb13eed82,"{""Go"": 1}"
shieldai,"Staff Technician, Flight Operations & Pilot Duties (R4117)","San Diego, California",,,https://jobs.lever.co/shieldai/366500a1-f46b-4dc8-b962-78ccca5a5686,
shieldai,State Estimation Engineer (C++/Sensor Fusion/PNT) (R3881),United States,,,https://jobs.lever.co/shieldai/eb3f1d96-fcdb-4e66-8b47-d1e14f68b337,
shieldai,"State Estimation Engineering Spring 2026 Co-Op (Dallas, TX)","Dallas, Texas",,,https://jobs.lever.co/shieldai/5e41608a-d3d6-47fb-98f1-1ff1b30132d9,
shieldai,Strategy and Operations Manager (R3287),"San Diego, California",,,https://jobs.lever.co/shieldai/91955e46-4e1c-472d-bf99-d1419a262c87,
shieldai,Structural Test Technician (R3712),"Dallas, Texas",,,https://jobs.lever.co/shieldai/db8911dc-c4aa-4f0e-9025-48ed69c7f989,
shieldai,Supplier Development Engineer,"Dallas, Texas",,,https://jobs.lever.co/shieldai/cf0f2076-a481-4b1a-8a37-39979abb98e6,
shieldai,"Talent Acquisition Partner, Australia and APAC (3-6 months contract to perm)",Melbourne,,,https://jobs.lever.co/shieldai/05347361-77c5-4e70-8664-f7fa18e2471a,
shieldai,Technical Program Director (R3982),London,,,https://jobs.lever.co/shieldai/194442b9-f75d-4a76-adc9-dc6cf4a8ef6a,
shieldai,Technical Program Manager,"Dallas, Texas",Swift,,https://jobs.lever.co/shieldai/bba10d5c-2347-4913-9855-2085be9f4eb5,"{""Swift"": 1}"
shieldai,"Technician II, Maintenance - Deployed Ops (R3766)","Dallas, Texas",,,https://jobs.lever.co/shieldai/91791ad1-9f7c-44dd-ac70-f5f8f81f5fb6,
shieldai,"Technician II, Maintenance (R4242)","Dallas, Texas",,,https://jobs.lever.co/shieldai/55310b63-0068-4f4c-ad9b-86f77740f7ea,
shieldai,"Testing & Automation Engineering Spring 2026 Co-Op (Dallas, TX)","Dallas, Texas",,,https://jobs.lever.co/shieldai/f6b917ee-3f9f-4ff5-89bb-b4a9580cccae,
shieldai,V-BAT Air Vehicle Operator,Dallas Metro Area,REST,,https://jobs.lever.co/shieldai/3286ffe2-a1e7-4393-9df6-2703d8b55967,"{""REST"": 1}"
shieldai,Visual Design Intern - 2026 Summer Intern (4111),"Washington, DC",,,https://jobs.lever.co/shieldai/872e86e8-f5b7-4dd5-948a-df606a253334,
skillshare,Director of Product & Product Design,Brazil (Remote),Spark,,https://jobs.lever.co/skillshare/69e4f646-ac8e-45af-9b9f-fccb3f8c56eb,"{""Spark"": 1}"
skillshare,Marketing Engineer,Brazil (Remote),"PHP, React, Next.js, GraphQL",,https://jobs.lever.co/skillshare/d46df45f-41a8-43fc-af4f-ff5056e4c13a,"{""PHP"": 1, ""React"": 1, ""Next.js"": 1, ""GraphQL"": 1}"
brilliant,Android Engineer,"NYC, SF, Remote","Go, Kotlin, Android",,https://jobs.lever.co/brilliant/46bc9319-5f5f-4ead-a6f8-dba50abb8fe4,"{""Go"": 1, ""Kotlin"": 1, ""Android"": 1}"
brilliant,CS Producer,"NYC, SF, Remote","Python, Go",,https://jobs.lever.co/brilliant/ba676c91-8923-43b3-9a1e-91c2c9dbee51,"{""Python"": 1, ""Go"": 1}"
brilliant,Frontend Engineering Intern,New York City,Go,,https://jobs.lever.co/brilliant/d656fa4c-ec13-477f-96ea-3b22c4300dd9,"{""Go"": 1}"
brilliant,Future Engineer,"NYC, SF, Remote",Go,,https://jobs.lever.co/brilliant/641b4544-757b-4701-866c-d8c2b262d42e,"{""Go"": 1}"
brilliant,Math Producer,"NYC, SF, Remote",Go,,https://jobs.lever.co/brilliant/b0b97281-179b-4b47-b5d6-a0cfaad3f425,"{""Go"": 1}"
brilliant,Product Design Intern,"NYC, SF",Go,,https://jobs.lever.co/brilliant/6e99a217-db14-4e8c-96e9-283fc39da2f4,"{""Go"": 1}"
brilliant,Product Designer (Learning Interactives),"NYC, SF, Remote",Go,,https://jobs.lever.co/brilliant/9f63e8ed-2f9d-4e28-8a68-6262a0f8f68d,"{""Go"": 1}"
shippo,Associate Partner Manager,United States,,,https://jobs.lever.co/shippo/a452c19a-f876-4e0b-896a-2f40c453f1b6,
shippo,Lifecycle Marketing Manager,United States,,,https://jobs.lever.co/shippo/1701c550-75c5-483c-8878-c9a64dde20c4,
shippo,Senior Financial Analyst,United States,Go,,https://jobs.lever.co/shippo/f09f371a-4617-4865-9c75-c7ed23bab703,"{""Go"": 1}"
shippo,"Senior Product Manager, Order Fulfillment Experience (QuickPack)",United States,,,https://jobs.lever.co/shippo/229382e9-f0ac-4362-a0f5-f2042f114318,
shippo,"Staff Technical Program Manager, Carrier Integrations",United States,,,https://jobs.lever.co/shippo/ce4cc530-09dd-4e54-b196-503b1ee75124,
gopuff,AI Engineer II,United States,,,https://jobs.lever.co/gopuff/080d5056-640a-4222-8f76-3ecd17c9cc7a,
gopuff,AI Engineer III,United States,,,https://jobs.lever.co/gopuff/0fc5e8a4-cf2f-43c6-a2f5-20460d0df1be,
gopuff,"Assistant Store Manager, Bashford Manor","Louisville, KY",,,https://jobs.lever.co/gopuff/e402b1cc-b02a-495c-ab61-402583ce9776,
gopuff,"Assistant Store Manager, Bowling Green","Bowling Green, KY",,,https://jobs.lever.co/gopuff/27345bf9-ce7d-40f0-aae1-433ad9f97f51,
gopuff,"Assistant Store Manager, New York, #1367","New York, NY",,,https://jobs.lever.co/gopuff/0cafa3ab-a904-4a52-996e-42212ffad539,
gopuff,"Associate, Office of the CEO","Miami, FL",,,https://jobs.lever.co/gopuff/5f6e11e1-5f7f-4534-a68d-e8315c4e798e,
gopuff,"Beer Store Associate, South Side Slopes, #294","Pittsburgh, PA",,,https://jobs.lever.co/gopuff/ade892af-862c-4b58-91a7-c04464c766cd,
gopuff,"Beer Store Associate, State College, #230","State College, PA",,,https://jobs.lever.co/gopuff/b059ac57-d661-475a-822b-4f64c7c48fc9,
gopuff,"Beer Store Associate, Woodlyn, #625","Woodlyn, PA",,,https://jobs.lever.co/gopuff/21a12068-9e94-40d7-8d77-da91c9d4bf5a,
gopuff,"Beer Store Manager, Philadelphia, #367","Philadelphia, PA",,,https://jobs.lever.co/gopuff/3466eddc-c508-4cb1-a67a-636080618f8b,
gopuff,Customer Service & Live Operations Agent (Weekends & Nights),Portugal,,,https://jobs.lever.co/gopuff/162fd4f3-1d95-496b-abb5-503f32f5a964,
gopuff,Department Lead - Fern Valley,"Louisville, KY",,,https://jobs.lever.co/gopuff/5d5498f7-83b2-4de7-9ebf-cae446bd7583,
gopuff,Department Manager - Beaumont,"Lexington, KY",,,https://jobs.lever.co/gopuff/7eab5121-ba4f-4e81-b9e8-4d40c9773a19,
gopuff,Department Manager - Middletown Commons,"Louisville, KY",,,https://jobs.lever.co/gopuff/8135dfea-9e81-4901-9651-dd17e8349bef,
gopuff,"Distribution Center Lead, Cherry Hill","Cherry Hill, NJ",,,https://jobs.lever.co/gopuff/66a01a01-34a5-48d2-a195-ff22830519ab,
gopuff,"Distribution Center Lead, Richmond","Richmond, CA",,,https://jobs.lever.co/gopuff/ddd277f9-e01f-4ea9-818a-7c44ed70455b,
gopuff,Distribution Ops Support Associate,"Cherry Hill, NJ",,,https://jobs.lever.co/gopuff/fae95148-cac2-40bf-b2f4-2056bc7da99a,
gopuff,Founder's Associate,"Miami, FL",Go,,https://jobs.lever.co/gopuff/5cb29894-47e1-4d52-a796-7978043ee73f,"{""Go"": 1}"
gopuff,IT Operations Analyst,"London, England",,,https://jobs.lever.co/gopuff/5ea71597-0faa-4a60-a3a5-c1cb54c790fc,
gopuff,Junior Operations Supervisor,"Bethnal Green, London, England",,,https://jobs.lever.co/gopuff/04348782-6aad-45ca-aa65-a0e225e55bf2,
gopuff,Junior Operations Supervisor,"Holloway, London, England",,,https://jobs.lever.co/gopuff/6066398f-d085-48d4-9a6f-37811ead52ce,
gopuff,Junior Operations Supervisor,"Greenwich, London, England",,,https://jobs.lever.co/gopuff/62dd0515-fdbb-411d-aac0-44f12fef332d,
gopuff,Junior Operations Supervisor,East London,,,https://jobs.lever.co/gopuff/936052fd-b8b0-4057-8a5f-d7066326faf6,
gopuff,Junior Operations Supervisor,"Manchester Central, England",,,https://jobs.lever.co/gopuff/96e73c5e-8448-47b9-b27a-a4ae02bf2923,
gopuff,Junior Operations Supervisor,"Cambridge, England",,,https://jobs.lever.co/gopuff/9cae7a2a-a5f9-4571-8e10-8b17eeb4cfc5,
gopuff,Junior Operations Supervisor,"Tottenham, London, England",,,https://jobs.lever.co/gopuff/c9067d91-fc84-450e-9f3a-91348efd425e,
gopuff,Junior Operations Supervisor,"Wembley, London, England",,,https://jobs.lever.co/gopuff/d7ba101d-1022-46c7-801a-d7e1c870747e,
gopuff,Junior Operations Supervisor,"Kentish Town, London",,,https://jobs.lever.co/gopuff/dd063e59-9d35-42dc-b99d-00bc2e6a29a5,
gopuff,Junior Operations Supervisor,"Bristol, England",,,https://jobs.lever.co/gopuff/eba7476a-542d-4523-aea9-ebb41ac9dda2,
gopuff,Junior Operations Supervisor,"Salford, England",,,https://jobs.lever.co/gopuff/faa5ac09-4912-490e-a09f-d95aaca1c650,
gopuff,Junior Operations Supervisor,"Croydon, London, England",,,https://jobs.lever.co/gopuff/fdce03c2-9da3-45ea-a993-392f43196659,
gopuff,Junior Operations Supervisor - Night Shift,East London,,,https://jobs.lever.co/gopuff/fc862ee7-e699-482f-9039-5f876b61337d,
gopuff,Key Holder - Bashford Manor,"Louisville, KY",,,https://jobs.lever.co/gopuff/4545dd99-83d3-49fa-9611-1b74fe2df370,
gopuff,Key Holder - Beaumont,"Lexington, KY",,,https://jobs.lever.co/gopuff/4177e0ae-7718-4fad-adfd-ced2a147659d,
gopuff,Key Holder - Brownsboro Road,"Louisville, KY",,,https://jobs.lever.co/gopuff/c7bb8530-b15b-4442-9ba3-c86c801e5260,
gopuff,Key Holder - Chevy Chase,"Lexington, KY",,,https://jobs.lever.co/gopuff/54fb807d-84d7-4c8f-a8d5-88f82909ef4c,
gopuff,Key Holder - Market Street,"Louisville, KY",,,https://jobs.lever.co/gopuff/6b46a08b-cc40-4b47-a2c5-2861a37a5a01,
gopuff,Key Holder - North Broadway,"Louisville, KY",,,https://jobs.lever.co/gopuff/f5f0e2e5-4f84-4311-a9d8-5f6685ae3f51,
gopuff,Key Holder - Russell Street,"Covington, KY",,,https://jobs.lever.co/gopuff/11bd053a-a6d1-47d7-a812-9206a7e4f4e2,
gopuff,Key Holder - Versailles Road,"Lexington, KY",,,https://jobs.lever.co/gopuff/2e94f744-2a8a-40a1-8ae9-f815bc870a19,
gopuff,Key Holder - West Parish,"Owensboro, KY",,,https://jobs.lever.co/gopuff/01e753ef-0dbc-4760-9948-ccda9b6d2c81,
gopuff,"Liquor Store Associate, Boca Raton, #1307","Boca Raton, FL",,,https://jobs.lever.co/gopuff/a25de26e-622e-4910-8144-506f9e436b85,
gopuff,"Liquor Store Associate, Boston, #1178","Boston, MA",,,https://jobs.lever.co/gopuff/ce783a5a-5f34-4c2c-bf15-f111e6615246,
gopuff,"Liquor Store Associate, Fort Lauderdale, #1165","Fort Lauderdale, FL",,,https://jobs.lever.co/gopuff/9d5e7166-d111-492a-bcb3-48ebccd8d527,
gopuff,"Liquor Store Associate, Gainesville, #1404","Gainesville, FL",,,https://jobs.lever.co/gopuff/3ce83705-a595-4d6d-bb68-2078fa2c3ef8,
gopuff,"Liquor Store Associate, Miami-Dade, #392","Miami, FL",,,https://jobs.lever.co/gopuff/a93d69e0-fb4f-4ca1-93c1-6196b773b658,
gopuff,"Liquor Store Associate, Miami, #1072","Miami Beach, FL",,,https://jobs.lever.co/gopuff/b3695bd3-58e9-45b9-b02f-05996725c8b7,
gopuff,"Liquor Store Associate, Miami, #701","Miami, FL",,,https://jobs.lever.co/gopuff/0d2cefd1-83e5-4bff-a76b-d0d8cc85b2c9,
gopuff,"Liquor Store Associate, New York, #1367","New York, NY",,,https://jobs.lever.co/gopuff/028eff86-6a6b-424e-b41c-12a0276c2989,
gopuff,"Liquor Store Associate, Orlando, #583","Orlando, FL",,,https://jobs.lever.co/gopuff/b5ce02bc-45f7-4e7d-87fa-d42f9de7067c,
gopuff,"Liquor Store Associate, Palm Harbor, #1169","Palm Harbor, FL",,,https://jobs.lever.co/gopuff/e3ff6ee1-f857-40aa-80df-3ec49b1c9e15,
gopuff,"Liquor Store Associate, Whisper Walk, #1070","Boca Raton, FL",,,https://jobs.lever.co/gopuff/1a5d0cad-e837-48eb-bbe4-96ee13b670f7,
gopuff,"Multi Unit Site Leader I, Charlotte Metro","Charlotte, NC",,,https://jobs.lever.co/gopuff/afb7e829-7aa5-44fd-b175-0db656fdbd3d,
gopuff,"Multi Unit Site Leader I, Charlotte, #1348","Fort Lauderdale, FL",,,https://jobs.lever.co/gopuff/6deddad1-42a2-4e16-b815-af5e1c27fa40,
gopuff,"Multi Unit Site Leader I, Cleveland, #396","Cleveland, OH",,,https://jobs.lever.co/gopuff/6b8ea893-6037-4e04-a0d8-ed4c5b3ec20b,
gopuff,"Multi Unit Site Leader I, Detroit, #164","Detroit, MI",,,https://jobs.lever.co/gopuff/a4b6f019-3926-4da5-99ca-2ff70cd11e4b,
gopuff,"Multi Unit Site Leader, Louisville #946","Louisville, KY",,,https://jobs.lever.co/gopuff/a5760cc6-9bf9-443c-8843-e67023948fb1,
gopuff,Office Coordinator,"Miami, FL",React,,https://jobs.lever.co/gopuff/f2d4d56e-2cff-453c-913a-7e4baf95d159,"{""React"": 1}"
gopuff,Operations Associate,"Bermondsey, London, England",,,https://jobs.lever.co/gopuff/11731717-1fa2-4f36-9343-b89c03bf2166,
gopuff,Operations Associate,"Sheffield, England",,,https://jobs.lever.co/gopuff/1bd975b8-ca3c-413b-b531-19a07ccb91c8,
gopuff,Operations Associate,"Cambridge, England",,,https://jobs.lever.co/gopuff/20e0d5fe-1e41-49bc-91c0-cfaee2014c61,
gopuff,Operations Associate,"Acton, London, England",,,https://jobs.lever.co/gopuff/2c50480d-7d01-41ec-9d20-2a8596a2874e,
gopuff,Operations Associate,"Croydon, London, England",,,https://jobs.lever.co/gopuff/52bd6b93-d113-4a9a-81d9-4f271c9ee561,
gopuff,Operations Associate,"Bristol, England",,,https://jobs.lever.co/gopuff/73522044-27c8-47cd-987b-bc25fe0e9e1d,
gopuff,Operations Associate,"Newcastle, England",,,https://jobs.lever.co/gopuff/7b76f731-675c-491c-9eb4-b86e4e6a4b60,
gopuff,Operations Associate,"Waterloo, London, England",,,https://jobs.lever.co/gopuff/9c1b65a0-9cbf-476a-8f5d-9cebe0096ebd,
gopuff,Operations Associate,"Chessington, London, England",,,https://jobs.lever.co/gopuff/abee0a41-cdf4-4034-8f47-f437b8fefe1b,
gopuff,Operations Associate,"Salford, England",,,https://jobs.lever.co/gopuff/c7e80aab-aed6-4c09-891c-aa87cc13aefe,
gopuff,Operations Associate,"Tottenham, London, England",,,https://jobs.lever.co/gopuff/cb0c6ae1-7184-4d42-9eaf-50db076998c0,
gopuff,Operations Associate,"Stratford, London",,,https://jobs.lever.co/gopuff/cd029f62-91f0-48f0-8946-ca1fc9ffc4ec,
gopuff,Operations Associate,"Battersea, London, England",,,https://jobs.lever.co/gopuff/d35ceab6-1860-4bce-a458-2ef14554ed4f,
gopuff,Operations Associate,"Wembley, London, England",,,https://jobs.lever.co/gopuff/d91d66c3-9fef-4a3b-a3bb-8ce406c9ae09,
gopuff,Operations Associate,East London,,,https://jobs.lever.co/gopuff/df2192a9-51b6-4e26-b63c-5d08bd4a8d14,
gopuff,Operations Associate,"Greenwich, London, England",,,https://jobs.lever.co/gopuff/ecec7784-ce81-421d-8dcd-cdde91d82446,
gopuff,Operations Associate,"Bow, England",,,https://jobs.lever.co/gopuff/fa094041-19d8-4d3d-9c4c-93ddfbe09edb,
gopuff,Operations Associate,"Leeds, England",,,https://jobs.lever.co/gopuff/ff43e13a-27ac-4827-bd3f-4d7c2e901f1a,
gopuff,Operations Associate - Distribution Center,"Cherry Hill, NJ",,,https://jobs.lever.co/gopuff/d958cc24-3d33-4ef1-95fe-d103f0c46d4a,
gopuff,Operations Associate - Distribution Center 1st shift (7:00am - 3:00pm),"Richmond, CA",,,https://jobs.lever.co/gopuff/048ce096-b004-40d6-8745-a74161770d0e,
gopuff,"Operations Associate,  Port Richmond, #290","Philadelphia, PA",,,https://jobs.lever.co/gopuff/0d62e033-5817-4883-aa84-1549cb3652b1,
gopuff,"Operations Associate, Ann Arbor, #126","Ann Arbor, MI",,,https://jobs.lever.co/gopuff/2d480377-50a6-4610-940c-1511fa50b4c2,
gopuff,"Operations Associate, Ardmore, #634","Ardmore, PA",,,https://jobs.lever.co/gopuff/6ad45317-0167-43be-bad7-82365f0e06bf,
gopuff,"Operations Associate, Arlington","Arlington, TX",,,https://jobs.lever.co/gopuff/593902c7-cc7b-42f2-a4dc-950cefe7573c,
gopuff,"Operations Associate, Athens, #1570","Athens, OH",,,https://jobs.lever.co/gopuff/b56ac7e1-365d-4cb0-bcc2-76c830ef6d57,
gopuff,"Operations Associate, Athens, #87","Athens, GA",,,https://jobs.lever.co/gopuff/feb07cb1-2e8a-4ce7-92ca-4f3013f110f6,
gopuff,"Operations Associate, Aurora, #96","Aurora, CO",,,https://jobs.lever.co/gopuff/ad22046d-a9e2-49f6-a37f-a62d4692bd66,
gopuff,"Operations Associate, Austin","Austin, TX",,,https://jobs.lever.co/gopuff/1ffa08d1-002d-435b-b938-8c2f6c8a6345,
gopuff,"Operations Associate, Baileys Crossroads, #645","Bailey's Crossroads, VA",,,https://jobs.lever.co/gopuff/4fd536d1-211a-4731-995c-e45634258eb5,
gopuff,"Operations Associate, Ballpark/Six Flags, #115","Arlington, TX",,,https://jobs.lever.co/gopuff/a4c49aa5-96e8-41bb-b3d5-4ff206c9bb1c,
gopuff,"Operations Associate, Baltimore","Baltimore, MD",,,https://jobs.lever.co/gopuff/c73726ac-2dee-4b33-bbee-b9142045ef76,
gopuff,"Operations Associate, Baltimore, #95","Baltimore, MD",,,https://jobs.lever.co/gopuff/e21407bd-90a6-45cf-bc62-97f8a0a57a96,
gopuff,"Operations Associate, Barnum, #141","Denver, CO",,,https://jobs.lever.co/gopuff/80ec1096-3f98-467a-a0d8-d637c5725080,
gopuff,"Operations Associate, Baton Rouge, #690","Baton Rouge, LA",,,https://jobs.lever.co/gopuff/6b4b0bbf-508d-447e-8e7e-ceb6b6db559a,
gopuff,"Operations Associate, Belltown, #378","Seattle, WA",,,https://jobs.lever.co/gopuff/f7d8f565-4214-4868-9bcc-286fe9f9554a,
gopuff,"Operations Associate, Bensalem, #229","Philadelphia, PA",,,https://jobs.lever.co/gopuff/a5530ec2-94b2-47c8-a609-649708364c47,
gopuff,"Operations Associate, Berkley, #195","Berkley, MI",,,https://jobs.lever.co/gopuff/d8de4766-023b-4fa4-82bd-c2d26891826d,
gopuff,"Operations Associate, Bethlehem, #111","Allentown, PA",,,https://jobs.lever.co/gopuff/885deb3c-a49b-4797-9f90-1c7726cbc3f8,
gopuff,"Operations Associate, Birmingham, #184","Birmingham, AL",,,https://jobs.lever.co/gopuff/7068857a-6702-44bb-a508-3c3405a0d5cd,
gopuff,"Operations Associate, Blacksburg, #54","Blacksburg, VA",,,https://jobs.lever.co/gopuff/b31aade3-9694-490f-b046-7658958d6f7f,
gopuff,"Operations Associate, Bloomington","Bloomington, IN",,,https://jobs.lever.co/gopuff/52ee51a7-9522-4d05-ae76-0fde98f25150,
gopuff,"Operations Associate, Bloomington, #32","Bloomington, IN",,,https://jobs.lever.co/gopuff/00f1c91d-b6cc-4bf5-ac4e-b9e76f72c08d,
gopuff,"Operations Associate, Boston, #1178","Boston, MA",,,https://jobs.lever.co/gopuff/975cab34-88d2-4465-bfab-7c2e8d3b3c63,
gopuff,"Operations Associate, Brentwood Area, #617","Raleigh, NC",,,https://jobs.lever.co/gopuff/8c99d05a-e19b-4e11-857a-3aff136b7548,
gopuff,"Operations Associate, Bridgeport, #259","Bridgeport, CT",,,https://jobs.lever.co/gopuff/128613e6-cbe1-433f-982b-7f989b0ac8d1,
gopuff,"Operations Associate, Bridgeport, #539","Bridgeport, PA",,,https://jobs.lever.co/gopuff/0afb6eb9-2f96-4d28-9859-3fc74c746e22,
gopuff,"Operations Associate, Bronx, #620","Bronx, NY",,,https://jobs.lever.co/gopuff/af22b35f-a85b-447a-95b0-518bd1ed6591,
gopuff,"Operations Associate, Bronx, #621","Bronx, NY",,,https://jobs.lever.co/gopuff/b3095b83-5276-48aa-8651-19d7c81007fd,
gopuff,"Operations Associate, Bronx, #637","Bronx, NY",,,https://jobs.lever.co/gopuff/bbc5e6e1-86e4-4d9e-95cd-3ea386c78960,
gopuff,"Operations Associate, Brooklyn, #1041","Brooklyn, NY",,,https://jobs.lever.co/gopuff/ce7ad7bd-f0f0-4581-9317-5a39c398ebe4,
gopuff,"Operations Associate, Brooklyn, #554","Brooklyn, NY",,,https://jobs.lever.co/gopuff/980ed8ea-f132-4ca7-ac4b-a86a97ed7dfb,
gopuff,"Operations Associate, Brooklyn, #629","Brooklyn, NY",,,https://jobs.lever.co/gopuff/99281338-9bf3-466d-aa81-478f21a6bbe2,
gopuff,"Operations Associate, Brooklyn, #892","Brooklyn, NY",,,https://jobs.lever.co/gopuff/c52f101e-f24c-4ce0-b954-f887c360de7d,
gopuff,"Operations Associate, Bucktown, #15","Chicago, IL",,,https://jobs.lever.co/gopuff/9f35902b-40df-43de-b9c3-4e4c0c94aa29,
gopuff,"Operations Associate, Cedar-Riverside, #82","Minneapolis, MN",,,https://jobs.lever.co/gopuff/b68d24ca-2472-4f14-87fb-9007bd3f8b91,
gopuff,"Operations Associate, Chandler, #149","Chandler, AZ",,,https://jobs.lever.co/gopuff/7e8ae59d-f3f9-47e2-9262-9884e707aa80,
gopuff,"Operations Associate, Chapel Hill, #121","Chapel Hill, NC",,,https://jobs.lever.co/gopuff/41f336b2-4f75-4845-9903-c04153b5fdf8,
gopuff,"Operations Associate, Charlotte","Charlotte, NC",,,https://jobs.lever.co/gopuff/c59fe3b4-9cc0-413d-9a81-f8e1c8d3ed98,
gopuff,"Operations Associate, Charlotte - UNC, #311","Charlotte, NC",,,https://jobs.lever.co/gopuff/2036ef22-d02a-48b1-ba90-cc57297cb4e7,
gopuff,"Operations Associate, Charlotte, #1348","Charlotte, NC",,,https://jobs.lever.co/gopuff/e969079b-5138-4169-9ffc-26516f23bc03,
gopuff,"Operations Associate, Charlottesville, #43","Charlottesville, VA",,,https://jobs.lever.co/gopuff/d1a2addc-662e-40cb-95bc-2e24e302a4b0,
gopuff,"Operations Associate, Cherokee Park, #91","Nashville, TN",,,https://jobs.lever.co/gopuff/9b9a9d31-c003-45b1-94e1-b4c0b6330529,
gopuff,"Operations Associate, Chicago","Chicago, IL",,,https://jobs.lever.co/gopuff/f8c7d7fc-923e-4922-be6d-d4f0924ea807,
gopuff,"Operations Associate, Cicero, #297","Chicago, IL",,,https://jobs.lever.co/gopuff/903c575d-5f1d-43d6-b25d-801aac93e50f,
gopuff,"Operations Associate, Cincinnati","Cincinnati, OH",,,https://jobs.lever.co/gopuff/fd3c0607-d34d-4471-8888-5fee13a8894b,
gopuff,"Operations Associate, Cincinnati, #90","Cincinnati, OH",,,https://jobs.lever.co/gopuff/bcc9f1f6-2670-4ee8-9fcc-7bf5cc840fae,
gopuff,"Operations Associate, Clarkston, #283","Clarkston, GA",,,https://jobs.lever.co/gopuff/e5ba1a4b-09f7-42aa-a919-e44c828978a6,
gopuff,"Operations Associate, Cleveland, #194","Cleveland, OH",,,https://jobs.lever.co/gopuff/1cb0bde5-f1d5-4829-9873-5c2b78fa96a1,
gopuff,"Operations Associate, College Park, #45","College Park, MD",,,https://jobs.lever.co/gopuff/1aa93d52-f985-4b89-b0e8-8d46fd7a7051,
gopuff,"Operations Associate, College Station, #372","College Station, TX",,,https://jobs.lever.co/gopuff/1dd11b7b-6756-44fb-9d1a-d310eaf697c7,
gopuff,"Operations Associate, Colorado Springs, #118","Colorado Springs, CO",,,https://jobs.lever.co/gopuff/bd38466b-7a4e-4a85-8d8e-9d42f79cd763,
gopuff,"Operations Associate, Columbia, #84","Columbia, SC",,,https://jobs.lever.co/gopuff/3817ab6f-513f-4b51-a991-c5083f454a89,
gopuff,"Operations Associate, Columbus","Columbus, OH",,,https://jobs.lever.co/gopuff/ae6755d2-b8ea-4240-91ca-6df80265c418,
gopuff,"Operations Associate, Columbus, #178","Columbus, OH",,,https://jobs.lever.co/gopuff/2b64c7f1-29d2-4bd5-8a1d-4b7323091176,
gopuff,"Operations Associate, Columbus, #316","Columbus, OH",,,https://jobs.lever.co/gopuff/8dd1520e-3513-4ba1-8108-832e7bea69fb,
gopuff,"Operations Associate, Cooper, #559","Arlington, TX",,,https://jobs.lever.co/gopuff/2a155a2c-ad50-4fae-927d-63fac2946c75,
gopuff,"Operations Associate, Dallas","Dallas, TX",,,https://jobs.lever.co/gopuff/acc5672b-0732-4e3d-920d-64c67ed72b0e,
gopuff,"Operations Associate, Dallas, #156","Dallas, TX",,,https://jobs.lever.co/gopuff/ffdecc74-af1c-4f51-8457-c84481df53fe,
gopuff,"Operations Associate, Davie, #528","Davie, FL",,,https://jobs.lever.co/gopuff/71ff1d0a-435c-4cb6-880d-ad8a1fbd3fcd,
gopuff,"Operations Associate, Dayton, #70","Dayton, OH",,,https://jobs.lever.co/gopuff/f5a80688-b8bc-47ee-a4a9-a222923e4e29,
gopuff,"Operations Associate, Denton, #119","Denton, TX",,,https://jobs.lever.co/gopuff/d1b9921a-e34d-43db-b87f-e49ee52eae56,
gopuff,"Operations Associate, Denver","Denver, CO",,,https://jobs.lever.co/gopuff/f7176e41-5e79-48d5-b7b1-566db68764fe,
gopuff,"Operations Associate, Des Moines, #97","Des Moines, IA",,,https://jobs.lever.co/gopuff/d37a762b-d8d2-4e21-a9ae-e8e8379c8626,
gopuff,"Operations Associate, Detroit","Detroit, MI",,,https://jobs.lever.co/gopuff/39612e14-f101-4fe7-b591-d8109a2fad1a,
gopuff,"Operations Associate, Downtown Tampa, #250","Tampa, FL",,,https://jobs.lever.co/gopuff/18b27c6b-3577-4e13-a89e-64f98a33dda8,
gopuff,"Operations Associate, Druid Hills South, #300","Charlotte, NC",,,https://jobs.lever.co/gopuff/f54bf9c7-8b29-46d5-8a81-45f3d32e3b85,
gopuff,"Operations Associate, Duncanville, #551","Dallas, TX",,,https://jobs.lever.co/gopuff/819d7928-90d2-4df5-bdce-ae72ee56065f,
gopuff,"Operations Associate, Dundalk, #213","Graceland Park, MD",,,https://jobs.lever.co/gopuff/bd2f7ecb-d28c-4bc4-af5a-6beaac9c7759,
gopuff,"Operations Associate, Durham, #79","Durham, NC",,,https://jobs.lever.co/gopuff/ac58ba8c-4c0f-4ae8-998d-27b801344f04,
gopuff,"Operations Associate, East Atlanta, #334","Atlanta, GA",,,https://jobs.lever.co/gopuff/3f7d11ca-1a2a-42fa-be63-8970a45a3d56,
gopuff,"Operations Associate, East Boston, #257","East Boston, MA",,,https://jobs.lever.co/gopuff/418d1bab-eab7-48ec-8f15-f1c85de32e7b,
gopuff,"Operations Associate, East Cleveland, #396","Cleveland, OH",,,https://jobs.lever.co/gopuff/56d3f5b7-7d4b-4c94-8b45-2fca95503751,
gopuff,"Operations Associate, Eaton Industrial, #145","Phoenix, AZ",,,https://jobs.lever.co/gopuff/fc1c02a8-6ae8-48de-ba24-3191c0acfabc,
gopuff,"Operations Associate, El Paso #198","El Paso, TX",,,https://jobs.lever.co/gopuff/b549c1cc-f987-4978-9dd0-3288782c8312,
gopuff,"Operations Associate, El Paso, #162","El Paso, TX",,,https://jobs.lever.co/gopuff/33f679a9-2fe7-4c8f-bd92-caa8ef245065,
gopuff,"Operations Associate, Elmwood Park, #479","Chicago, IL",,,https://jobs.lever.co/gopuff/4a4f2882-08de-4209-b5d4-00a7c460f3f8,
gopuff,"Operations Associate, Essex, #212","Essex, MD",,,https://jobs.lever.co/gopuff/f936119d-e604-408c-93c0-2565ffb5fc3d,
gopuff,"Operations Associate, Eugene, #349","Eugene, OR",,,https://jobs.lever.co/gopuff/524f9f0a-f242-4dae-b607-aed6f87058e5,
gopuff,"Operations Associate, Euless, #694","Euless, TX",,,https://jobs.lever.co/gopuff/dfa077e7-9d34-4540-808a-94955a48cd40,
gopuff,"Operations Associate, FAU - Dixie Hwy, #321","Boca Raton, FL",,,https://jobs.lever.co/gopuff/12a80786-7185-4582-8ae9-4bd1271a0cf9,
gopuff,"Operations Associate, Five Points, #122","San Antonio, TX",,,https://jobs.lever.co/gopuff/c309c57a-9c68-4cd7-abcd-249b8957dcca,
gopuff,"Operations Associate, Flagstaff, #39","Flagstaff, AZ",,,https://jobs.lever.co/gopuff/5f28425d-0cca-47a5-8888-ce5ecba9284b,
gopuff,"Operations Associate, Flat Iron District, #983","New York, NY",,,https://jobs.lever.co/gopuff/ea1383bf-2ad6-46b0-b07a-78c079f5d92a,
gopuff,"Operations Associate, Forest Hills, #673","Washington, D.C.",,,https://jobs.lever.co/gopuff/936ad237-5a45-4f6f-a14e-38a3981a5d87,
gopuff,"Operations Associate, Fort Collins, #64","Fort Collins, CO",,,https://jobs.lever.co/gopuff/76acf928-2b99-47d1-9f1e-74017d07c1bb,
gopuff,"Operations Associate, Fort Lauderdale, #322","Fort Lauderdale, FL",,,https://jobs.lever.co/gopuff/3957e592-a2c3-47ab-8c94-3c096c603f2a,
gopuff,"Operations Associate, Fort Worth, #160","Fort Worth, TX",,,https://jobs.lever.co/gopuff/b5c4fb3e-c8ec-4b8e-ae8e-5793ceb8eab7,
gopuff,"Operations Associate, Fremont, #523","Seattle, WA",,,https://jobs.lever.co/gopuff/4aa616c8-a574-4708-8b0f-755a2ae497ba,
gopuff,"Operations Associate, Gainesville, #347","Gainesville, FL",,,https://jobs.lever.co/gopuff/a897e3c5-3027-4f1d-badc-62b502430be1,
gopuff,"Operations Associate, Georgia Tech, #25","Atlanta, GA",,,https://jobs.lever.co/gopuff/361a311e-117b-4673-b009-8a6a471918de,
gopuff,"Operations Associate, Germantown, 176","Philadelphia, PA",,,https://jobs.lever.co/gopuff/a153b2f3-82d6-4607-a2b2-89b3e6e8bfee,
gopuff,"Operations Associate, Glenview, #691","Glenview, IL",,,https://jobs.lever.co/gopuff/8a23c472-070d-47a5-969b-fab1d66b7636,
gopuff,"Operations Associate, Greensboro #99","Greensboro, NC",,,https://jobs.lever.co/gopuff/954d282a-f094-442e-92dd-579035651cf7,
gopuff,"Operations Associate, Greenwood, #327","Nashville, TN",,,https://jobs.lever.co/gopuff/6f883d77-d9e5-4514-b20c-b67b3d6caf49,
gopuff,"Operations Associate, Gresham, #225","Gresham, OR",,,https://jobs.lever.co/gopuff/36eaf77c-61e1-470d-b6ea-af6b9f680673,
gopuff,"Operations Associate, Guion Area, #395","Indianapolis, IN",,,https://jobs.lever.co/gopuff/ac36b344-7b79-45ee-bd62-c4f2fbf8cbe9,
gopuff,"Operations Associate, Halethorpe, #186","Halethorpe, MD",,,https://jobs.lever.co/gopuff/f8c801ff-2346-410d-b2ab-297de45bc1fe,
gopuff,"Operations Associate, Harrisburg, #227","Harrisburg, PA",,,https://jobs.lever.co/gopuff/a195c6b6-447a-4247-aa1d-00c4d7b7ca80,
gopuff,"Operations Associate, Hartford, #69","Hartford, CT",,,https://jobs.lever.co/gopuff/3bb6f91d-e29c-4ede-a631-559d6b8b99ef,
gopuff,"Operations Associate, Henrico, #821","Henrico, VA",,,https://jobs.lever.co/gopuff/5e415858-4bb6-4014-8421-7c68ef7a927c,
gopuff,"Operations Associate, Hillside, #167","Indianapolis, IN",,,https://jobs.lever.co/gopuff/1434b053-405d-4269-896e-f03cd5ce4a33,
gopuff,"Operations Associate, Hioaks, #255","Richmond, VA",,,https://jobs.lever.co/gopuff/c6e1f5e9-4232-4ad0-a7e7-abdb4e4dddcc,
gopuff,"Operations Associate, Hollywood, #323","Hollywood, FL",,,https://jobs.lever.co/gopuff/c5b366c2-dd80-4488-8555-5016a5b4149e,
gopuff,"Operations Associate, Houston - Hobby Area, #163","Houston, TX",,,https://jobs.lever.co/gopuff/b0b14721-b168-4785-8bec-0cc05ed1d3bd,
gopuff,"Operations Associate, Houston, #123","Houston, TX",,,https://jobs.lever.co/gopuff/cfe98515-39e8-4b4f-a0cf-c63e5274c819,
gopuff,"Operations Associate, Houston, #146","Houston, TX",,,https://jobs.lever.co/gopuff/5a1f55aa-9433-46ab-b324-13a7ec61d951,
gopuff,"Operations Associate, Howard Beach, #541","Howard Beach, NY",,,https://jobs.lever.co/gopuff/a9c69fe0-b81b-481b-bdcc-42a7924223cf,
gopuff,"Operations Associate, Indianapolis","Indianapolis, IN",,,https://jobs.lever.co/gopuff/39989bcb-1d45-44dd-acdd-6d138b4e771d,
gopuff,"Operations Associate, Iowa City, #75","Iowa City, IA",,,https://jobs.lever.co/gopuff/6b739c39-49be-46d7-a52e-91caae14929c,
gopuff,"Operations Associate, Jacksonville, #258","Jacksonville, FL",,,https://jobs.lever.co/gopuff/3aec1409-cc6d-4aff-90c6-de15080d857d,
gopuff,"Operations Associate, Jamaica, #881","Jamaica, NY",,,https://jobs.lever.co/gopuff/a5ca36f6-580e-4874-9e2a-68af9c7129fe,
gopuff,"Operations Associate, Kansas City, Midtown, #329","Kansas City, MO",,,https://jobs.lever.co/gopuff/f346f982-1ed5-4d10-947c-339b5cfc8e95,
gopuff,"Operations Associate, Kansas City, Riverside, #214","Kansas City, MO",,,https://jobs.lever.co/gopuff/489d29af-6f42-48ac-af13-3eecdd0ab295,
gopuff,"Operations Associate, Kansas City, Willow Creek, #639","Kansas City, MO",,,https://jobs.lever.co/gopuff/7fa82c53-281f-434c-bd8c-3ca927a17597,
gopuff,"Operations Associate, Knoxville, #147","Knoxville, TN",,,https://jobs.lever.co/gopuff/1afc6f8c-b8b5-46e6-ae6b-b83eb7e1be95,
gopuff,"Operations Associate, Lafayette, #33","Lafayette, IN",,,https://jobs.lever.co/gopuff/85b14410-4d17-41ad-8640-bc8aada57b2d,
gopuff,"Operations Associate, Lake Lorna Doone, #120","Orlando, FL",,,https://jobs.lever.co/gopuff/ce94eb22-2c20-469e-9c84-a4181a9864d1,
gopuff,"Operations Associate, Lakewood, #335","Lakewood, CO",,,https://jobs.lever.co/gopuff/2e8898cb-928f-40be-8408-dd6a4af6e87d,
gopuff,"Operations Associate, Lansdowne, #384","Lansdowne, PA",,,https://jobs.lever.co/gopuff/93740772-4e8e-4e8b-82ac-51a83ab348bd,
gopuff,"Operations Associate, Lansing, #124","Lansing, MI",,,https://jobs.lever.co/gopuff/ad9ff021-3200-4d81-bbfe-2b0dd36a6340,
gopuff,"Operations Associate, Lawrence, #397","Indianapolis, IN",,,https://jobs.lever.co/gopuff/b3b2e8ed-96fa-4a86-9a5d-995f31eb2841,
gopuff,"Operations Associate, Lexington, #168","Lexington, KY",,,https://jobs.lever.co/gopuff/f98fba95-f21c-4ff1-8fd5-9abfc2311562,
gopuff,"Operations Associate, Lincoln Road, #379","Miami Beach, FL",,,https://jobs.lever.co/gopuff/3d88cc64-5950-4126-b288-b72777d5d6bb,
gopuff,"Operations Associate, Lincoln, #100","Lincoln, NE",,,https://jobs.lever.co/gopuff/acbaffa9-f80b-4adc-b0d9-9184badf01b7,
gopuff,"Operations Associate, Lindbergh, #159","Atlanta, GA",,,https://jobs.lever.co/gopuff/3480f989-030d-4981-b72b-4bdf792411fc,
gopuff,"Operations Associate, Little Havana, #977","Miami, FL",,,https://jobs.lever.co/gopuff/47626fbb-d44e-4800-89b3-59b6e58b921a,
gopuff,"Operations Associate, Little Italy, #112","Chicago, IL",,,https://jobs.lever.co/gopuff/7ee8b879-391a-4172-9667-2849278f14fc,
gopuff,"Operations Associate, Little River, #330","Miami, FL",,,https://jobs.lever.co/gopuff/cb5089bf-dfe3-4b83-aaba-d0fb76c80284,
gopuff,"Operations Associate, Louisville","Louisville, KY",,,https://jobs.lever.co/gopuff/ac962f40-ac00-4f24-adda-f5e0ea483129,
gopuff,"Operations Associate, Louisville, #143","Louisville, KY",,,https://jobs.lever.co/gopuff/c40c3bfc-c215-43c6-890a-02e6d83f855f,
gopuff,"Operations Associate, Louisville, #338","Louisville, KY",,,https://jobs.lever.co/gopuff/b62466bb-5bd8-4f35-ae21-99b3d91cda6d,
gopuff,"Operations Associate, Lowell, #298","Lowell, MA",,,https://jobs.lever.co/gopuff/11335d56-84c9-4ba9-9058-cf2e68d7466f,
gopuff,"Operations Associate, Lower East Side, #880","New York, NY",,,https://jobs.lever.co/gopuff/11f0f185-6043-47c0-8037-9a4c3d25abcc,
gopuff,"Operations Associate, Lubbock, #333","Lubbock, TX",,,https://jobs.lever.co/gopuff/667c0d36-2c47-4f03-a4a3-3425aca154f9,
gopuff,"Operations Associate, Ludlow, #367","Philadelphia, PA",,,https://jobs.lever.co/gopuff/3f1c7658-9f4d-4670-be4e-688a8a6f6619,
gopuff,"Operations Associate, Madison, #23","Madison, WI",,,https://jobs.lever.co/gopuff/7cc3831d-e68a-46ed-bd3a-a2e0dc9e05c1,
gopuff,"Operations Associate, Malden","Malden, MA",,,https://jobs.lever.co/gopuff/e364fb31-be67-4a1e-a47e-3f50a8ced815,
gopuff,"Operations Associate, Manchester, #218","Manchester, New Hampshire",,,https://jobs.lever.co/gopuff/eb12cb2e-9dc7-49ac-ae2d-548d69b9c0df,
gopuff,"Operations Associate, Manhattan, #807","Manhattan, NY",,,https://jobs.lever.co/gopuff/dde8c86e-5ee2-4885-84f3-a2fad898ef37,
gopuff,"Operations Associate, Memphis, #252","Memphis, TN",,,https://jobs.lever.co/gopuff/a18e463d-94b6-422b-a5fc-8c5e9877ba6a,
gopuff,"Operations Associate, Mesa, #289","Mesa, AZ",,,https://jobs.lever.co/gopuff/76e4017a-576f-40c6-aaf0-a2ff552b8a06,
gopuff,"Operations Associate, Mesa, #305","Mesa, AZ",,,https://jobs.lever.co/gopuff/a4940105-2be3-4528-bc57-13fabc95616c,
gopuff,"Operations Associate, Mesquite, #128","Mesquite, TX",,,https://jobs.lever.co/gopuff/83669b08-7a7c-44ac-9b8e-351100d1c2e6,
gopuff,"Operations Associate, Miami","Miami, FL",,,https://jobs.lever.co/gopuff/ea6602ae-aec8-4143-8dc7-644d464ab8b7,
gopuff,"Operations Associate, Miami #183","Miami, FL",,,https://jobs.lever.co/gopuff/41925d77-53a8-49f3-8e13-7154f7622614,
gopuff,"Operations Associate, Miami Beach","Miami Beach, FL",,,https://jobs.lever.co/gopuff/3dacfe72-45c2-4543-9253-872cf411a29b,
gopuff,"Operations Associate, Miami, #376","Miami, FL",,,https://jobs.lever.co/gopuff/e97a63bc-e0a4-4c9f-92ea-fc3a3ab16dfd,
gopuff,"Operations Associate, Midtown, #164","Detroit, MI",,,https://jobs.lever.co/gopuff/edcdec45-23ac-425c-8c91-9d49bd3b0693,
gopuff,"Operations Associate, Milwaukee, #136","Milwaukee, WI",,,https://jobs.lever.co/gopuff/1727ea60-02b5-4623-870d-2310899e35eb,
gopuff,"Operations Associate, Miramar, #574","Miramar, FL",,,https://jobs.lever.co/gopuff/b9ece863-3007-451b-94fa-6c006913bc21,
gopuff,"Operations Associate, Morgantown, #44","Morgantown, WV",,,https://jobs.lever.co/gopuff/7a26cb48-1e5e-47fa-aa20-d748851a99b9,
gopuff,"Operations Associate, Nashville","Nashville, TN",,,https://jobs.lever.co/gopuff/389f9420-9fa1-4660-add5-3f51678c22ae,
gopuff,"Operations Associate, New Brunswick, #74","New Brunswick, NJ",,,https://jobs.lever.co/gopuff/bd132a50-0fb5-49db-9f8b-8c3ba94ae3d3,
gopuff,"Operations Associate, New Haven, #109","New Haven, CT",,,https://jobs.lever.co/gopuff/31a50dae-fb39-4d2e-a872-4c1b3e78626f,
gopuff,"Operations Associate, New Orleans, #615","New Orleans, LA",,,https://jobs.lever.co/gopuff/c68b63c6-8010-4a41-8af2-18712c11f8ad,
gopuff,"Operations Associate, New York, #869","New York, NY",,,https://jobs.lever.co/gopuff/e148bfc1-e3db-4572-a1a9-7af305f45cde,
gopuff,"Operations Associate, New York, #975","New York, NY",,,https://jobs.lever.co/gopuff/5aa28e26-93a1-4917-b0c4-722647d47ef4,
gopuff,"Operations Associate, Newark, #1123","Newark, NJ",,,https://jobs.lever.co/gopuff/2ea41d25-568b-49f1-a266-f106d3813151,
gopuff,"Operations Associate, Newark, #26","Newark, DE",,,https://jobs.lever.co/gopuff/fe90448c-3fa5-4b41-9a69-77c2bfc93777,
gopuff,"Operations Associate, Newton-Highlands, #139","Newton Highlands, MA",,,https://jobs.lever.co/gopuff/47080c63-e8fc-41b6-8c61-3cf310d0e2ef,
gopuff,"Operations Associate, Norfolk, #59","Norfolk, VA",,,https://jobs.lever.co/gopuff/fd2cc09e-9a95-4454-821a-d356f811a5ec,
gopuff,"Operations Associate, Normandy Isles, #911","Miami Beach, FL",,,https://jobs.lever.co/gopuff/30cd0c9e-33b1-483f-8a75-9f4bfad871be,
gopuff,"Operations Associate, North Houston, #133","Houston, TX",,,https://jobs.lever.co/gopuff/10bc82ce-e941-4a5c-a3b9-d447ed3abce7,
gopuff,"Operations Associate, North Las Vegas, #269","Las Vegas, NV",,,https://jobs.lever.co/gopuff/572ec5f8-f4a5-4d1d-873b-04431cd8ca84,
gopuff,"Operations Associate, Northeast Philadelphia, #30","Philadelphia, PA",,,https://jobs.lever.co/gopuff/e8e02813-31c2-434b-ae63-445f193e4fca,
gopuff,"Operations Associate, Northwest Dallas, #241","Dallas, TX",,,https://jobs.lever.co/gopuff/c0902e17-2a0e-4c00-9a1c-689e941c037d,
gopuff,"Operations Associate, Norwood, #273","Cincinnati, OH",,,https://jobs.lever.co/gopuff/be8fd6a1-d92c-4b47-90da-dede251338e6,
gopuff,"Operations Associate, Oklahoma City, Kingsridge, #537","Oklahoma City, OK",,,https://jobs.lever.co/gopuff/4dfa5fed-64e7-4480-8881-4d63db734d5d,
gopuff,"Operations Associate, Oklahoma City, Metro Park, #142","Oklahoma City, OK",,,https://jobs.lever.co/gopuff/fb217210-105b-41d5-b22d-a159f2520a4a,
gopuff,"Operations Associate, Omaha, #104","Omaha, NE",,,https://jobs.lever.co/gopuff/ff6b3bce-b070-43af-a194-21d90e1d4ddb,
gopuff,"Operations Associate, Orlando","Orlando, FL",,,https://jobs.lever.co/gopuff/90060819-2df7-4034-8c91-d1208b68c0d1,
gopuff,"Operations Associate, Pensacola, #265","Pensacola, FL",,,https://jobs.lever.co/gopuff/2f2be6cc-679e-42c0-b44f-ba947660e565,
gopuff,"Operations Associate, Pflugerville, #675","Pflugerville, TX",,,https://jobs.lever.co/gopuff/0e25cb61-e95a-4e01-a13a-ac937adb72c6,
gopuff,"Operations Associate, Philadelphia, #1463","Philadelphia, PA",,,https://jobs.lever.co/gopuff/82c7f552-8e28-4ea7-8348-952fb5706400,
gopuff,"Operations Associate, Philadelphia, #670","Philadelphia, PA",,,https://jobs.lever.co/gopuff/d8866343-7185-469c-8dc8-9ce996d1a4ce,
gopuff,"Operations Associate, Phoenix","Phoenix, AZ",,,https://jobs.lever.co/gopuff/23e590d0-46c1-4406-ba3f-8d889f0e35a4,
gopuff,"Operations Associate, Phoenix #242","Phoenix, AZ",,,https://jobs.lever.co/gopuff/7146c3f2-99a3-4890-b8af-8f6d22f1d419,
gopuff,"Operations Associate, Phoenix, #299","Phoenix, AZ",,,https://jobs.lever.co/gopuff/1bf4ac11-7967-4896-8b53-8747be6880fc,
gopuff,"Operations Associate, Phoenix, #315","Phoenix, AZ",,,https://jobs.lever.co/gopuff/8603b841-c859-4d62-915f-e13970e8b88d,
gopuff,"Operations Associate, Pittsburgh","Pittsburgh, PA",,,https://jobs.lever.co/gopuff/1ccc85e0-d7a3-4500-808a-b08f642ca77b,
gopuff,"Operations Associate, Plano, #245","Plano, TX",,,https://jobs.lever.co/gopuff/57487476-56da-4f2c-9302-0621a608c862,
gopuff,"Operations Associate, Portland","Portland, OR",,,https://jobs.lever.co/gopuff/14705ce4-a185-4e2c-ac60-a0ea8f0baab8,
gopuff,"Operations Associate, Portland - Brooklyn, #185","Portland, OR",,,https://jobs.lever.co/gopuff/617dc3b9-1f7e-4d30-a6d7-e03278986217,
gopuff,"Operations Associate, Portland, #266","Portland, ME",,,https://jobs.lever.co/gopuff/9e019022-00c7-4e3b-9f6d-62a7f8e7a49f,
gopuff,"Operations Associate, Portland, Maine","Portland, ME",,,https://jobs.lever.co/gopuff/942a43bf-8df7-4cea-b7c9-ceaccb1e1c50,
gopuff,"Operations Associate, Providence","Providence, RI",,,https://jobs.lever.co/gopuff/7496915f-a672-4340-96d3-f050ee30b812,
gopuff,"Operations Associate, Providence, #102","Providence, RI",,,https://jobs.lever.co/gopuff/2866b307-bb14-4b6d-96c3-da8faa9817f8,
gopuff,"Operations Associate, Queens, #1025","Queens, NY",,,https://jobs.lever.co/gopuff/6968a0ed-2f3c-4214-b8f7-a0c4a886bee4,
gopuff,"Operations Associate, Quincy, #823","Quincy, MA",,,https://jobs.lever.co/gopuff/18ba12c2-6c4b-42e3-9ea2-1afebf621409,
gopuff,"Operations Associate, Richardson, #135","Richardson, TX",,,https://jobs.lever.co/gopuff/36f4215a-86d4-445e-83c9-08cadb4f73ff,
gopuff,"Operations Associate, Richmond","Richmond, VA",,,https://jobs.lever.co/gopuff/36a339b9-0a2d-44ef-917a-fa9cb2b7a045,
gopuff,"Operations Associate, Richmond, #56","Richmond, VA",,,https://jobs.lever.co/gopuff/5c61354f-357d-4c28-b819-cbf780cb5a8e,
gopuff,"Operations Associate, RiNo, #365","Denver, CO",,,https://jobs.lever.co/gopuff/dc38f81b-0625-4c01-ab1e-2aeb445d2ebd,
gopuff,"Operations Associate, Riverside, #80","Indianapolis, IN",,,https://jobs.lever.co/gopuff/69562588-fe95-4c7f-8308-5a53d7ee5f04,
gopuff,"Operations Associate, Rochester","Rochester, NY",,,https://jobs.lever.co/gopuff/5b9dd011-2ec6-4fb2-b88f-38e44aebbde4,
gopuff,"Operations Associate, Rochester, #303","Rochester, NY",,,https://jobs.lever.co/gopuff/2cda8fbe-e2ce-4a13-aff2-b4a9701ad17c,
gopuff,"Operations Associate, Rogers Park, #364","Chicago, IL",,,https://jobs.lever.co/gopuff/35411305-7b21-4e72-9249-50b29060169f,
gopuff,"Operations Associate, Roxborough, #132","Philadelphia, PA",,,https://jobs.lever.co/gopuff/ea5bbc5b-20c8-4e3c-bd29-2b629cb2b3b0,
gopuff,"Operations Associate, Saint Louis - Cheltenham, #113","St. Louis, MO",,,https://jobs.lever.co/gopuff/9abdb0f1-104f-4207-9ee0-b1ffd10fb765,
gopuff,"Operations Associate, Saint Louis, Midtown, #341","St. Louis, MO",,,https://jobs.lever.co/gopuff/397cb3a9-6ed1-48af-ad1d-fc248e74f05f,
gopuff,"Operations Associate, Saint Paul, #68","St. Paul, MN",,,https://jobs.lever.co/gopuff/c4177988-e032-4852-80ed-b540a15e08aa,
gopuff,"Operations Associate, Salem, #226","Salem, OR",,,https://jobs.lever.co/gopuff/120a9c37-f614-4561-88dd-52a7bb6c4f68,
gopuff,"Operations Associate, San Antonio, #144","San Antonio, TX",,,https://jobs.lever.co/gopuff/245a4099-cf21-4d0e-ba61-7b10e31fd79b,
gopuff,"Operations Associate, San Marcos, #251","San Marcos, TX",,,https://jobs.lever.co/gopuff/53d09c19-82f1-4bd0-a447-30fa6b017326,
gopuff,"Operations Associate, Scottsdale, #247","Scottsdale, AZ",,,https://jobs.lever.co/gopuff/4c315afa-a845-467f-9e38-e56bbc9ec77d,
gopuff,"Operations Associate, Shady Side","Pittsburgh, PA",,,https://jobs.lever.co/gopuff/2d7aeb14-e1fd-4e31-adbf-52d396cf064b,
gopuff,"Operations Associate, Shady Side, #371","Pittsburgh, PA",,,https://jobs.lever.co/gopuff/7cd54b50-2125-4bb4-87c6-3a93b6bc5a9f,
gopuff,"Operations Associate, Showboat, #268","Las Vegas, NV",,,https://jobs.lever.co/gopuff/2c4dd99b-a6d4-44bf-a4ff-34e9cac3163a,
gopuff,"Operations Associate, Skokie, #161","Skokie, IL",,,https://jobs.lever.co/gopuff/3cec6e69-68c7-4569-b181-33fa39b7686b,
gopuff,"Operations Associate, Smyrna, #172","Atlanta, GA",,,https://jobs.lever.co/gopuff/16424df3-9435-465d-ae56-a98d2e047032,
gopuff,"Operations Associate, South Atlanta, #340","Atlanta, GA",,,https://jobs.lever.co/gopuff/3b371007-34f8-4464-ae98-fe59972b05af,
gopuff,"Operations Associate, South Austin, #560","Austin, TX",,,https://jobs.lever.co/gopuff/b4a058cd-9bab-48f9-bfda-ce2fca71ee9e,
gopuff,"Operations Associate, South Bend, #88","South Bend, IN",,,https://jobs.lever.co/gopuff/115ac480-df60-4958-b275-9e48d1929982,
gopuff,"Operations Associate, South Boston, #130","South Boston, MA",,,https://jobs.lever.co/gopuff/a4d7d7ab-115c-48bf-8cb3-3265fc2c79b3,
gopuff,"Operations Associate, South Philly, #1567","Philadelphia, PA",,,https://jobs.lever.co/gopuff/7ca1f5b6-ae84-4127-87be-4204cbb65089,
gopuff,"Operations Associate, Southpoint, #175","Jacksonville, FL",,,https://jobs.lever.co/gopuff/9683c631-84d5-4557-9823-cbae7cc0611b,
gopuff,"Operations Associate, Southside Slopes","Pittsburgh, PA",,,https://jobs.lever.co/gopuff/8ca22e3f-dab5-4609-9558-16b6b0d147f5,
gopuff,"Operations Associate, Southside Slopes, #294","Pittsburgh, PA",,,https://jobs.lever.co/gopuff/ba1da34c-6f05-4578-9ead-de3e46f57746,
gopuff,"Operations Associate, Springfield, #171","Springfield, MO",,,https://jobs.lever.co/gopuff/a34e610c-e180-4614-80bb-dfde91db8477,
gopuff,"Operations Associate, St. Petersburg, #261","St. Petersburg, FL",,,https://jobs.lever.co/gopuff/c8189f8b-989a-4584-b761-801411b36bd1,
gopuff,"Operations Associate, Stamford, #203","Stamford, CT",,,https://jobs.lever.co/gopuff/c53f1184-b7c5-463d-a64d-c4f023fa5361,
gopuff,"Operations Associate, Starbucks Barista, Bethlehem, #111","Allentown, PA",,,https://jobs.lever.co/gopuff/c3e7f15b-9251-4f64-8e4c-8132a6e2b446,
gopuff,"Operations Associate, Starbucks Barista, Bronx, #620","Bronx, NY",,,https://jobs.lever.co/gopuff/6e014b6f-34b0-45c0-b875-3c0ef8222c97,
gopuff,"Operations Associate, Starbucks Barista, Bronx, #621","Bronx, NY",,,https://jobs.lever.co/gopuff/61063b62-f785-441e-b48d-bebbe74150db,
gopuff,"Operations Associate, Starbucks Barista, Bronx, #637","Bronx, NY",,,https://jobs.lever.co/gopuff/335e85f6-fe89-4173-8213-319aba6925d5,
gopuff,"Operations Associate, Starbucks Barista, Brooklyn, #554","Brooklyn, NY",,,https://jobs.lever.co/gopuff/f9155c69-bcec-4802-b513-57188ab4a04f,
gopuff,"Operations Associate, Starbucks Barista, Chandler, #149","Chandler, AZ",,,https://jobs.lever.co/gopuff/9c4f02b5-209c-4418-9492-f08a30efe434,
gopuff,"Operations Associate, Starbucks Barista, Davie, #528","Davie, FL",,,https://jobs.lever.co/gopuff/4eea8140-17c7-4ebc-a9a1-311597c39e7e,
gopuff,"Operations Associate, Starbucks Barista, Fort Lauderdale, #322","Fort Lauderdale, FL",,,https://jobs.lever.co/gopuff/7683dd0e-c91b-480b-9c1a-fc50747f5674,
gopuff,"Operations Associate, Starbucks Barista, Lansdowne, #384","Lansdowne, PA",,,https://jobs.lever.co/gopuff/b905b6fa-43a4-443f-b6f4-97f05539eeca,
gopuff,"Operations Associate, Starbucks Barista, Little Havana, #977","Miami, FL",,,https://jobs.lever.co/gopuff/8ee509a1-fc2c-451d-a5df-9707807bd3c1,
gopuff,"Operations Associate, Starbucks Barista, Little River, #330","Miami, FL",,,https://jobs.lever.co/gopuff/39398ef8-52ac-4c55-ad6a-bbf9e0505d12,
gopuff,"Operations Associate, Starbucks Barista, Mesa, #305","Mesa, AZ",,,https://jobs.lever.co/gopuff/5c08cd0a-f210-4657-9ed2-4f1b1343a684,
gopuff,"Operations Associate, Starbucks Barista, Miami Beach, #379","Miami Beach, FL",,,https://jobs.lever.co/gopuff/456be260-073e-436f-84e5-8bf424aa4baf,
gopuff,"Operations Associate, Starbucks Barista, Miami Beach, #911","Miami Beach, FL",,,https://jobs.lever.co/gopuff/d324f092-72fa-488a-95ab-8c931e617710,
gopuff,"Operations Associate, Starbucks Barista, Miami, #183","Miami, FL",,,https://jobs.lever.co/gopuff/03427d35-957a-4011-a0df-dbfe3e712fce,
gopuff,"Operations Associate, Starbucks Barista, Miami, #376","Miami, FL",,,https://jobs.lever.co/gopuff/e14a18a8-0dbb-4c68-a1c6-928c9e0872e3,
gopuff,"Operations Associate, Starbucks Barista, New York, #807","New York, NY",,,https://jobs.lever.co/gopuff/ef1a1666-d21f-4cbd-b9ee-21846fb6b625,
gopuff,"Operations Associate, Starbucks Barista, New York, #839","New York, NY",,,https://jobs.lever.co/gopuff/45243edd-6fe8-47ea-9e15-0de23e827933,
gopuff,"Operations Associate, Starbucks Barista, New York, #880","New York, NY",,,https://jobs.lever.co/gopuff/3c52eacc-285c-4166-b09c-9524714ce3c7,
gopuff,"Operations Associate, Starbucks Barista, New York, #975","New York, NY",,,https://jobs.lever.co/gopuff/0a74ad88-d439-40f9-841c-8a49bd2d0e50,
gopuff,"Operations Associate, Starbucks Barista, Phoenix, #145","Phoenix, AZ",,,https://jobs.lever.co/gopuff/0498e04b-9901-4fb6-85c4-7c34e387afd7,
gopuff,"Operations Associate, Starbucks Barista, Phoenix, #150","Phoenix, AZ",,,https://jobs.lever.co/gopuff/70a2824c-ad1b-4cd0-b65c-7cfa1cb79872,
gopuff,"Operations Associate, Starbucks Barista, Phoenix, #242","Phoenix, AZ",,,https://jobs.lever.co/gopuff/829ae528-705e-4ad5-b4fa-6ca1daa1b35e,
gopuff,"Operations Associate, Starbucks Barista, Queens, #1025","Queens, NY",,,https://jobs.lever.co/gopuff/7dda3271-07ae-4b54-b751-f6a86c05e1c8,
gopuff,"Operations Associate, Starbucks Barista, Scottsdale, #247","Scottsdale, AZ",,,https://jobs.lever.co/gopuff/b6f6fc3a-bec9-47d2-815d-0b67d2d2c840,
gopuff,"Operations Associate, Starbucks Barista, Southside Slopes, #294","Pittsburgh, PA",,,https://jobs.lever.co/gopuff/92e68dd1-2f17-44a9-ab09-f6fdceb3da4e,
gopuff,"Operations Associate, Starbucks Barista, Tempe, #288","Tempe, AZ",,,https://jobs.lever.co/gopuff/74a5527e-4b78-4bcd-9c23-d44d33617034,
gopuff,"Operations Associate, Starbucks Barista, University Park, #602","Miami, FL",,,https://jobs.lever.co/gopuff/1bd86243-7626-4831-971d-8242a75157b9,
gopuff,"Operations Associate, Starbucks Barista, Washington, D.C., #206","Washington, D.C.",,,https://jobs.lever.co/gopuff/adf57a6a-5d25-4d01-aac8-3b2330046401,
gopuff,"Operations Associate, Starbucks Barista, Woodlyn, #625","Woodlyn, PA",,,https://jobs.lever.co/gopuff/993f25ab-568b-4e86-9e5b-95966148bbf6,
gopuff,"Operations Associate, State College","State College, PA",,,https://jobs.lever.co/gopuff/ea01c31f-1a2b-4585-82f5-de9c83a09963,
gopuff,"Operations Associate, State College, #230","State College, PA",,,https://jobs.lever.co/gopuff/7bd6bb15-3045-491d-928e-6c14f0e1e005,
gopuff,"Operations Associate, Syracuse","Syracuse, NY",,,https://jobs.lever.co/gopuff/a99b1046-cfe1-4028-8d1d-54b3294f41d0,
gopuff,"Operations Associate, Syracuse, #1545","Syracuse, NY",,,https://jobs.lever.co/gopuff/b7139d5f-df38-4e23-b81e-74db6c75942d,
gopuff,"Operations Associate, Takoma, #522","Washington, D.C.",,,https://jobs.lever.co/gopuff/7edf2c7b-8616-4ab9-aa8d-3d1ab6b09974,
gopuff,"Operations Associate, Tallahassee, #480","Tallahassee, FL",,,https://jobs.lever.co/gopuff/7886eefa-c738-4269-b058-50229d1cd0c0,
gopuff,"Operations Associate, Tampa, #105","Tampa, FL",,,https://jobs.lever.co/gopuff/60a0460c-18f8-492c-ac6e-2e893094a972,
gopuff,"Operations Associate, Tempe","Tempe, AZ",,,https://jobs.lever.co/gopuff/9eba0252-4740-458d-9946-0fc241be32f2,
gopuff,"Operations Associate, Tempe, #288","Tempe, AZ",,,https://jobs.lever.co/gopuff/9d6fb684-2970-46f9-9859-d3cbd15413ba,
gopuff,"Operations Associate, Thunderbird Hills, #187","San Antonio, TX",,,https://jobs.lever.co/gopuff/32db204e-317c-4d09-bba8-fe92923c825b,
gopuff,"Operations Associate, Towson, #47","Towson, MD",,,https://jobs.lever.co/gopuff/afae5f39-b7b1-4205-8527-c98a08b61f35,
gopuff,"Operations Associate, Tucson - Downtown, #18","Tucson, AZ",,,https://jobs.lever.co/gopuff/934a6c48-17e8-4b5a-926a-291b98a1a064,
gopuff,"Operations Associate, Tulsa - Downtown, #134","Tulsa, OK",,,https://jobs.lever.co/gopuff/d16e522f-4d1c-47ec-a1f7-baf1ff43bccf,
gopuff,"Operations Associate, Tulsa, #224","Tulsa, OK",,,https://jobs.lever.co/gopuff/4fcf106d-9feb-438d-8cc5-47cba4c69e37,
gopuff,"Operations Associate, Tuscaloosa, #174","Tuscaloosa, AL",,,https://jobs.lever.co/gopuff/f357917b-7aeb-4050-8aed-b73d145f9bbf,
gopuff,"Operations Associate, Union City, #304","Union City, NJ",,,https://jobs.lever.co/gopuff/034a8b60-b2b0-4231-94a6-dd5672595b64,
gopuff,"Operations Associate, University District, #13","Seattle, WA",,,https://jobs.lever.co/gopuff/2a81d56c-b71f-425e-bfb1-c97993db2a12,
gopuff,"Operations Associate, University Hills, #478","Denver, CO",,,https://jobs.lever.co/gopuff/dbab7496-6b8b-4a98-8590-b46f71749e8e,
gopuff,"Operations Associate, University of Texas, #348","Austin, TX",,,https://jobs.lever.co/gopuff/ecb11d5f-9e6e-4853-9566-e2f2e1ee3570,
gopuff,"Operations Associate, University Park, #117","Orlando, FL",,,https://jobs.lever.co/gopuff/c3bfcce9-3ad7-44db-a065-58ecfdb2be55,
gopuff,"Operations Associate, University Park, #602","Miami, FL",,,https://jobs.lever.co/gopuff/44551b3e-444f-4df7-b5a2-b8492f94b6a2,
gopuff,"Operations Associate, Upper East Side, #839","New York, NY",,,https://jobs.lever.co/gopuff/220f4f1b-0e7b-421c-b228-08d0520a282c,
gopuff,"Operations Associate, Urbana, #37","Urbana, IL",,,https://jobs.lever.co/gopuff/e71970ee-7cde-4b20-959a-c4a9bbdfd931,
gopuff,"Operations Associate, Vickery Meadow, #566","Dallas, TX",,,https://jobs.lever.co/gopuff/cb486833-c367-43b1-8d36-4c6ccbb312e0,
gopuff,"Operations Associate, Waltham, #166","Waltham, MA",,,https://jobs.lever.co/gopuff/19349199-9ee6-4e23-8c20-fb7e38f31343,
gopuff,"Operations Associate, Washington D.C., #206","Washington, D.C.",,,https://jobs.lever.co/gopuff/27ba67b7-af73-40a0-8821-1407ecce9b07,
gopuff,"Operations Associate, Washington D.C., #529","Washington, D.C.",,,https://jobs.lever.co/gopuff/a2a1677a-436e-4250-bbf6-f94672f2d6c0,
gopuff,"Operations Associate, Washington, D.C.","Washington, D.C.",,,https://jobs.lever.co/gopuff/846c83de-f95c-45b7-8fb3-21dd8cdca1f5,
gopuff,"Operations Associate, West Chester, PA #89","West Chester, PA",,,https://jobs.lever.co/gopuff/bf6f5529-97cc-4bf6-8273-bd228c36d7f9,
gopuff,"Operations Associate, West Phoenix, #150","Phoenix, AZ",,,https://jobs.lever.co/gopuff/a5a0a946-38c9-4db4-8a37-f1636e511538,
gopuff,"Operations Associate, West Town, #312","Chicago, IL",,,https://jobs.lever.co/gopuff/628550b7-f7e6-4b75-9410-035b4034d32f,
gopuff,"Operations Associate, Western Park, #86","Raleigh, NC",,,https://jobs.lever.co/gopuff/832dbd58-4f85-4e1a-9b6b-0bdff6253bac,
gopuff,"Operations Associate, Westminster, #110","Westminster, CO",,,https://jobs.lever.co/gopuff/075f605b-bd28-463e-abe3-0236926ee04d,
gopuff,"Operations Associate, Wheat Ridge, #616","Wheat Ridge, CO",,,https://jobs.lever.co/gopuff/84ea0d23-c119-42fb-8ac4-1e5ab7b2c243,
gopuff,"Operations Associate, Whitcomb, #279","Richmond, VA",,,https://jobs.lever.co/gopuff/8f6f0fe4-b026-43c6-96c1-6f1b7fe14c19,
gopuff,"Operations Associate, Wilmington, #207","Wilmington, DE",,,https://jobs.lever.co/gopuff/99521fb7-a208-4b2e-9615-7c3e453ea43c,
gopuff,"Operations Associate, Winston Salem, #83","Winston Salem, NC",,,https://jobs.lever.co/gopuff/3a41899c-d239-4ec8-8299-8b4d94b532c5,
gopuff,"Operations Associate, Woodlawn, #606","Woodlawn, MD",,,https://jobs.lever.co/gopuff/adf0d65e-c4dc-420a-8ec7-f263702304c7,
gopuff,"Operations Associate, Woodlyn, #625","Woodlyn, PA",,,https://jobs.lever.co/gopuff/ab17e7a9-9b39-4c0e-a8c2-f771f6924f4f,
gopuff,"Operations Associate, Worcester, #201","Worcester, MA",,,https://jobs.lever.co/gopuff/9466c9cd-0605-4137-86ad-548fb0ea9d44,
gopuff,"Operations Associate, Wrigleyville, #182","Chicago, IL",,,https://jobs.lever.co/gopuff/14f0766b-c335-46d8-b972-04f5fdf37663,
gopuff,Operations Supervisor,East London,,,https://jobs.lever.co/gopuff/2120150c-fcca-4e16-9540-d61a8fd5b442,
gopuff,Operations Supervisor,"Salford, England",,,https://jobs.lever.co/gopuff/a14ba38e-d353-4f7d-b464-5aa56c9e44fc,
gopuff,Principal Analytics Engineer,United States,,,https://jobs.lever.co/gopuff/7fb79da9-b5d3-4238-9936-74fbd7838674,
gopuff,Principal Machine Learning Engineer - Consumer Personalization & Generative AI,United States,,,https://jobs.lever.co/gopuff/3c2c53f1-178f-43a0-be18-309c1d06e00b,
gopuff,"Process Lead, Bethlehem, #111","Bethlehem, PA",,,https://jobs.lever.co/gopuff/6fefde59-a19e-4889-88a9-93bdb494d88f,
gopuff,"Process Lead, Brooklyn, #892","Brooklyn, NY",,,https://jobs.lever.co/gopuff/1e127fb0-11ca-49de-87b6-8683f70d8950,
gopuff,"Process Lead, Cicero, #297","Cicero, IL",,,https://jobs.lever.co/gopuff/af9414c2-b74e-4132-a577-17f833d3e2c6,
gopuff,"Process Lead, Cleveland, #194","Cleveland, OH",,,https://jobs.lever.co/gopuff/44c633a1-934c-43e3-ae96-fae1b3a15bd7,
gopuff,"Process Lead, Germantown, #176","Philadelphia, PA",,,https://jobs.lever.co/gopuff/e1faaf4d-a416-4f24-86af-0295f57395ee,
gopuff,"Process Lead, Hartford, #69","Hartford, CT",,,https://jobs.lever.co/gopuff/44ba8e5b-c752-4112-a85f-5502a19a563d,
gopuff,"Process Lead, New York, #1367","New York, NY",,,https://jobs.lever.co/gopuff/d4dda7d6-23c6-456a-94f0-422f17acab04,
gopuff,"Process Lead, New York, #807","New York, NY",,,https://jobs.lever.co/gopuff/faa8341c-2343-4e66-998e-def26de966da,
gopuff,"Process Lead, Philadelphia, #30","Philadelphia, PA",,,https://jobs.lever.co/gopuff/50896cb9-c2f2-4ebb-8ff2-61b552d831f1,
gopuff,"Retail Key Holder,  San Jose - Blossom Hill, #459","San Jose, CA",,,https://jobs.lever.co/gopuff/e9f78d50-ffd7-4b90-aa97-3a1b5514b26f,
gopuff,"Retail Key Holder, Albany, #449","Albany, CA",,,https://jobs.lever.co/gopuff/846e7480-5422-4d30-a742-8780094c41f5,
gopuff,"Retail Key Holder, Anaheim Hills, #420","Anaheim Hills, CA",,,https://jobs.lever.co/gopuff/af1a5bc6-c3f7-4d12-a57d-7afa7816bbef,
gopuff,"Retail Key Holder, Antioch, #428","Antioch, CA",,,https://jobs.lever.co/gopuff/12b92dec-d363-4a18-a860-ff0c141eac8e,
gopuff,"Retail Key Holder, Auburn, #1435","Auburn, CA",,,https://jobs.lever.co/gopuff/d73291f2-04c1-42f1-9d88-c02f2f3a93fb,
gopuff,"Retail Key Holder, Bakersfield, #469","Bakersfield, CA",,,https://jobs.lever.co/gopuff/75f44bca-a0b3-4532-b980-fcc612701059,
gopuff,"Retail Key Holder, Ballard, #523","Ballard, WA",,,https://jobs.lever.co/gopuff/94da37c9-7519-47d1-a8d8-fb6e06b23254,
gopuff,"Retail Key Holder, Bellevue, #598","Bellevue, WA",,,https://jobs.lever.co/gopuff/e941c3c4-b37a-459c-860d-04c37a1a89ae,
gopuff,"Retail Key Holder, Bellingham #599","Bellingham, WA",,,https://jobs.lever.co/gopuff/75504848-0aa2-4e69-9b3d-f64da87df7e3,
gopuff,"Retail Key Holder, Burbank, #498","Burbank, CA",,,https://jobs.lever.co/gopuff/cd2392d8-4934-48a3-88a8-cb78305fbc0a,
gopuff,"Retail Key Holder, Burlingame #512","Burlingame, CA",,,https://jobs.lever.co/gopuff/52d5286b-4d3f-402b-851f-6fcbaa17ea3c,
gopuff,"Retail Key Holder, Camarillo, #1442","Camarillo, CA",,,https://jobs.lever.co/gopuff/da66e4a9-6576-40a5-92dc-021601713712,
gopuff,"Retail Key Holder, Canoga Park, #452","Canoga Park, CA",,,https://jobs.lever.co/gopuff/7d9f1935-a2f1-446b-9e2f-881f0404d4e3,
gopuff,"Retail Key Holder, Capitola #785","Capitola, CA",,,https://jobs.lever.co/gopuff/ed87f852-59df-4114-97b0-c2cf2f1db1d9,
gopuff,"Retail Key Holder, Carlsbad, #1452","Carlsbad, CA",,,https://jobs.lever.co/gopuff/c06d244c-5272-4308-ac0e-ea7fcda9f4b5,
gopuff,"Retail Key Holder, Carmel Mountain #447","Carmel, CA",,,https://jobs.lever.co/gopuff/6b1dc637-d45b-4223-b606-269a4c501284,
gopuff,"Retail Key Holder, Carmel, #1434","Carmel, CA",,,https://jobs.lever.co/gopuff/55367823-b48f-4b33-b24d-f1a79591d07d,
gopuff,"Retail Key Holder, Chandler, #451","Chandler, AZ",,,https://jobs.lever.co/gopuff/a51f7f8a-88a5-43b0-80d1-83255d663cda,
gopuff,"Retail Key Holder, Chico, #1020","Chico, CA",,,https://jobs.lever.co/gopuff/882daa47-7f5c-4ba2-8cf8-543ae1f2a023,
gopuff,"Retail Key Holder, Chino, #409","Chino, CA",,,https://jobs.lever.co/gopuff/6020e27f-6cd0-40b6-a8d7-7e4e0ac2a530,
gopuff,"Retail Key Holder, Chula Vista, #509","Chula Vista, CA",,,https://jobs.lever.co/gopuff/4d57e87e-e514-48c3-97e0-75ecb5037496,
gopuff,"Retail Key Holder, Citrus Heights, #435","Citrus Heights, CA",,,https://jobs.lever.co/gopuff/38ef2020-2e33-4a6b-bbed-9a24adc7a1b2,
gopuff,"Retail Key Holder, City of Industry, #499","City of Industry, CA",,,https://jobs.lever.co/gopuff/9815245b-5b00-4b3c-ba11-ed445f16598a,
gopuff,"Retail Key Holder, Clovis, #417","Clovis, CA",,,https://jobs.lever.co/gopuff/58ba9da2-1dbf-4198-ac53-2c37c8071892,
gopuff,"Retail Key Holder, Colma #405","Colma, CA",,,https://jobs.lever.co/gopuff/7ef1edc9-01c5-408f-a2e8-944495283afa,
gopuff,"Retail Key Holder, Corona #473","Corona, CA",,,https://jobs.lever.co/gopuff/9a00a50e-9889-47e9-bae9-8021044ed285,
gopuff,"Retail Key Holder, Costa Mesa, #441","Costa Mesa, CA",,,https://jobs.lever.co/gopuff/5243f481-dc36-4cf0-afa6-aaa4c041ad63,
gopuff,"Retail Key Holder, Culver City, #423","Culver City, CA",,,https://jobs.lever.co/gopuff/68179977-0426-438f-8b30-852b523e9f29,
gopuff,"Retail Key Holder, Cypress, #453","Cypress, CA",,,https://jobs.lever.co/gopuff/c9fffdf6-8e36-4e8b-b62c-608ddc5a798b,
gopuff,"Retail Key Holder, Dana-Point, #1444","Dana Point, CA",,,https://jobs.lever.co/gopuff/f0d1acc0-27d2-426b-9f5d-90b04838fbc9,
gopuff,"Retail Key Holder, Danville, #487","Danville, CA",,,https://jobs.lever.co/gopuff/0da20b03-b874-47f3-98f6-6c971028bcdf,
gopuff,"Retail Key Holder, East LA","West Covina, CA",,,https://jobs.lever.co/gopuff/7e06a11f-ecee-453c-b126-9d20955014d0,
gopuff,"Retail Key Holder, East Pasadena #454","Pasadena, CA",,,https://jobs.lever.co/gopuff/ec46e7c6-a505-4deb-9d63-5ca4cf6fc738,
gopuff,"Retail Key Holder, El-Centro, #1437","El Centro, CA",,,https://jobs.lever.co/gopuff/718f432c-6283-47f0-9116-fba1fcf02dcc,
gopuff,"Retail Key Holder, Elk-Grove, #421","Elk Grove, CA",,,https://jobs.lever.co/gopuff/3c1116c7-6b5d-48e6-922b-22ee5c2acc56,
gopuff,"Retail Key Holder, Emeryville, #485","Emeryville, CA",,,https://jobs.lever.co/gopuff/ed135c77-b6f6-4499-8e0d-180621965a37,
gopuff,"Retail Key Holder, Encinitas, #483","Encinitas, CA",,,https://jobs.lever.co/gopuff/4e72d696-1549-451e-9ba5-8eb12c30ccac,
gopuff,"Retail Key Holder, Encino, #491","Encino, CA",,,https://jobs.lever.co/gopuff/0a3ec462-8efc-4a47-8b2c-85c06ef12366,
gopuff,"Retail Key Holder, Escondido #463","Escondido, CA",,,https://jobs.lever.co/gopuff/67cce7c7-bf53-4dca-9e61-845d9464ebd6,
gopuff,"Retail Key Holder, Eureka, #1438","Eureka, Ca",,,https://jobs.lever.co/gopuff/2bb0e043-1a06-4a8d-9985-badd218c7f6a,
gopuff,"Retail Key Holder, Fairfield, #520","Fairfield, CA",,,https://jobs.lever.co/gopuff/39133034-dbd6-41e2-83b5-2fd33cbe116a,
gopuff,"Retail Key Holder, Folsom, #1453","Folsom, CA",,,https://jobs.lever.co/gopuff/aa5ce0f6-ec6c-4fcc-8011-262356f9fb83,
gopuff,"Retail Key Holder, Fremont #458","Fremont, CA",,,https://jobs.lever.co/gopuff/4dc29e53-46de-499d-8f41-2ba8c3987ed6,
gopuff,"Retail Key Holder, Fresno, #470","Fresno, CA",,,https://jobs.lever.co/gopuff/cd4480c1-1b48-4ef2-94cf-8d11dda0df42,
gopuff,"Retail Key Holder, Gilroy #778","Gilroy, CA",,,https://jobs.lever.co/gopuff/5f54bf4d-671b-4b0e-9305-d76582d35114,
gopuff,"Retail Key Holder, Glendale, #443","Glendale, AZ",,,https://jobs.lever.co/gopuff/77f1d42c-3344-46cf-9623-2a0f4e2fce56,
gopuff,"Retail Key Holder, Glendale, #495","Glendale, CA",,,https://jobs.lever.co/gopuff/b66f1f44-db94-48bb-99de-0198f5de9998,
gopuff,"Retail Key Holder, Glendora, #455","Glendora, CA",,,https://jobs.lever.co/gopuff/b75df69c-b151-4558-944e-41eba0677998,
gopuff,"Retail Key Holder, Goleta #518","Goleta, CA",,,https://jobs.lever.co/gopuff/18b8ef22-2af8-4d8f-9dc2-8c1d7ceec9df,
gopuff,"Retail Key Holder, Goodyear, #412","Goodyear, AZ",,,https://jobs.lever.co/gopuff/9d934e70-4ac0-40de-8622-0d4817bd3f92,
gopuff,"Retail Key Holder, Greenbrae, #511","Greenbrae, CA",,,https://jobs.lever.co/gopuff/c265d92b-8fd7-41e9-b3ef-85f1a392a403,
gopuff,"Retail Key Holder, Happy Valley, #475","Happy Valley, AZ",,,https://jobs.lever.co/gopuff/c2dd70cf-76b4-477c-9792-bd833ed9f2e0,
gopuff,"Retail Key Holder, Huntington Beach, #442","Huntington Beach, CA",,,https://jobs.lever.co/gopuff/7f51618d-10b7-4a38-9b4e-f9c5637de1a0,
gopuff,"Retail Key Holder, Irvine, #440","Irvine, CA",,,https://jobs.lever.co/gopuff/02c3af04-c74f-48bd-bbab-88875aa9ad82,
gopuff,"Retail Key Holder, Issaquah, #600","Issaquah, WA",,,https://jobs.lever.co/gopuff/abaa2963-5b79-4ce3-bcbb-69e6af3e982d,
gopuff,"Retail Key Holder, La Cienega, #786","La Cienega, CA",,,https://jobs.lever.co/gopuff/101dfa5b-7b6d-41e3-bd3c-3340bef2ff0a,
gopuff,"Retail Key Holder, La Jolla, #1016","La Jolla, CA",,,https://jobs.lever.co/gopuff/424bc40a-1c5d-47c6-9bfd-6a88d70d943c,
gopuff,"Retail Key Holder, La Mesa, #404","La Mesa, CA",,,https://jobs.lever.co/gopuff/b5464717-4bf7-4d45-bdcb-9a22ef800938,
gopuff,"Retail Key Holder, La Quinta #456","La Quinta, CA",,,https://jobs.lever.co/gopuff/a22a70a6-8543-4ccb-aa6f-302307b49cea,
gopuff,"Retail Key Holder, Ladera Ranch, $489","Ladera Ranch, CA",,,https://jobs.lever.co/gopuff/091b76ee-03dc-44d8-be77-7d4b4eb8c8d6,
gopuff,"Retail Key Holder, Lafayette, #1448","Lafayette, CA",,,https://jobs.lever.co/gopuff/0238da32-a19d-42bc-99d7-b9351d61a6dd,
gopuff,"Retail Key Holder, Laguna Niguel #516","Laguna Niguel, CA",,,https://jobs.lever.co/gopuff/485fff12-71b0-4884-a09f-6691383433e4,
gopuff,"Retail Key Holder, Lake Forest, #474","Lake Forest, CA",,,https://jobs.lever.co/gopuff/3538b7a7-360f-479c-9634-7e6ce76e13e3,
gopuff,"Retail Key Holder, Lakewood, #505","Lakewood, CA",,,https://jobs.lever.co/gopuff/18d38dc3-008d-443f-ad3f-2c8b4b530112,
gopuff,"Retail Key Holder, Livermore, #1445","Livermore, CA",,,https://jobs.lever.co/gopuff/ea67eac1-8c1f-4b78-b24f-d6fb65d6b5ad,
gopuff,"Retail Key Holder, Lodi, #1450","Lodi, CA",,,https://jobs.lever.co/gopuff/79e3fd27-6d61-4cde-b30f-71c290098af9,
gopuff,"Retail Key Holder, Long Beach, #503","Long Beach, CA",,,https://jobs.lever.co/gopuff/a8b56bad-b2c0-4838-b286-be560d302320,
gopuff,"Retail Key Holder, Los Altos, #1019","Los Altos, CA",,,https://jobs.lever.co/gopuff/f3bb3a64-b971-4be5-9358-2a7bac602c21,
gopuff,"Retail Key Holder, Los Gatos, #1476","Los Gatos, CA",,,https://jobs.lever.co/gopuff/3784ff13-31dd-4730-9c71-a9a010e6d45f,
gopuff,"Retail Key Holder, Manhattan Beach, #429","Manhattan Beach, CA",,,https://jobs.lever.co/gopuff/7ad12b62-c4aa-4b99-915d-f635256cb3d0,
gopuff,"Retail Key Holder, Marina Del Rey, #507","Marina Del Rey, CA",,,https://jobs.lever.co/gopuff/9137f4fe-983b-4e5a-bda3-858e37e1fd13,
gopuff,"Retail Key Holder, Menlo Park, #521","Menlo Park, CA",,,https://jobs.lever.co/gopuff/134ab055-d259-493b-bf2b-060147871c4b,
gopuff,"Retail Key Holder, Milpitas, #400","Milpitas, CA",,,https://jobs.lever.co/gopuff/21846ef0-6bda-47bd-98d3-6804afdc2100,
gopuff,"Retail Key Holder, Mira Loma, #1118","Mira Loma, CA",,,https://jobs.lever.co/gopuff/c37688b2-32d9-4966-8e12-864f5907cccc,
gopuff,"Retail Key Holder, Mira Mesa, #401","Mira Mesa, CA",,,https://jobs.lever.co/gopuff/b57d0eee-8d03-4768-b996-a7e72165ace9,
gopuff,"Retail Key Holder, Mission Valley #1456","Mission Valley, CA",,,https://jobs.lever.co/gopuff/bf171484-e6a9-409c-b421-eab358f992aa,
gopuff,"Retail Key Holder, Mission-Valley, #501","Mission Valley, CA",,,https://jobs.lever.co/gopuff/6ae48374-6926-478a-bf4b-9bb853a2340d,
gopuff,"Retail Key Holder, Modesto, #784","Modesto, CA",,,https://jobs.lever.co/gopuff/71bd4275-7616-4844-ac54-a83157830ad7,
gopuff,"Retail Key Holder, Moreno-Valley, #444","Moreno Valley, CA",,,https://jobs.lever.co/gopuff/a779bfda-45fd-4026-bdba-3e19ff1198f5,
gopuff,"Retail Key Holder, Murrieta, #517","Murrieta, CA",,,https://jobs.lever.co/gopuff/2512f35e-7b5a-406e-8d4d-655760fdf9a9,
gopuff,"Retail Key Holder, Napa North, #1451","Napa, CA",,,https://jobs.lever.co/gopuff/94e338f9-d88e-48da-bacb-b3d8e587eb75,
gopuff,"Retail Key Holder, Novato, #1119","Novato, CA",,,https://jobs.lever.co/gopuff/457e00b4-b80a-4c20-a161-607005ab1201,
gopuff,"Retail Key Holder, Oakgrove-Walnut Creek, #514","Walnut Creek, CA",,,https://jobs.lever.co/gopuff/078a8241-8681-402e-922f-e3ef659dc875,
gopuff,"Retail Key Holder, Oakland, #403","Oakland, CA",,,https://jobs.lever.co/gopuff/9c1ee498-aa86-4894-b342-66a631e4b9f1,
gopuff,"Retail Key Holder, Oceanside, #413","Oceanside, CA",,,https://jobs.lever.co/gopuff/bc0bac32-e9a8-4f4d-9775-ce66f4a15732,
gopuff,"Retail Key Holder, Orange, #408","Orange, CA",,,https://jobs.lever.co/gopuff/83264d46-9e0f-4e1a-9b76-997cce69f98f,
gopuff,"Retail Key Holder, Orinda, #490","Orinda, CA",,,https://jobs.lever.co/gopuff/2dfbd2b9-834d-4c25-8d53-ac8a5fc45e49,
gopuff,"Retail Key Holder, Palm-Springs, #1152","Palm Springs, CA",,,https://jobs.lever.co/gopuff/f4efbaea-b37f-457b-a14a-71262dde3923,
gopuff,"Retail Key Holder, Palmdale, #439","Palmdale, CA",,,https://jobs.lever.co/gopuff/620f3c79-83f2-4fb1-af0f-9c833d0315bf,
gopuff,"Retail Key Holder, Pasadena, #416","Pasadena, CA",,,https://jobs.lever.co/gopuff/fbc3640b-6f2f-42f1-8188-4f16d1fcfbd5,
gopuff,"Retail Key Holder, Paso Robles, #1449","Paso Robles, CA",,,https://jobs.lever.co/gopuff/eddbb095-4d1a-46e5-80b8-07fa1ed11637,
gopuff,"Retail Key Holder, Peoria #590","Peoria, AZ",,,https://jobs.lever.co/gopuff/840d9752-94d0-4856-8760-8fd0e42b8297,
gopuff,"Retail Key Holder, Petaluma, #1436","Petaluma, CA",,,https://jobs.lever.co/gopuff/6f15ae97-101a-4cff-be33-05b154386923,
gopuff,"Retail Key Holder, Pinole, #461","Pinole, CA",,,https://jobs.lever.co/gopuff/e4667ce4-4e31-4eaa-be3d-8cc004942742,
gopuff,"Retail Key Holder, Pleasanton, #482","Pleasanton, CA",,,https://jobs.lever.co/gopuff/88df47a6-c82a-4936-ad51-96073422c998,
gopuff,"Retail Key Holder, Point Loma #446","Point Loma, CA",,,https://jobs.lever.co/gopuff/3717d822-1e3f-4841-b0b6-b0234eec5cdc,
gopuff,"Retail Key Holder, Rancho Cucamonga, #468","Rancho Cucamonga, CA",,,https://jobs.lever.co/gopuff/31ffee1c-0037-4c68-8e79-edef0398fe3c,
gopuff,"Retail Key Holder, Rancho San Diego, #1443","San Diego, CA",,,https://jobs.lever.co/gopuff/13d3ddf2-5527-4bcb-9eae-8b5f57c94ec5,
gopuff,"Retail Key Holder, Rancho-Santa-Margarita, #1439","Rancho Santa Margarita, CA",,,https://jobs.lever.co/gopuff/86448d10-f506-4a82-9d4f-5e1f0dc55dcd,
gopuff,"Retail Key Holder, Redding, #777","Redding, CA",,,https://jobs.lever.co/gopuff/6bf81e27-a630-4144-8251-544f33849522,
gopuff,"Retail Key Holder, Redlands, #472","Redlands, CA",,,https://jobs.lever.co/gopuff/56db14dc-8dca-4a6f-86b7-f3e29ec2754d,
gopuff,"Retail Key Holder, Redmond, #595","Redmond, WA",,,https://jobs.lever.co/gopuff/ab37bdca-7d4f-4a27-bfcd-ec2abf57421e,
gopuff,"Retail Key Holder, Redondo Beach, #1447","Redondo Beach, CA",,,https://jobs.lever.co/gopuff/057b6fed-17bd-4c8e-8aa8-7508aa036e33,
gopuff,"Retail Key Holder, Redwood City #1441","Redwood City, CA",,,https://jobs.lever.co/gopuff/be5c0238-f8dd-488e-959e-140a8767fc06,
gopuff,"Retail Key Holder, Riverbank, #519","Riverbank, CA",,,https://jobs.lever.co/gopuff/305d5642-0a65-4869-af8b-2eb329f76a56,
gopuff,"Retail Key Holder, Riverside, #1440","Riverside, CA",,,https://jobs.lever.co/gopuff/4a8e5a85-e880-4389-b76d-919fa124f893,
gopuff,"Retail Key Holder, Rolling Hills, #415","Rolling Hills, CA",,,https://jobs.lever.co/gopuff/57907d96-5c31-4a38-a4fe-ff3ffe77b18f,
gopuff,"Retail Key Holder, Roseville Fairway, #471","Roseville, CA",,,https://jobs.lever.co/gopuff/c81f28ec-b3ac-4152-a34b-8cef9be99d30,
gopuff,"Retail Key Holder, Roseville, #494","Roseville, CA",,,https://jobs.lever.co/gopuff/50ebc45c-edcf-4224-8991-44951958c4e4,
gopuff,"Retail Key Holder, Sacramento Arden, #437","Sacramento, CA",,,https://jobs.lever.co/gopuff/14c00593-f336-473a-9608-32646ea72c60,
gopuff,"Retail Key Holder, Sacramento-Midtown, #445","Sacramento, CA",,,https://jobs.lever.co/gopuff/0ab96fa3-d491-4936-aaad-b5d78b3031d5,
gopuff,"Retail Key Holder, Sacramento-Natomas, #466","Sacramento, CA",,,https://jobs.lever.co/gopuff/83cf6adb-494f-4b98-a8c8-94e6cfa45ea8,
gopuff,"Retail Key Holder, Salinas, #424","Salinas, CA",,,https://jobs.lever.co/gopuff/531684c5-f450-4e4c-8b1a-0af8a5b59f9c,
gopuff,"Retail Key Holder, San Francisco Geary, #504","San Francisco, CA",,,https://jobs.lever.co/gopuff/1d10609e-9d2a-4be1-ae69-3f97b31ed3bb,
gopuff,"Retail Key Holder, San Leandro, #497","San Leandro, CA",,,https://jobs.lever.co/gopuff/c4f75270-084d-45f8-a724-8a3e3f777c2a,
gopuff,"Retail Key Holder, San Luis Obispo, #492","San Luis Obispo,	CA",,,https://jobs.lever.co/gopuff/d8e465c5-0584-4883-b1ce-77641aebc250,
gopuff,"Retail Key Holder, San Mateo, #496","San Mateo, CA",,,https://jobs.lever.co/gopuff/ec0ad0b6-2897-4bc9-8153-a1982ad5fd0e,
gopuff,"Retail Key Holder, San Rafael #450","San Rafael, CA",,,https://jobs.lever.co/gopuff/6bb69174-ee5e-4bb8-9fd3-a42815c3572d,
gopuff,"Retail Key Holder, San Ramon, #488","San Ramon, CA",,,https://jobs.lever.co/gopuff/cce411df-a448-44f3-af22-0ee513bde450,
gopuff,"Retail Key Holder, San-Francisco-Van-Ness, #434","San Francisco, CA",,,https://jobs.lever.co/gopuff/3ef15a92-b2d5-4c37-af6d-535217299a2f,
gopuff,"Retail Key Holder, San-Jose-West Gate, #464","San Jose, CA",,,https://jobs.lever.co/gopuff/85748831-2b8a-4cb9-847f-d103b597483e,
gopuff,"Retail Key Holder, Santa Barbara, #510","Santa Barbara, CA",,,https://jobs.lever.co/gopuff/659280ce-c0f7-4d0a-8c1c-78a638515be6,
gopuff,"Retail Key Holder, Santa Clara, #407","Santa Clara, CA",,,https://jobs.lever.co/gopuff/473db4e1-ae9d-41e6-a270-cd2c4240adf1,
gopuff,"Retail Key Holder, Santa Clarita, #515","Santa Clarita, CA",,,https://jobs.lever.co/gopuff/19852643-5d0c-49a0-b381-dfb6d2282eec,
gopuff,"Retail Key Holder, Santa Maria, #398","Santa Maria, CA",,,https://jobs.lever.co/gopuff/7d8e2662-d121-462c-bff3-36ee266be18a,
gopuff,"Retail Key Holder, Santa Monica, #427","Santa Monica, CA",,,https://jobs.lever.co/gopuff/2facbfa7-783b-4c3f-bf75-6488a1785625,
gopuff,"Retail Key Holder, Santa Rosa, #402","Santa Rosa, CA",,,https://jobs.lever.co/gopuff/3123a178-6b27-4768-b5f2-c262ec35b744,
gopuff,"Retail Key Holder, Santee, #418","Santee, CA",,,https://jobs.lever.co/gopuff/4abf808c-0e9d-4fc6-bec8-3d8350c21bbd,
gopuff,"Retail Key Holder, Scottsdale, #411","Scottsdale, AZ",,,https://jobs.lever.co/gopuff/b0764030-48ec-4454-899c-2aadce0f6793,
gopuff,"Retail Key Holder, Silverdale #593","Silverdale, WA",,,https://jobs.lever.co/gopuff/89df87db-b5d1-484a-8b7f-16ee0ea14b85,
gopuff,"Retail Key Holder, Simi Valley, #465","Simi Valley, CA",,,https://jobs.lever.co/gopuff/32751ad7-61af-4892-98c6-c46746272920,
gopuff,"Retail Key Holder, Solana-Beach, #1454","Solana Beach, CA",,,https://jobs.lever.co/gopuff/aa969755-a970-4449-9222-30a2e9261002,
gopuff,"Retail Key Holder, South-Lake-Tahoe, #782","South Lake Tahoe, CA",,,https://jobs.lever.co/gopuff/3e5861e6-f7a5-4e93-9a26-6a4970f45c91,
gopuff,"Retail Key Holder, Stockton, #467","Stockton, CA",,,https://jobs.lever.co/gopuff/a3024018-2892-4402-9504-95304df6ab1b,
gopuff,"Retail Key Holder, Studio City, #500","Studio City, CA",,,https://jobs.lever.co/gopuff/b1766e4f-7de1-4e9c-a80e-37d01237da30,
gopuff,"Retail Key Holder, Sunnyvale, #436","Sunnyvale, CA",,,https://jobs.lever.co/gopuff/e5ef9657-20da-4d81-a847-2dab12821b49,
gopuff,"Retail Key Holder, Tacoma, #410","Tacoma, WA",,,https://jobs.lever.co/gopuff/abe984e0-1b19-4afd-a52d-8cbdc0202f2e,
gopuff,"Retail Key Holder, Temecula #780","Temecula, CA",,,https://jobs.lever.co/gopuff/5cb06f93-9ea4-42f6-8aed-c10f08c63af8,
gopuff,"Retail Key Holder, Thousand Oaks #1117","Thousand Oaks, CA",,,https://jobs.lever.co/gopuff/9533759d-75d4-45b6-9e07-8827a227846f,
gopuff,"Retail Key Holder, Torrance #462","Torrance, CA",,,https://jobs.lever.co/gopuff/19731263-d46a-4a5a-b2e7-d5a204b95449,
gopuff,"Retail Key Holder, Tracy, #1021","Tracy, CA",,,https://jobs.lever.co/gopuff/2c448936-7fe2-49e5-a283-18cba3df2cb0,
gopuff,"Retail Key Holder, Tucson Broadway, #448","Tucson, AZ",,,https://jobs.lever.co/gopuff/8d19fb86-4d10-4703-8022-d59dcc5fd1ba,
gopuff,"Retail Key Holder, Tukwila, #596","Seattle, WA",,,https://jobs.lever.co/gopuff/018e12c1-b550-46b6-b871-d5b76c776580,
gopuff,"Retail Key Holder, Turlock, #425","Turlock, CA",,,https://jobs.lever.co/gopuff/0347ac89-0082-47d0-9a4e-a7c29d0bc1b3,
gopuff,"Retail Key Holder, Upland North, #783","Upland, CA",,,https://jobs.lever.co/gopuff/765fe525-167e-4ce1-9819-dd81f519ccea,
gopuff,"Retail Key Holder, Upland South #422","Upland, CA",,,https://jobs.lever.co/gopuff/6c30b0b2-9dc7-489a-851f-832fc68f7010,
gopuff,"Retail Key Holder, Vacaville, #779","Vacaville, CA",,,https://jobs.lever.co/gopuff/c132d846-aede-44d9-b1e2-95efbace6db0,
gopuff,"Retail Key Holder, Valencia, #781","Valencia, CA",,,https://jobs.lever.co/gopuff/2dd48fa3-6ea7-44de-a197-eadd84eef80d,
gopuff,"Retail Key Holder, Van Nuys, #438","Van Nuys, CA",,,https://jobs.lever.co/gopuff/920608f5-9e79-4de6-a510-f2f77295077c,
gopuff,"Retail Key Holder, Vancouver, #594","Vancouver, WA",,,https://jobs.lever.co/gopuff/53bb5eda-c705-4007-96a4-c750a45ddde5,
gopuff,"Retail Key Holder, Ventura, #460","Ventura, CA",,,https://jobs.lever.co/gopuff/6690e3f7-aeec-44c1-a0e4-727263219183,
gopuff,"Retail Key Holder, Visalia, #419","Visalia, CA",,,https://jobs.lever.co/gopuff/f4dc94a2-f52c-4b57-be2d-c47722a20d00,
gopuff,"Retail Key Holder, Vista, #1017","Vista, CA",,,https://jobs.lever.co/gopuff/e022c36c-8209-455d-8e7b-9bf9cdc71eae,
gopuff,"Retail Key Holder, Walnut Creek, #406","Walnut Creek, CA",,,https://jobs.lever.co/gopuff/801ed022-c195-47ac-ac85-55816eb4bb05,
gopuff,"Retail Key Holder, West Covina, #414","West Covina, CA",,,https://jobs.lever.co/gopuff/b397b8e4-0954-46eb-b8ff-f494da066a6c,
gopuff,"Retail Key Holder, West Hollywood, #457","West Hollywood, CA",,,https://jobs.lever.co/gopuff/9eb96b90-3228-45ce-bb0e-b85e3e9a6a62,
gopuff,"Retail Key Holder, West LA","Wilshire, CA",,,https://jobs.lever.co/gopuff/2ac154fb-693a-46b9-99e0-a8545faf0a9e,
gopuff,"Retail Key Holder, West Los Angeles, #508","Los Angeles, CA",,,https://jobs.lever.co/gopuff/96ae7446-059f-4c06-ba04-cd7e4fee7c4b,
gopuff,"Retail Key Holder, Whittier #426","Whittier, CA",,,https://jobs.lever.co/gopuff/37adb829-1a74-412a-8a12-f0d5e5bc9d88,
gopuff,"Retail Key Holder, Willow Glen-SJ, #506","Willow Glen, San Jose",,,https://jobs.lever.co/gopuff/09b9e1b3-c945-4d1b-a1da-16f43ae33384,
gopuff,"Retail Key Holder, Wilshire #502","Wilshire, CA",,,https://jobs.lever.co/gopuff/1b659052-86c5-45a3-84b8-51478c05ab13,
gopuff,Retail Media Specialist,"London, England",,,https://jobs.lever.co/gopuff/702f9588-3656-439f-9a08-f2fe75280f79,
gopuff,"Retail Sales Associate, Albany","Albany, CA",,,https://jobs.lever.co/gopuff/8ba7e681-42c2-46c4-9981-3ef3c1c3fb5c,
gopuff,"Retail Sales Associate, Albany, #449","Albany, CA",,,https://jobs.lever.co/gopuff/ab2d4915-fe80-4bc5-96d4-dd6a3cad7286,
gopuff,"Retail Sales Associate, Antioch, #428","Antioch, CA",,,https://jobs.lever.co/gopuff/16f61630-e746-44e9-8273-4a25f93bdcfc,
gopuff,"Retail Sales Associate, Auburn, #1435","Auburn, CA",,,https://jobs.lever.co/gopuff/136773c8-6e48-4fbc-aae0-ee5a3ee4c61e,
gopuff,"Retail Sales Associate, Bakersfield, #469","Bakersfield, CA",,,https://jobs.lever.co/gopuff/d14b43e1-ed85-43d7-a521-eb0b0b781a2b,
gopuff,"Retail Sales Associate, Ballard","Ballard, WA",,,https://jobs.lever.co/gopuff/7bae7f9e-0f67-4a83-8e35-c3c8bc927181,
gopuff,"Retail Sales Associate, Ballard, #523","Ballard, WA",,,https://jobs.lever.co/gopuff/f02f4a75-918f-42dd-aab5-e013a7e82a22,
gopuff,"Retail Sales Associate, Bayshore, #399","San Francisco, CA",,,https://jobs.lever.co/gopuff/079503e3-631a-4dca-8ae6-4ac9d20029f0,
gopuff,"Retail Sales Associate, Bellevue","Bellevue, WA",,,https://jobs.lever.co/gopuff/d1ad472b-53a5-4523-b09b-90c3f134fb26,
gopuff,"Retail Sales Associate, Bellevue, #598","Bellevue, WA",,,https://jobs.lever.co/gopuff/3d2a2cfa-ab60-4a86-9251-cfbb334cf0a5,
gopuff,"Retail Sales Associate, Bellingham","Bellingham, WA",,,https://jobs.lever.co/gopuff/2bad510f-3a08-4955-9353-f5a38c8c51b5,
gopuff,"Retail Sales Associate, Bellingham, #599","Bellingham, WA",,,https://jobs.lever.co/gopuff/7dcb536b-0df3-4a05-81ca-eac8351ea4d3,
gopuff,"Retail Sales Associate, Burbank, #498","Burbank, CA",,,https://jobs.lever.co/gopuff/160c29e1-d5e0-49eb-a5ec-8829a0ff1b0b,
gopuff,"Retail Sales Associate, Burlingame, #512","Burlingame, CA",,,https://jobs.lever.co/gopuff/3d04bbc7-2d1c-4492-a2db-e296603a28f1,
gopuff,"Retail Sales Associate, Camarillo, #1442","Camarillo, CA",,,https://jobs.lever.co/gopuff/c43488ed-e2c0-42ec-a3f4-e03277088b19,
gopuff,"Retail Sales Associate, Canoga Park, #452","Canoga Park, CA",,,https://jobs.lever.co/gopuff/3d1425b9-10cd-41fd-9f0b-1471a24c4a37,
gopuff,"Retail Sales Associate, Capitola, #785","Capitola, CA",,,https://jobs.lever.co/gopuff/10188840-1b01-44c0-8b2f-de0793dee884,
gopuff,"Retail Sales Associate, Carlsbad, #1452","Carlsbad, CA",,,https://jobs.lever.co/gopuff/dc377f93-f1bd-451a-bf25-f637e2a33ab4,
gopuff,"Retail Sales Associate, Carmel Mountain, #447","San Diego, CA",,,https://jobs.lever.co/gopuff/a6a6542a-0137-4c53-8230-594b987801da,
gopuff,"Retail Sales Associate, Carmel, #1434","Carmel, CA",,,https://jobs.lever.co/gopuff/8d4a25d1-5643-4b5a-acba-fcd2f65f4b87,
gopuff,"Retail Sales Associate, Chandler, #451","Chandler, AZ",,,https://jobs.lever.co/gopuff/6d00a858-e788-4202-9eee-139b7385d7db,
gopuff,"Retail Sales Associate, Chico, #1020","Chico, CA",,,https://jobs.lever.co/gopuff/b9178793-66f3-4700-b344-00dc02ad7e47,
gopuff,"Retail Sales Associate, Chino, #409","Chino, CA",,,https://jobs.lever.co/gopuff/bc4d4485-05f6-40ca-b772-98479bc3442f,
gopuff,"Retail Sales Associate, City of Industry, #499","City of Industry, CA",,,https://jobs.lever.co/gopuff/7bda3bf6-a1ec-4a3e-922a-8ed22e58c3f0,
gopuff,"Retail Sales Associate, Clovis, #417","Clovis,CA",,,https://jobs.lever.co/gopuff/dd30c8a3-6009-4196-821f-da05852e17f8,
gopuff,"Retail Sales Associate, Colma","Colma, CA",,,https://jobs.lever.co/gopuff/6867a708-837c-4164-b032-918d57ff5a3b,
gopuff,"Retail Sales Associate, Colma, #405","Colma, CA",,,https://jobs.lever.co/gopuff/ffd025db-f00b-4b14-9f44-9af79e7ff0d9,
gopuff,"Retail Sales Associate, Costa Mesa, #441","Costa Mesa, CA",,,https://jobs.lever.co/gopuff/9b87d1c9-c3b6-4200-ae68-d091aeb6cf1a,
gopuff,"Retail Sales Associate, Culver City, #423","Culver City, CA",,,https://jobs.lever.co/gopuff/7f93c392-0cf2-4d2c-aac6-7ea2633f2c5b,
gopuff,"Retail Sales Associate, Cypress, #453","Cypress, CA",,,https://jobs.lever.co/gopuff/b4059e74-f773-4196-b195-4b64b1effdf2,
gopuff,"Retail Sales Associate, Dana Point","Dana Point, CA",,,https://jobs.lever.co/gopuff/0d700227-5146-4f5b-94a1-130822c03c04,
gopuff,"Retail Sales Associate, Dana Point, #1444","Dana Point, CA",,,https://jobs.lever.co/gopuff/1f4cd3ff-6804-4757-879d-444165446485,
gopuff,"Retail Sales Associate, Danville, #487","Danville, CA",,,https://jobs.lever.co/gopuff/10ba6e69-5b2a-436b-8785-b2d113af682d,
gopuff,"Retail Sales Associate, East Pasadena, #454","Los Angeles, CA",,,https://jobs.lever.co/gopuff/c02c1596-2d41-4e4f-ae21-c716d5604a83,
gopuff,"Retail Sales Associate, East Vancouver, #594","Vancouver, WA",,,https://jobs.lever.co/gopuff/117ef090-52e3-4350-92f8-57762ec066c0,
gopuff,"Retail Sales Associate, El Centro, #1437","El Centro, CA",,,https://jobs.lever.co/gopuff/8cea1646-275c-4568-8d1e-35737fd88372,
gopuff,"Retail Sales Associate, Elk Grove, #421","Elk Grove, CA",,,https://jobs.lever.co/gopuff/9e7fe1d4-d7e0-43fc-a4cf-087b4e6067ce,
gopuff,"Retail Sales Associate, Emeryville","Emeryville, CA",,,https://jobs.lever.co/gopuff/f59045b5-435b-452f-88d2-ceca632c399b,
gopuff,"Retail Sales Associate, Emeryville, #485","Emeryville, CA",,,https://jobs.lever.co/gopuff/7c0d6437-2909-45be-9a9a-6b9c5e58c702,
gopuff,"Retail Sales Associate, Encinitas","Encinitas, CA",,,https://jobs.lever.co/gopuff/7670025f-8840-421e-9e1e-248b18a33582,
gopuff,"Retail Sales Associate, Encinitas, #483","Encinitas, CA",,,https://jobs.lever.co/gopuff/538b351b-9f28-41f1-ad89-4eca7047f3e9,
gopuff,"Retail Sales Associate, Encino, #491","Encino, CA",,,https://jobs.lever.co/gopuff/ef247986-7b89-4cb6-9b10-631a972287c7,
gopuff,"Retail Sales Associate, Eureka, #1438","Eureka, Ca",,,https://jobs.lever.co/gopuff/3f296d5f-d14a-4b9b-9bc7-a10b27006642,
gopuff,"Retail Sales Associate, Fairfield, #520","Fairfield, CA",,,https://jobs.lever.co/gopuff/1b6ae8c7-bec0-4a00-a538-d2e061885277,
gopuff,"Retail Sales Associate, Folsom, #1453","Folsom, CA",,,https://jobs.lever.co/gopuff/242957ae-439a-49ac-be82-c0399d89ded5,
gopuff,"Retail Sales Associate, Fresno, #470","Fresno, CA",,,https://jobs.lever.co/gopuff/e0cc29a4-56d4-48ac-9fe9-5b9fb83a76f0,
gopuff,"Retail Sales Associate, Gilroy, #778","Gilroy, CA",,,https://jobs.lever.co/gopuff/c374ed38-3173-45cb-9755-8dd629ab638e,
gopuff,"Retail Sales Associate, Glendale, #495","Glendale, CA",,,https://jobs.lever.co/gopuff/5beea0a0-4436-4ab6-9327-f46f03f20550,
gopuff,"Retail Sales Associate, Glendora, #455","San Dimas, CA",,,https://jobs.lever.co/gopuff/3dee98e9-fe6a-473e-ac10-c9eebc012a1f,
gopuff,"Retail Sales Associate, Goleta, #518","Goleta, CA",,,https://jobs.lever.co/gopuff/7a1f7c31-b2f5-4da2-a4f4-066d290d4f3a,
gopuff,"Retail Sales Associate, Goodyear, #412","Goodyear, AZ",,,https://jobs.lever.co/gopuff/801d6d3e-d44f-4a0f-9a95-b61eb8492128,
gopuff,"Retail Sales Associate, Happy Valley, #475","Phoenix, AZ",,,https://jobs.lever.co/gopuff/862b46eb-32b0-4497-86a3-7cc21d68cd6e,
gopuff,"Retail Sales Associate, Huntington Beach, #442","Huntington Beach, CA",,,https://jobs.lever.co/gopuff/0760c532-9e3d-45a3-b002-8e2f254c85dd,
gopuff,"Retail Sales Associate, Irvine","Irvine, CA",,,https://jobs.lever.co/gopuff/e8e91dcc-c182-4034-9741-2d9e39dc76b0,
gopuff,"Retail Sales Associate, Irvine, #440","Irvine, CA",,,https://jobs.lever.co/gopuff/c2b52a30-90ba-4757-bea1-c3bdaa710233,
gopuff,"Retail Sales Associate, Issaquah","Issaquah, WA",,,https://jobs.lever.co/gopuff/0b94bda8-58ec-4c1c-aefd-23a1462da3cd,
gopuff,"Retail Sales Associate, Issaquah, #600","Issaquah, WA",,,https://jobs.lever.co/gopuff/89cbb062-a72e-4fb0-b922-8f1ad948041f,
gopuff,"Retail Sales Associate, La Cienega","La Cienega, CA",,,https://jobs.lever.co/gopuff/be23c9d2-3355-4e3a-b007-cea5d68d92a7,
gopuff,"Retail Sales Associate, La Cienega, #786","La Cienega, CA",,,https://jobs.lever.co/gopuff/56f617a0-ab0c-4a91-a738-77453d7ba0c9,
gopuff,"Retail Sales Associate, La Jolla","San Diego, CA",,,https://jobs.lever.co/gopuff/5195e701-c27d-40cc-955f-638b1cc348fd,
gopuff,"Retail Sales Associate, La Jolla, #1016","San Diego, CA",,,https://jobs.lever.co/gopuff/7b18766e-103a-4a35-97f1-f6d0a5c3c873,
gopuff,"Retail Sales Associate, La Mesa, #404","La Mesa, CA",,,https://jobs.lever.co/gopuff/88680d41-1971-471c-94dc-200fac68f641,
gopuff,"Retail Sales Associate, Ladera Ranch, #489","Ladera Ranch, CA",,,https://jobs.lever.co/gopuff/9a78146e-b406-4ce5-beca-371e49653ac1,
gopuff,"Retail Sales Associate, Lafayette, #1448","Lafayette, CA",,,https://jobs.lever.co/gopuff/78b71c12-e479-4e0a-8fd5-0824312630b7,
gopuff,"Retail Sales Associate, Laguna Niguel, #516","Laguna Niguel, CA",,,https://jobs.lever.co/gopuff/b7ae2b1e-48be-4ee9-90e5-6c5ce339ba52,
gopuff,"Retail Sales Associate, Lake Forest, #474","Lake Forest, CA",,,https://jobs.lever.co/gopuff/8184864c-1bc3-41e3-8131-3dcd99d83d8d,
gopuff,"Retail Sales Associate, Lakewood, #505","Lakewood, CA",,,https://jobs.lever.co/gopuff/92941977-fa08-48b3-a5d5-ff9be2af7cfe,
gopuff,"Retail Sales Associate, Livermore, #1445","Livermore, CA",,,https://jobs.lever.co/gopuff/24b018f0-b5f6-4c1d-9d9d-513589a4c1e9,
gopuff,"Retail Sales Associate, Lodi, #1450","Lodi, CA",,,https://jobs.lever.co/gopuff/f9ed28b3-81b8-458f-a17a-c23d47b2240a,
gopuff,"Retail Sales Associate, Los Altos, #1019","Los Altos, CA",,,https://jobs.lever.co/gopuff/93a2799f-f29f-47d5-90b1-57369c5d1d0e,
gopuff,"Retail Sales Associate, Los Angeles","Los Angeles, CA",,,https://jobs.lever.co/gopuff/f5674d03-32f9-42c2-a61d-7140a910a574,
gopuff,"Retail Sales Associate, Los Gatos, #1476","Los Gatos, CA",,,https://jobs.lever.co/gopuff/717c9c4c-6b1d-45cb-af32-0d75cb8b4ef1,
gopuff,"Retail Sales Associate, Manhattan Beach, #429","Manhattan Beach, CA",,,https://jobs.lever.co/gopuff/63cbe8f9-066b-4329-a771-4e20238580cf,
gopuff,"Retail Sales Associate, Marina Del Rey, #507","Marina Del Rey, CA",,,https://jobs.lever.co/gopuff/d93db36b-8df9-4670-804a-766e9f1fa27a,
gopuff,"Retail Sales Associate, Menlo Park","Menlo Park, CA",,,https://jobs.lever.co/gopuff/eb9cad10-4e2d-4ad1-945a-80f29a73db6c,
gopuff,"Retail Sales Associate, Menlo Park, #521","Menlo Park, CA",,,https://jobs.lever.co/gopuff/3b1b8d21-7374-4b86-a4f8-141365af19c1,
gopuff,"Retail Sales Associate, Milpitas, #400","Milpitas, CA",,,https://jobs.lever.co/gopuff/6ce36a4b-03da-470e-aa79-fafee07fc07c,
gopuff,"Retail Sales Associate, Mission Valley North, #1456","San Diego, CA",,,https://jobs.lever.co/gopuff/6a4d43f5-ae6e-443a-bfd1-3ec852445ea5,
gopuff,"Retail Sales Associate, Mission Valley, #501","San Diego, CA",,,https://jobs.lever.co/gopuff/3e385da2-6847-4bc4-9693-3e2337733c2d,
gopuff,"Retail Sales Associate, Modesto, #784","Modesto, CA",,,https://jobs.lever.co/gopuff/fe659798-d5c1-4ae4-a84a-da460b28d228,
gopuff,"Retail Sales Associate, Moreno Valley, #444","Moreno Valley, CA",,,https://jobs.lever.co/gopuff/b66d9dbb-04c7-4707-b392-5c099f6b6cb1,
gopuff,"Retail Sales Associate, Murrieta, #517","Murrieta, CA",,,https://jobs.lever.co/gopuff/91b9ebfc-2ab6-4f01-8ad9-d971331ef7f4,
gopuff,"Retail Sales Associate, Napa","Napa, CA",,,https://jobs.lever.co/gopuff/fc3d058e-7a81-4e98-9877-19f775edadf3,
gopuff,"Retail Sales Associate, Napa, #1451","Napa, CA",,,https://jobs.lever.co/gopuff/9a3d6287-7a04-4786-868a-230b864d4286,
gopuff,"Retail Sales Associate, Oceanside, #413","Oceanside, CA",,,https://jobs.lever.co/gopuff/aedd102c-1d4e-4d9d-a86a-c5086f208ed7,
gopuff,"Retail Sales Associate, Orange County","Orange County, CA",,,https://jobs.lever.co/gopuff/be854d2a-08d0-4945-9c39-9acd6bf747f8,
gopuff,"Retail Sales Associate, Orange, #408","Orange, CA",,,https://jobs.lever.co/gopuff/cefca8e9-75b3-468d-9f59-d5fa4336e52f,
gopuff,"Retail Sales Associate, Orinda","Orinda, CA",,,https://jobs.lever.co/gopuff/148f62ae-131e-4ad9-9eac-b7fb13e0aa91,
gopuff,"Retail Sales Associate, Orinda, #490","Orinda, CA",,,https://jobs.lever.co/gopuff/7f8fe191-6ab6-4998-8189-0ce1df52448c,
gopuff,"Retail Sales Associate, Palm Springs, #1152","Palm Springs, CA",,,https://jobs.lever.co/gopuff/7c22fba0-a9c3-43e4-bd7a-9ad532b0e21f,
gopuff,"Retail Sales Associate, Palmdale, #439","Palmdale, CA",,,https://jobs.lever.co/gopuff/1e0a7559-ccfa-4cf6-a8c9-cb4af7ede4fe,
gopuff,"Retail Sales Associate, Pasadena, #416","Pasadena, CA",,,https://jobs.lever.co/gopuff/363042d9-3d30-42c6-915d-817750aa9e36,
gopuff,"Retail Sales Associate, Paso Robles, #1449","Paso Robles, CA",,,https://jobs.lever.co/gopuff/ea9e123a-a844-461e-a0e0-53a6226228b2,
gopuff,"Retail Sales Associate, Peoria, #590","Peoria, AZ",,,https://jobs.lever.co/gopuff/7ad9a2fa-8787-4fce-97ee-75acda14943e,
gopuff,"Retail Sales Associate, Petaluma, #1436","Petaluma, CA",,,https://jobs.lever.co/gopuff/3971da98-ee53-47ca-8632-3d11808e7e0f,
gopuff,"Retail Sales Associate, Pinole","Pinole, CA",,,https://jobs.lever.co/gopuff/f3ccd8b0-1d3a-4970-b07f-375ae24ef1a8,
gopuff,"Retail Sales Associate, Pinole, #461","Pinole, CA",,,https://jobs.lever.co/gopuff/125da0be-7f03-414e-aa0a-c60702c95803,
gopuff,"Retail Sales Associate, Pleasanton, #482","Pleasanton, CA",,,https://jobs.lever.co/gopuff/f93be953-95bb-469f-a9b1-552bc72b1e69,
gopuff,"Retail Sales Associate, Point Loma, #446","San Diego, CA",,,https://jobs.lever.co/gopuff/07dd84fc-5c6d-4dc3-9ff1-278d0333b598,
gopuff,"Retail Sales Associate, Rancho San Diego, #1443","El Cajon, CA",,,https://jobs.lever.co/gopuff/e8029b65-ed37-457b-b58b-1e6a57c58587,
gopuff,"Retail Sales Associate, Rancho-Cucamonga, #468","Rancho Cucamonga, CA",,,https://jobs.lever.co/gopuff/b54782cf-ecea-43c1-b565-49aa035a3c0c,
gopuff,"Retail Sales Associate, Redding, #777","Redding, CA",,,https://jobs.lever.co/gopuff/edc07bf7-15e4-48cf-922d-9d72ceb0056c,
gopuff,"Retail Sales Associate, Redlands, #472","Redlands, CA",,,https://jobs.lever.co/gopuff/fa8f4e79-4f81-428b-aa2c-c388ebebd413,
gopuff,"Retail Sales Associate, Redmond","Redmond, WA",,,https://jobs.lever.co/gopuff/295ac19a-752f-449f-9ff3-656b14e31357,
gopuff,"Retail Sales Associate, Redmond, #595","Redmond, WA",,,https://jobs.lever.co/gopuff/8a164aea-9c80-4088-9bd4-f3e994a7c80e,
gopuff,"Retail Sales Associate, Redondo Beach, #1447","Torrance, CA",,,https://jobs.lever.co/gopuff/15eeddd3-51b7-400d-a45b-c6a5e88e1696,
gopuff,"Retail Sales Associate, Redwood-City, #1441","Redwood City, CA",,,https://jobs.lever.co/gopuff/4ffe073d-35ef-4bb1-8ecc-df2c5d4cc0f2,
gopuff,"Retail Sales Associate, Riverbank, #519","Riverbank, CA",,,https://jobs.lever.co/gopuff/ac9379c0-416d-4bec-b95c-d5372596f3ec,
gopuff,"Retail Sales Associate, Riverside, #1440","Riverside, CA",,,https://jobs.lever.co/gopuff/73adafcd-3754-4246-bcef-33b5b51a4916,
gopuff,"Retail Sales Associate, Rolling Hills, #415","Torrance, CA",,,https://jobs.lever.co/gopuff/5b993abe-fc19-49e9-b463-0bad4504ac48,
gopuff,"Retail Sales Associate, Roseville Fairway","Roseville, CA",,,https://jobs.lever.co/gopuff/c56d388a-d653-4639-868d-167c4645c6fb,
gopuff,"Retail Sales Associate, Roseville Fairway, #471","Roseville, CA",,,https://jobs.lever.co/gopuff/5104c18d-2c1a-46ca-8f5c-fec1982cd4bc,
gopuff,"Retail Sales Associate, Roseville, #494","Roseville, CA",,,https://jobs.lever.co/gopuff/d339b25d-adc4-4e19-b2e4-87b36f54bb1d,
gopuff,"Retail Sales Associate, Sacramento Arden, #437","Sacramento, CA",,,https://jobs.lever.co/gopuff/90625849-42c5-43ce-acb3-bcf51be236bd,
gopuff,"Retail Sales Associate, Sacramento Natomas, #466","Sacramento, CA",,,https://jobs.lever.co/gopuff/529f06c0-d6e3-41ae-a161-cf4e0c65e4e2,
gopuff,"Retail Sales Associate, San Bruno, #1446","San Bruno, CA",,,https://jobs.lever.co/gopuff/2aa1e8fa-7d14-464f-8e7d-29ebbf0dd16c,
gopuff,"Retail Sales Associate, San Diego","San Diego, CA",,,https://jobs.lever.co/gopuff/5a218d04-5503-4745-b3d0-9cd95689332e,
gopuff,"Retail Sales Associate, San Francisco","San Francisco, CA",,,https://jobs.lever.co/gopuff/315b6dca-6814-406d-8a7c-1b21a614d918,
gopuff,"Retail Sales Associate, San Francisco Geary, #504","San Francisco, CA",,,https://jobs.lever.co/gopuff/d0b79f69-4abe-46db-899d-1256d85673ac,
gopuff,"Retail Sales Associate, San Jose - Blossom Hill, #459","San Jose, CA",,,https://jobs.lever.co/gopuff/a4d4dfd8-5978-4d2a-bd23-d144f0addaf1,
gopuff,"Retail Sales Associate, San Jose-West Gate, #464","San Jose, CA",,,https://jobs.lever.co/gopuff/c889dfa8-c43c-4596-9bb1-7b0bdbf9927c,
gopuff,"Retail Sales Associate, San Leandro, #497","San Leandro, CA",,,https://jobs.lever.co/gopuff/d4549a09-67ed-4032-b5c5-b649347cc4d7,
gopuff,"Retail Sales Associate, San Luis Obispo, #492","San Luis Obispo,	CA",,,https://jobs.lever.co/gopuff/0c7068d6-439f-4cc5-9044-ee476d005275,
gopuff,"Retail Sales Associate, San Mateo, #496","San Mateo, CA",,,https://jobs.lever.co/gopuff/f43b8283-65a0-43b5-8908-96fef32e9822,
gopuff,"Retail Sales Associate, San Rafael","San Rafael, CA",,,https://jobs.lever.co/gopuff/ddc0e7f2-be7a-46d8-943f-45d73509dfd5,
gopuff,"Retail Sales Associate, San Rafael, #450","San Rafael, CA",,,https://jobs.lever.co/gopuff/e59ac9e4-b5b5-4d4a-b585-43cc2234c4fa,
gopuff,"Retail Sales Associate, San Ramon, #488","San Ramon, CA",,,https://jobs.lever.co/gopuff/ed7aae04-213a-4fcd-a150-3bd2950fa347,
gopuff,"Retail Sales Associate, Santa Clara, #407","Santa Clara, CA",,,https://jobs.lever.co/gopuff/4cf67d35-a5e4-46c0-b295-03acb3a31aef,
gopuff,"Retail Sales Associate, Santa Clarita, #515","Santa Clarita, CA",,,https://jobs.lever.co/gopuff/5d862bf7-40f1-4005-8c3a-95b149a5ec6e,
gopuff,"Retail Sales Associate, Santa Maria, #398","Santa Maria, CA",,,https://jobs.lever.co/gopuff/22fdb859-6480-451e-a68f-0fbde4274ed4,
gopuff,"Retail Sales Associate, Santa Rosa, #402","Santa Rosa, CA",,,https://jobs.lever.co/gopuff/22f2c1c2-eec4-4e3e-a076-530f344b21e0,
gopuff,"Retail Sales Associate, Santa-Barbara","Santa Barbara, CA",,,https://jobs.lever.co/gopuff/11930016-db91-4de6-b96b-fadb0e44bd67,
gopuff,"Retail Sales Associate, Santa-Barbara, #510","Santa Barbara, CA",,,https://jobs.lever.co/gopuff/1808941a-4292-42f7-a758-53fbe7b6b5d8,
gopuff,"Retail Sales Associate, Santee, #418","Santee, CA",,,https://jobs.lever.co/gopuff/8cd09768-0bc9-4f9d-ac4f-d7aafad1e07b,
gopuff,"Retail Sales Associate, Scottsdale, #411","Scottsdale, AZ",,,https://jobs.lever.co/gopuff/f219e630-1c44-4081-ab84-f3366454f6b5,
gopuff,"Retail Sales Associate, Seattle","Seattle, WA",,,https://jobs.lever.co/gopuff/25c58e58-feb7-45e9-8368-6d5ffcbfcfec,
gopuff,"Retail Sales Associate, Silverdale, #593","Silverdale, WA",,,https://jobs.lever.co/gopuff/fc96d3ba-9c1a-444b-b499-50463f76e6b2,
gopuff,"Retail Sales Associate, Simi Valley, #465","Simi Valley, CA",,,https://jobs.lever.co/gopuff/fb806fa3-04d0-4c4c-b6a7-a129274c2057,
gopuff,"Retail Sales Associate, Solana Beach, #1454","Solana-Beach, CA",,,https://jobs.lever.co/gopuff/88e3ebfe-0cfc-402f-8724-929c2e7f02ef,
gopuff,"Retail Sales Associate, South Lake Tahoe","South Lake Tahoe, CA",,,https://jobs.lever.co/gopuff/31d2a27c-a72e-45c8-9281-dfa88f67d248,
gopuff,"Retail Sales Associate, South Lake Tahoe, #782","South Lake Tahoe, CA",,,https://jobs.lever.co/gopuff/414ea544-1fb7-462e-adcb-feb9cdf15c52,
gopuff,"Retail Sales Associate, Stockton, #467","Stockton, CA",,,https://jobs.lever.co/gopuff/521373f0-7613-47e2-a8d8-ca51c48bd048,
gopuff,"Retail Sales Associate, Studio City, #500","Studio City, CA",,,https://jobs.lever.co/gopuff/767d2514-0d4b-49ea-9fa5-2e88a682928b,
gopuff,"Retail Sales Associate, Tacoma, #410","Tacoma, WA",,,https://jobs.lever.co/gopuff/894178c9-447f-4d30-8fae-0e81754d6c1f,
gopuff,"Retail Sales Associate, Temecula, #780","Temecula, CA",,,https://jobs.lever.co/gopuff/628e4c28-32fb-4b89-9feb-792341070da7,
gopuff,"Retail Sales Associate, Thousand-Oaks, #1117","Thousand Oaks, CA",,,https://jobs.lever.co/gopuff/ac8770aa-b08b-4225-832c-33a9743ecdbb,
gopuff,"Retail Sales Associate, Torrance, #462","Torrance, CA",,,https://jobs.lever.co/gopuff/293609ba-626f-4976-97cc-99c198f56d06,
gopuff,"Retail Sales Associate, Tracy, #1021","Tracy, CA",,,https://jobs.lever.co/gopuff/ca4eb678-75c9-4afc-87c9-972f3610f8ce,
gopuff,"Retail Sales Associate, Tucson-Broadway, #448","Tucson, AZ",,,https://jobs.lever.co/gopuff/2eb267d1-85af-4175-b304-263eec483bc1,
gopuff,"Retail Sales Associate, Tukwila","Tukwila, WA",,,https://jobs.lever.co/gopuff/f97fd538-f380-40e0-944a-c290c0dbfa03,
gopuff,"Retail Sales Associate, Tukwila, #596","Tukwila, WA",,,https://jobs.lever.co/gopuff/9743b11a-2e83-4c30-9776-7c543007adde,
gopuff,"Retail Sales Associate, Turlock, #425","Turlock, CA",,,https://jobs.lever.co/gopuff/790baa61-73e0-4be0-981a-3efb9547d0d6,
gopuff,"Retail Sales Associate, Upland North, #783","Upland, CA",,,https://jobs.lever.co/gopuff/f24c2e85-b7a6-4352-9d00-77728e9f9b11,
gopuff,"Retail Sales Associate, Upland South, #422","Upland, CA",,,https://jobs.lever.co/gopuff/53ad3410-2018-4386-a557-7ac6beaa2230,
gopuff,"Retail Sales Associate, Vacaville, #779","Vacaville, CA",,,https://jobs.lever.co/gopuff/cdab905c-e20e-4bab-9d72-109148d33fff,
gopuff,"Retail Sales Associate, Valencia, #781","Valencia, CA",,,https://jobs.lever.co/gopuff/5783a64e-f6d2-44e5-9533-0028c6a98f72,
gopuff,"Retail Sales Associate, Van Nuys, #438","Van Nuys, CA",,,https://jobs.lever.co/gopuff/0c0647c0-5691-42cf-8ba0-d786cbc2cb1c,
gopuff,"Retail Sales Associate, Ventura, #460","Ventura, CA",,,https://jobs.lever.co/gopuff/c51cbdc0-ff5e-44c6-b922-4e7b9cd5a18d,
gopuff,"Retail Sales Associate, Visalia, #419","Visalia, CA",,,https://jobs.lever.co/gopuff/c7a7211b-9c05-4089-940d-fc0072e2551e,
gopuff,"Retail Sales Associate, Vista","Vista, CA",,,https://jobs.lever.co/gopuff/093c0e3a-c0c1-4689-8fe8-6d4e2454b925,
gopuff,"Retail Sales Associate, Vista, #1017","Vista, CA",,,https://jobs.lever.co/gopuff/864ad86d-d6fe-45c5-8b37-b6bfbfe130f3,
gopuff,"Retail Sales Associate, Walnut Creek, #514","Walnut Creek, CA",,,https://jobs.lever.co/gopuff/bb829fae-25bc-42af-8509-d63d82f1e42a,
gopuff,"Retail Sales Associate, West Covina, #414","West Covina, CA",,,https://jobs.lever.co/gopuff/14413fdf-dd18-4c0e-8c1e-a9caccaa0260,
gopuff,"Retail Sales Associate, Westwood, #659","Los Angeles, CA",,,https://jobs.lever.co/gopuff/50cfa968-3a19-4a7c-abd0-0ffb4a93e0b0,
gopuff,"Retail Sales Associate, Whittier, #426","Whittier, CA",,,https://jobs.lever.co/gopuff/4479320b-72f4-4991-9d3b-a957b62eee6b,
gopuff,"Retail Sales Associates, Anaheim Hills, #420","Anaheim Hills, CA",,,https://jobs.lever.co/gopuff/cb68010e-e890-456e-a064-4f94380cca40,
gopuff,"Retail Sales Associates, Chula Vista, #509","Chula Vista, CA",,,https://jobs.lever.co/gopuff/e561e73a-3716-4eed-b4fa-c446887c5d67,
gopuff,"Retail Sales Associates, Citrus Heights, #435","Citrus Heights, CA",,,https://jobs.lever.co/gopuff/cd0e49b3-b8fb-40c7-bed3-f77f252cb176,
gopuff,"Retail Sales Associates, Corona, #473","Corona, CA",,,https://jobs.lever.co/gopuff/6f2b3642-c18e-48b5-ba17-8f519708273d,
gopuff,"Retail Sales Associates, Escondido, #463","Escondido, CA",,,https://jobs.lever.co/gopuff/e87d4d01-c170-451d-9fcd-7145c95dedcc,
gopuff,"Retail Sales Associates, Fremont, #458","Fremont, CA",,,https://jobs.lever.co/gopuff/7cb035ef-74f9-4354-801a-ff6b25456928,
gopuff,"Retail Sales Associates, Glendale, #443","Glendale, AZ",,,https://jobs.lever.co/gopuff/9061cf16-9972-4ea3-877f-de055fa8b517,
gopuff,"Retail Sales Associates, Greenbrae","Greenbrae, CA",,,https://jobs.lever.co/gopuff/74edc34c-0e3c-4bfe-822c-a9af9ffa3061,
gopuff,"Retail Sales Associates, Greenbrae, #511","Greenbrae, CA",,,https://jobs.lever.co/gopuff/b452c0b6-8d18-4e4c-a3ce-14724c374ccc,
gopuff,"Retail Sales Associates, La Quinta, #456","La Quinta, CA",,,https://jobs.lever.co/gopuff/3b8e7b41-5936-4525-a296-4e79f581d465,
gopuff,"Retail Sales Associates, Long Beach, #503","Long Beach, CA",,,https://jobs.lever.co/gopuff/a97f18bd-8481-4f37-911c-7d3fd4eeae54,
gopuff,"Retail Sales Associates, Mira Loma #1118","Mira Loma, CA",,,https://jobs.lever.co/gopuff/0cb2d787-bc5e-40fb-83cd-6a49cf3ad5bc,
gopuff,"Retail Sales Associates, Mira Mesa, #401","San Diego, CA",,,https://jobs.lever.co/gopuff/ecbe9032-5a45-4cff-818d-47e86120c661,
gopuff,"Retail Sales Associates, Novato","Novato, CA",,,https://jobs.lever.co/gopuff/7f2868d8-af79-400f-befe-2fa45e0c2a7c,
gopuff,"Retail Sales Associates, Novato, #1119","Novato, CA",,,https://jobs.lever.co/gopuff/f1328362-2e0d-4d3d-b7a5-0b53e8fa5243,
gopuff,"Retail Sales Associates, Oakland","Oakland, CA",,,https://jobs.lever.co/gopuff/0e6362da-6f14-4ab1-a631-9ff8e9793b2c,
gopuff,"Retail Sales Associates, Oakland, #403","Oakland, CA",,,https://jobs.lever.co/gopuff/d5a5f8a9-e775-40b0-875a-91f9641b77ba,
gopuff,"Retail Sales Associates, Rancho Santa Margarita, #1439","Rancho Santa Margarita, CA",,,https://jobs.lever.co/gopuff/a3119699-8021-49f3-9950-434ab6b73cdb,
gopuff,"Retail Sales Associates, Sacramento-Midtown, #445","Sacramento, CA",,,https://jobs.lever.co/gopuff/0f6b38c3-14be-4c3e-bf54-0605484300a2,
gopuff,"Retail Sales Associates, Salinas, #424","Salinas, CA",,,https://jobs.lever.co/gopuff/bd303575-2221-4056-8329-844365f56b56,
gopuff,"Retail Sales Associates, San Jose","San Jose, CA",,,https://jobs.lever.co/gopuff/2bc7605f-a95d-49d3-ac6d-2e89893fd6ff,
gopuff,"Retail Sales Associates, San Jose Willow Glen, #506","San Jose, CA",,,https://jobs.lever.co/gopuff/140eec87-e02a-41d1-932f-dc98dca8dc34,
gopuff,"Retail Sales Associates, San Ramon","San Ramon, CA",,,https://jobs.lever.co/gopuff/8256eb92-2f57-41dd-af69-4c44a850c5ff,
gopuff,"Retail Sales Associates, San-Francisco-Van-Ness","San Francisco, CA",,,https://jobs.lever.co/gopuff/ec42a17c-1852-4140-9ba2-7185587a0135,
gopuff,"Retail Sales Associates, San-Francisco-Van-Ness, #434","San Francisco, CA",,,https://jobs.lever.co/gopuff/77163538-56bb-4d73-b482-f46b43f0bbcc,
gopuff,"Retail Sales Associates, Santa Monica","Santa Monica, CA",,,https://jobs.lever.co/gopuff/a360d0f1-8bd1-4a7c-a980-06fe6697cf89,
gopuff,"Retail Sales Associates, Santa Monica, #427","Santa Monica, CA",,,https://jobs.lever.co/gopuff/0cd11438-78b3-4d09-b91e-82e021123f5f,
gopuff,"Retail Sales Associates, Scottsdale","Scottsdale, AZ",,,https://jobs.lever.co/gopuff/e9bd089f-db85-4150-852d-fa045661347c,
gopuff,"Retail Sales Associates, Sunnyvale, #436","Sunnyvale, CA",,,https://jobs.lever.co/gopuff/c7b77c55-d1bb-4df8-8d35-1befe9354cf0,
gopuff,"Retail Sales Associates, Walnut Creek","Walnut Creek, CA",,,https://jobs.lever.co/gopuff/c1d4517d-f399-484f-ac99-9a2946651423,
gopuff,"Retail Sales Associates, Walnut Creek, #406","Walnut Creek, CA",,,https://jobs.lever.co/gopuff/e2f51f96-ad6c-4ddd-941e-59d829fa3fb5,
gopuff,"Retail Sales Associates, West Hollywood","West Hollywood, CA",,,https://jobs.lever.co/gopuff/859108e4-a99b-4910-a729-1bfa4a634c01,
gopuff,"Retail Sales Associates, West Hollywood, #457","West Hollywood, CA",,,https://jobs.lever.co/gopuff/0f903419-f926-4004-8512-e62acc24e2c6,
gopuff,"Retail Sales Associates, West Los Angeles, #508","Los Angeles, CA",,,https://jobs.lever.co/gopuff/48c4a41f-90c7-468e-9a79-8aacef4735ce,
gopuff,"Retail Sales Floor Leader, Anaheim-Hills, #420","Anaheim Hills, CA",,,https://jobs.lever.co/gopuff/8aa0d9f1-ca57-41bd-9720-65a14c97bd55,
gopuff,"Retail Sales Floor Leader, Carmel, #1434","Carmel, CA",,,https://jobs.lever.co/gopuff/e0ca42a8-261d-474e-8656-2a91232d62fc,
gopuff,"Retail Sales Floor Leader, Dana Point, #1444","Dana Point, CA",,,https://jobs.lever.co/gopuff/3551f2d6-49d4-4e42-89c5-2ba10afe9081,
gopuff,"Retail Sales Floor Leader, Danville, #487","Danville, CA",,,https://jobs.lever.co/gopuff/aa6e5c7b-2e41-48e1-8e33-b4a8933e0099,
gopuff,"Retail Sales Floor Leader, Goleta, #518","Goleta, CA",,,https://jobs.lever.co/gopuff/b2402539-a125-46f4-9634-72614ce1f831,
gopuff,"Retail Sales Floor Leader, Goodyear, #412","Goodyear, AZ",,,https://jobs.lever.co/gopuff/b4f670be-1e57-49f2-af0f-934bdb61ab96,
gopuff,"Retail Sales Floor Leader, La Jolla, #1016","La Jolla, CA",,,https://jobs.lever.co/gopuff/ff9f775c-1aca-4691-ac43-c3ee1d962a13,
gopuff,"Retail Sales Floor Leader, La Quinta, #456","La Quinta, CA",,,https://jobs.lever.co/gopuff/5d7831fd-5484-4771-886a-600ada51446c,
gopuff,"Retail Sales Floor Leader, Lafayette, #1448","Lafayette, CA",,,https://jobs.lever.co/gopuff/ad60b7f1-a948-4fbf-b8c7-7dae6f8002fb,
gopuff,"Retail Sales Floor Leader, Laguna Niguel, #516","Laguna Niguel, CA",,,https://jobs.lever.co/gopuff/a4c27a24-a918-4623-8a8b-1fac7184061e,
gopuff,"Retail Sales Floor Leader, Lodi, #1450","Lodi, CA",,,https://jobs.lever.co/gopuff/0d920edd-5371-4e77-98ee-f8983282039d,
gopuff,"Retail Sales Floor Leader, Manhattan Beach, #429","Manhattan Beach, CA",,,https://jobs.lever.co/gopuff/b68bafb6-c2c1-437d-a7aa-a7109a9be94b,
gopuff,"Retail Sales Floor Leader, Oakland, #403","Oakland, CA",,,https://jobs.lever.co/gopuff/d824ef75-2153-4cd9-8268-38087e0f43b4,
gopuff,"Retail Sales Floor Leader, Palmdale, #439","Palmdale, CA",,,https://jobs.lever.co/gopuff/e85213a5-d2e3-4505-860c-4e7ca3596cbb,
gopuff,"Retail Sales Floor Leader, Point Loma, #446","Point Loma, CA",,,https://jobs.lever.co/gopuff/502f9357-fe99-4e93-8888-8a94818e99a5,
gopuff,"Retail Sales Floor Leader, Rancho Santa Margarita, #1439","Rancho Santa Margarita, CA",,,https://jobs.lever.co/gopuff/68f32927-3e70-43bf-94e3-604eca6ab7ab,
gopuff,"Retail Sales Floor Leader, Redondo Beach, #1447","Redondo Beach, CA",,,https://jobs.lever.co/gopuff/6299e625-5e9c-45d7-aafa-e3bc209bbc74,
gopuff,"Retail Sales Floor Leader, Rolling Hills, #415","Rolling Hills, CA",,,https://jobs.lever.co/gopuff/b4210331-8974-41e7-84e8-ada51524b97e,
gopuff,"Retail Sales Floor Leader, San Leandro, #497","San Leandro, CA",,,https://jobs.lever.co/gopuff/c2d6f07e-c25a-4b79-a530-9c6486aaf710,
gopuff,"Retail Sales Floor Leader, San-Francisco-Van-Ness, #434","San Francisco, CA",,,https://jobs.lever.co/gopuff/c1411b21-c739-457c-9548-a0e6c12b632f,
gopuff,"Retail Sales Floor Leader, Santa Rosa, #402","Santa Rosa, CA",,,https://jobs.lever.co/gopuff/0a27de94-3199-42df-b761-fa273ca1da50,
gopuff,"Retail Sales Floor Leader, Santa-Clara, #407","Santa Clara, CA",,,https://jobs.lever.co/gopuff/f272401c-35f4-476c-97fe-d52362ec1779,
gopuff,"Retail Sales Floor Leader, Silverdale, #593","Silverdale, WA",,,https://jobs.lever.co/gopuff/bfe34aa8-034d-4437-a5dd-c80870c10d51,
gopuff,"Retail Sales Floor Leader, Studio City, #500","Studio City, CA",,,https://jobs.lever.co/gopuff/29fd0345-f096-4fb7-9cff-f163d0f277b9,
gopuff,"Retail Sales Floor Leader, Tacoma, #410","Tacoma, WA",,,https://jobs.lever.co/gopuff/c8a5b8fd-38c8-4c25-9e45-d556208d70fa,
gopuff,"Retail Sales Floor Leader, Tukwila, #596","Tukwila, WA",,,https://jobs.lever.co/gopuff/d70753c4-993a-4851-b741-33fc558bbe51,
gopuff,"Retail Sales Floor Leader, Valencia, #781","Valencia, CA",,,https://jobs.lever.co/gopuff/afeca9a1-d0c9-4104-aab3-250158c60f72,
gopuff,"Retail Sales Floor Leader, West Hollywood, #457","West Hollywood, CA",,,https://jobs.lever.co/gopuff/5d8ad3f9-b8d3-4c16-a7fb-cac4abc0aa0c,
gopuff,"Retail Store Manager I, Redwood City #1441","Redwood City, CA",,,https://jobs.lever.co/gopuff/885542e1-724a-4279-9c8d-884b5eb025c3,
gopuff,"Retail Store Manager I, San Jose Metro","San Jose, CA",,,https://jobs.lever.co/gopuff/3b33da5c-5863-471f-992c-b93580433b50,
gopuff,"Retail Store Manager I, Santa-Barbara, #510","Santa Barbara, CA",,,https://jobs.lever.co/gopuff/a573baea-9621-4ba3-9393-e4cee24b0669,
gopuff,"Retail Store Manager I, Vacaville, #779","Vacaville, CA",,,https://jobs.lever.co/gopuff/1c3627ce-291b-4968-ae27-b0b57034563d,
gopuff,"Retail Store Manager II, Fresno, #470","Fresno, CA",,,https://jobs.lever.co/gopuff/49f11d82-034c-4086-a2da-25618e15665e,
gopuff,"Retail Store Manager III, Antioch, #428","Antioch, CA",,,https://jobs.lever.co/gopuff/2f29193f-cc11-446a-8b6d-b652014078f9,
gopuff,"Retail Store Manager III, Sacramento Midtown, #445","Sacramento, CA",,,https://jobs.lever.co/gopuff/b78c5f4f-c15c-4d52-995b-d2e3f2175aa1,
gopuff,"Retail Store Manager, New York City Metro","New York, NY",,,https://jobs.lever.co/gopuff/01cc4a85-ad75-4c02-8239-62c9af7f65b4,
gopuff,Seasonal Operations Associate - Distribution Center,"Richmond, CA",,,https://jobs.lever.co/gopuff/c4bb6beb-3cbf-4b57-a4a3-8362aa215f7d,
gopuff,"Seasonal Retail Sales Associate, Antioch, #428","Antioch, CA",,,https://jobs.lever.co/gopuff/7c14b816-4213-40bd-94f0-dd0a24123b15,
gopuff,"Seasonal Retail Sales Associate, Bakersfield, #469","Bakersfield, CA",,,https://jobs.lever.co/gopuff/a46ddc99-8c48-42ed-b8ba-652f3a05d4be,
gopuff,"Seasonal Retail Sales Associate, Ballard, #523","Ballard, WA",,,https://jobs.lever.co/gopuff/78d3b945-fcee-4c8e-8074-d8626cd9f084,
gopuff,"Seasonal Retail Sales Associate, Bayshore, #399","San Francisco, CA",,,https://jobs.lever.co/gopuff/d265faff-9383-4a5f-aebf-19c944e52413,
gopuff,"Seasonal Retail Sales Associate, Bellevue, #598","Bellevue, WA",,,https://jobs.lever.co/gopuff/15537af8-7296-4a5e-85b2-89516ed80ca2,
gopuff,"Seasonal Retail Sales Associate, Burbank, #498","Burbank, CA",,,https://jobs.lever.co/gopuff/3a7ea3e4-4ea8-414d-a897-a65bd4ec5990,
gopuff,"Seasonal Retail Sales Associate, Burlingame, #512","Burlingame, CA",,,https://jobs.lever.co/gopuff/a929f748-26ff-43df-b3f3-3bbcdda7c60f,
gopuff,"Seasonal Retail Sales Associate, Camarillo, #1442","Camarillo, CA",,,https://jobs.lever.co/gopuff/ef75c530-7476-44ab-a80a-537a874e7667,
gopuff,"Seasonal Retail Sales Associate, Carmel, #1434","Carmel, CA",,,https://jobs.lever.co/gopuff/afbd85b2-4366-4d6a-aa2a-2fb7d60aafd0,
gopuff,"Seasonal Retail Sales Associate, Chandler, #451","Chandler, AZ",,,https://jobs.lever.co/gopuff/37deb670-064b-4c5d-8760-7f406a4c40db,
gopuff,"Seasonal Retail Sales Associate, Chico, #1020","Chico, CA",,,https://jobs.lever.co/gopuff/2047898c-c662-4e06-9dd5-43fbfe897e10,
gopuff,"Seasonal Retail Sales Associate, City of Industry, #499","City of Industry, CA",,,https://jobs.lever.co/gopuff/ce43347d-45be-4851-92f5-56c59951b4db,
gopuff,"Seasonal Retail Sales Associate, Costa Mesa, #441","Costa Mesa, CA",,,https://jobs.lever.co/gopuff/9836de8a-bc01-437f-ae0b-21bafb21e7f2,
gopuff,"Seasonal Retail Sales Associate, East Vancouver, #594","Vancouver, WA",,,https://jobs.lever.co/gopuff/937fdd6c-fc98-4c3b-8229-1ada8f4370cb,
gopuff,"Seasonal Retail Sales Associate, Eureka, #1438","Eureka, Ca",,,https://jobs.lever.co/gopuff/d9d4fca6-e555-4c9b-96ed-e79ff78870ae,
gopuff,"Seasonal Retail Sales Associate, Goleta, #518","Goleta, CA",,,https://jobs.lever.co/gopuff/7cf60c7b-655c-4850-8b28-7c557b534491,
gopuff,"Seasonal Retail Sales Associate, Happy Valley, #475","Happy Valley, AZ",,,https://jobs.lever.co/gopuff/bce8d6f6-a601-4693-a531-98a170c0d66c,
gopuff,"Seasonal Retail Sales Associate, La Mesa, #404","La Mesa, CA",,,https://jobs.lever.co/gopuff/27604f8e-5f0e-4f15-ac8b-002a55774a3f,
gopuff,"Seasonal Retail Sales Associate, Lakewood, #505","Lakewood, CA",,,https://jobs.lever.co/gopuff/18ea400f-3950-4175-b21a-c854427d8fea,
gopuff,"Seasonal Retail Sales Associate, Los Altos, #1019","Los Altos, CA",,,https://jobs.lever.co/gopuff/19064284-3dd5-4f17-9221-e154625c2af7,
gopuff,"Seasonal Retail Sales Associate, Manhattan Beach, #429","Manhattan Beach, CA",,,https://jobs.lever.co/gopuff/c4794a95-ff9e-47d1-bc52-d328ca128854,
gopuff,"Seasonal Retail Sales Associate, Menlo Park, #521","Menlo Park, CA",,,https://jobs.lever.co/gopuff/9c762ec4-c68f-43b8-a3e3-0ae3ab7166bf,
gopuff,"Seasonal Retail Sales Associate, Moreno Valley, #444","Moreno Valley, CA",,,https://jobs.lever.co/gopuff/da20b9a5-833c-4ac8-870e-ffee6429ce5b,
gopuff,"Seasonal Retail Sales Associate, Murrieta, #517","Murrieta, CA",,,https://jobs.lever.co/gopuff/000247f6-62f4-4095-8911-76faec6a0ff2,
gopuff,"Seasonal Retail Sales Associate, Oceanside, #413","Oceanside, CA",,,https://jobs.lever.co/gopuff/b8c8bf52-4a54-4d18-8703-4224be8f53e2,
gopuff,"Seasonal Retail Sales Associate, Orange, #408","Orange, CA",,,https://jobs.lever.co/gopuff/79ad3222-fe91-4b7d-9bb3-e78b0516d13e,
gopuff,"Seasonal Retail Sales Associate, Orinda, #490","Orinda, CA",,,https://jobs.lever.co/gopuff/bf3337b4-537d-4d4e-87f0-e06c83edc973,
gopuff,"Seasonal Retail Sales Associate, Paso Robles, #1449","Paso Robles, CA",,,https://jobs.lever.co/gopuff/652224d9-41b0-4500-a3c6-f12120763eff,
gopuff,"Seasonal Retail Sales Associate, Pleasanton, #482","Pleasanton, CA",,,https://jobs.lever.co/gopuff/a5e5ed96-bf2c-4a8f-a55c-30bb37088318,
gopuff,"Seasonal Retail Sales Associate, Point Loma, #446","San Diego, CA",,,https://jobs.lever.co/gopuff/c16aeb4e-a725-4360-866d-8a05d0f5ec76,
gopuff,"Seasonal Retail Sales Associate, Redlands, #472","Redlands, CA",,,https://jobs.lever.co/gopuff/a194d106-c028-41d2-9819-d483f95f9a23,
gopuff,"Seasonal Retail Sales Associate, Redmond, #595","Redmond, WA",,,https://jobs.lever.co/gopuff/df4a31d8-ca28-4f8c-b488-3862ddcc7ad8,
gopuff,"Seasonal Retail Sales Associate, Roseville Fairway, #471","Roseville, CA",,,https://jobs.lever.co/gopuff/8d27596d-268d-4f55-9ddf-debf0268246d,
gopuff,"Seasonal Retail Sales Associate, San Rafael, #450","San Rafael, CA",,,https://jobs.lever.co/gopuff/285eab27-e3dd-40b8-bb1c-cb1e493aaff4,
gopuff,"Seasonal Retail Sales Associate, South Lake Tahoe, #782","South Lake Tahoe, CA",,,https://jobs.lever.co/gopuff/90214daa-459e-457e-a8e8-e9f2fdceafdd,
gopuff,"Seasonal Retail Sales Associate, Stockton, #467","Stockton, CA",,,https://jobs.lever.co/gopuff/b5826bd8-0f5d-4ec4-a8f8-41acd9151139,
gopuff,"Seasonal Retail Sales Associate, Tacoma, #410","Tacoma, WA",,,https://jobs.lever.co/gopuff/b426fa69-4389-4a68-a51f-c31630e09541,
gopuff,"Seasonal Retail Sales Associate, Temecula, #780","Temecula, CA",,,https://jobs.lever.co/gopuff/580b6584-66e0-4dc9-92a9-b94d5d62c7ea,
gopuff,"Seasonal Retail Sales Associate, Tucson-Broadway, #448","Tucson, AZ",,,https://jobs.lever.co/gopuff/9ad84ca9-3bbe-4ead-8b08-8bfb0361755e,
gopuff,"Seasonal Retail Sales Associate, Tukwila, #596","Tukwila, WA",,,https://jobs.lever.co/gopuff/8ff7adfe-edfb-4d44-bd07-d8b0c62d5136,
gopuff,"Seasonal Retail Sales Associate, Turlock, #425","Turlock, CA",,,https://jobs.lever.co/gopuff/890f525f-40dd-4dba-8724-7e7183e232df,
gopuff,"Seasonal Retail Sales Associate, Ventura, #460","Ventura, CA",,,https://jobs.lever.co/gopuff/cdf4a262-fb75-4185-b959-88f6bd239f07,
gopuff,"Seasonal Retail Sales Associate, Walnut Creek, #514","Walnut Creek, CA",,,https://jobs.lever.co/gopuff/236694cd-19a2-47ee-a72b-ad99fb584501,
gopuff,"Seasonal Retail Sales Associate, West Covina, #414","West Covina, CA",,,https://jobs.lever.co/gopuff/5081dfc1-d22b-4d07-b750-8a857ff0d673,
gopuff,"Seasonal Retail Sales Associates, Chula Vista, #509","Chula Vista, CA",,,https://jobs.lever.co/gopuff/bf49a44a-2807-48e0-bc8c-b51ac2523df2,
gopuff,"Seasonal Retail Sales Associates, Citrus Heights, #435","Citrus Heights, CA",,,https://jobs.lever.co/gopuff/1c1f759c-f649-4777-beb4-b18b88dfd083,
gopuff,"Seasonal Retail Sales Associates, Fremont, #458","Fremont, CA",,,https://jobs.lever.co/gopuff/cbc8b12f-78f1-43f0-aebe-eaae92946b4c,
gopuff,"Seasonal Retail Sales Associates, Mira Loma #1118","Mira Loma, CA",,,https://jobs.lever.co/gopuff/c654f84d-4f02-4c89-abbd-e047508acb3e,
gopuff,"Seasonal Retail Sales Associates, Mira Mesa, #401","San Diego, CA",,,https://jobs.lever.co/gopuff/ce9e32d2-24dc-48b9-ae20-8983b1b17a7d,
gopuff,"Seasonal Retail Sales Associates, Oakland, #403","Oakland, CA",,,https://jobs.lever.co/gopuff/1647c186-f211-49a7-9204-fff79d19c784,
gopuff,"Seasonal Retail Sales Associates, Rancho Santa Margarita, #1439","Rancho Santa Margarita, CA",,,https://jobs.lever.co/gopuff/79f70b0f-2718-487b-a2bf-73ac266e40e5,
gopuff,"Seasonal Retail Sales Associates, Sacramento-Midtown, #445","Sacramento, CA",,,https://jobs.lever.co/gopuff/1b6564cf-16a3-4acd-8a8b-bcddf8bf61ef,
gopuff,"Seasonal Retail Sales Associates, San-Francisco-Van-Ness, #434","San Francisco, CA",,,https://jobs.lever.co/gopuff/b6ea948c-8856-499b-9ea8-bd74e08257a6,
gopuff,"Seasonal Retail Sales Associates, Walnut Creek, #406","Walnut Creek, CA",,,https://jobs.lever.co/gopuff/bf7f305c-f4f7-448f-9127-e0300792a68e,
gopuff,Senior Data Engineer,"Philadelphia, PA",,,https://jobs.lever.co/gopuff/b5754303-6dea-4053-a3ce-a0bf8cb06f80,
gopuff,"Senior Manager, Data & Analytics Engineering","Philadelphia, PA",,,https://jobs.lever.co/gopuff/bad14f06-37c5-4825-b9d2-e2d7033fcf71,
gopuff,Senior Principal Software Engineer,United States,,,https://jobs.lever.co/gopuff/700d1236-c4db-4349-aff7-1cf6273b4751,
gopuff,"Shift Supervisor - Lead Barista, Starbucks, Brooklyn, #554","Brooklyn, NY",,,https://jobs.lever.co/gopuff/9a79a3a9-6a38-48ff-ac78-49673b23f747,
gopuff,"Shift Supervisor - Lead Barista, Starbucks, Grays Ferry, #1463","Philadelphia, PA",,,https://jobs.lever.co/gopuff/17b31c1c-b3f2-4566-94d1-4da7689c91b4,
gopuff,"Shift Supervisor - Lead Barista, Starbucks, Lansdowne, #384","Lansdowne, PA",,,https://jobs.lever.co/gopuff/8eb23629-faef-4724-abaa-7193d6a26beb,
gopuff,"Shift Supervisor - Lead Barista, Starbucks, Lower East Side, #880","New York, NY",,,https://jobs.lever.co/gopuff/78e672ee-2a33-4251-bcb8-263afc82f715,
gopuff,"Shift Supervisor - Lead Barista, Starbucks, Miami, #183","Miami, FL",,,https://jobs.lever.co/gopuff/41727e76-9f64-404d-8722-36082a7453e7,
gopuff,"Shift Supervisor - Lead Barista, Starbucks, New York, #807","Manhattan, NY",,,https://jobs.lever.co/gopuff/ca21672b-0c95-4c0b-a41e-ee25b3e84592,
gopuff,"Shift Supervisor - Lead Barista, Starbucks, New York, #839","Manhattan, NY",,,https://jobs.lever.co/gopuff/58e12110-da99-48e6-85ac-d2bfd81a429e,
gopuff,"Shift Supervisor - Lead Barista, Starbucks, Woodlyn, #625","Woodlyn, PA",,,https://jobs.lever.co/gopuff/54020755-5406-4844-a0b3-b3fcca8511de,
gopuff,Site Leader - Fern Valley,"Louisville, KY",,,https://jobs.lever.co/gopuff/acb46d9c-4c73-454c-b334-2a4fcc218805,
gopuff,"Site Leader I, Charlotte, #1348","Charlotte, NC",,,https://jobs.lever.co/gopuff/6fec4603-9f2c-4e1f-b8f1-c256a7a5a11b,
gopuff,"Site Leader I, Philadelphia Metro","Philadelphia, PA",,,https://jobs.lever.co/gopuff/3eab68a0-6098-4587-b5a1-2456a7de9fb4,
gopuff,"Site Leader I, Richmond Metro","Richmond, VA",,,https://jobs.lever.co/gopuff/958f1114-1cf8-4a5a-a6f0-e02afded3fc1,
gopuff,"Site Leader, Covington, #928","Covington, KY",,,https://jobs.lever.co/gopuff/6c1aff63-4364-4028-8552-a615c198b814,
gopuff,"Site Leader, Louisville, #947","Louisville, KY",,,https://jobs.lever.co/gopuff/3b39d1a3-16db-484f-a135-4aa6104a3f7e,
gopuff,"Site Manager, Bronx, #637","Bronx, NY",,,https://jobs.lever.co/gopuff/e64bd25d-af22-49f1-b2ac-90c7a1c5119d,
gopuff,"Site Manager, Dallas, #156","Dallas, TX",,,https://jobs.lever.co/gopuff/4beb508b-aa4a-49e9-93c9-1d1a85711e6c,
gopuff,"Site Manager, Henrico, #821","Henrico, VA",,,https://jobs.lever.co/gopuff/a3b469f0-3e07-4e61-81d1-d0096fd1dbdf,
gopuff,"Site Manager, Stamford, #203","Stamford, CT",,,https://jobs.lever.co/gopuff/699a3bb0-0161-4d46-beca-f29dbb1ca148,
gopuff,"Starbucks Barista, Grays Ferry, #1463","Philadelphia, PA",,,https://jobs.lever.co/gopuff/b357c58c-af51-4926-b4f8-586d2f0f733b,
gopuff,"Starbucks Barista, Northern Liberties/Callowhill, #670","Philadelphia, PA",,,https://jobs.lever.co/gopuff/d7e088a6-bffa-40cc-ad99-0bb931c711a4,
gopuff,"Starbucks Barista, Philadelphia, #176","Philadelphia, PA",,,https://jobs.lever.co/gopuff/9aa178f1-ff82-4210-a0d2-236bc42685f8,
gopuff,"Starbucks Barista, Philadelphia, #30","Philadelphia, PA",,,https://jobs.lever.co/gopuff/19ce7944-e3b0-4905-a349-aa59cf75366e,
gopuff,"Starbucks Cafe Manager, Philadelphia","Philadelphia, PA",,,https://jobs.lever.co/gopuff/b9d9b3e6-ff40-445d-a59f-e4fbc5fbc094,
gopuff,"Starbucks Operations Associate, Barista, Shady Side, #371","Pittsburgh, PA",,,https://jobs.lever.co/gopuff/4c161330-2242-43e8-a54e-6f3c31eba132,
gopuff,Store Associate - 3rd Street,"Covington, KY",,,https://jobs.lever.co/gopuff/23ae130a-0950-4833-98f5-75a689e8c8e1,
gopuff,Store Associate - Bashford Manor,"Louisville, KY",,,https://jobs.lever.co/gopuff/f3bba364-d9f1-435e-bf5a-4d44001d04ea,
gopuff,Store Associate - Beaumont,"Lexington, KY",,,https://jobs.lever.co/gopuff/b36e50a5-7168-48b7-ae1a-c9aba00f4f79,
gopuff,Store Associate - Bowling Green,"Bowling Green, KY",,,https://jobs.lever.co/gopuff/64bd78e1-60fd-46a8-8fb6-0de0685c1601,
gopuff,Store Associate - Brownsboro Road,"Louisville, KY",,,https://jobs.lever.co/gopuff/12330e13-e3c6-49c6-822f-91fc21441c3b,
gopuff,Store Associate - Chevy Chase,"Lexington, KY",,,https://jobs.lever.co/gopuff/10608659-bb65-43bf-a259-e46dac157ebe,
gopuff,Store Associate - Danville,"Danville, KY",,,https://jobs.lever.co/gopuff/14c18e21-b581-49d0-aec8-f1b6485443ef,
gopuff,Store Associate - Elizabethtown,"Elizabethtown, KY",,,https://jobs.lever.co/gopuff/c51cfd12-e80b-47c9-97bd-a80cca3955a2,
gopuff,Store Associate - Fern Valley,"Louisville, KY",,,https://jobs.lever.co/gopuff/532acf7e-631a-44a1-8d2d-03a1511c9269,
gopuff,Store Associate - Hamburg,"Lexington, KY",,,https://jobs.lever.co/gopuff/cb42f399-3d8f-4d87-82bd-72cd3712e18a,
gopuff,Store Associate - Hurstbourne,"Louisville, KY",,,https://jobs.lever.co/gopuff/3ac6da39-7d05-49dd-8ad8-9a6fb6d4e7d8,
gopuff,Store Associate - Jefferson Commons,"Louisville, KY",,,https://jobs.lever.co/gopuff/fc9e37b8-e06f-4285-aaec-9735e7922d1a,
gopuff,Store Associate - Market Street,"Louisville, KY",,,https://jobs.lever.co/gopuff/cc26becc-af01-45b4-9bdf-3293adb037fd,
gopuff,Store Associate - New Hartford,"Owensboro, KY",,,https://jobs.lever.co/gopuff/24656178-9965-4b5b-a295-b34d56ae8f7c,
gopuff,Store Associate - North Broadway,"Lexington, KY",,,https://jobs.lever.co/gopuff/9db33c79-d032-4f85-9e1f-b8acf0123771,
gopuff,Store Associate - Richmond Road,"Lexington, KY",,,https://jobs.lever.co/gopuff/635adf00-0cf9-4bb9-abde-cd163a679c8d,
gopuff,Store Associate - Russell Street,"Covington, KY",,,https://jobs.lever.co/gopuff/ad77f9c3-3c21-4757-9d2a-92fde06b4520,
gopuff,Store Associate - Springhurst,"Louisville, KY",,,https://jobs.lever.co/gopuff/023e1d7e-c56c-44a7-9c8d-ba4a487b6464,
gopuff,Store Associate - Versailles Road,"Lexington, KY",,,https://jobs.lever.co/gopuff/fa66bda9-b6b4-4e9c-9478-6ad1b03ae1de,
gopuff,Store Associate - West Parrish,"Owensboro, KY",,,https://jobs.lever.co/gopuff/1ed632c1-7966-453a-8ed3-2c82016aea5b,
gopuff,"Store Manager - Retail, Boston","Boston, MA",,,https://jobs.lever.co/gopuff/3e2c89f7-86f8-4ef8-ab60-2b4ef8107134,
chownow,"Backend Engineer, Senior",Remote,Go,,https://jobs.lever.co/chownow/00b21c48-f6d1-4d14-90f2-ab2b6421bb8b,"{""Go"": 1}"
chownow,"Director, Lifecycle Marketing",Remote,Go,,https://jobs.lever.co/chownow/2d6882b9-ed64-4a75-bf46-474873fd8046,"{""Go"": 1}"
chownow,"Director, Product Marketing",Remote,Go,,https://jobs.lever.co/chownow/6f23e83b-6465-433c-8185-d62d6b7a7712,"{""Go"": 1}"
chownow,"Engineering Manager, Data & AI",Remote,Go,,https://jobs.lever.co/chownow/52998c9a-1a9f-4938-bb58-f854afee224e,"{""Go"": 1}"
chownow,"Frontend Engineer, Staff",Remote,"Go, React",,https://jobs.lever.co/chownow/14879879-5dcf-4c14-ab29-ebf5127582d5,"{""Go"": 1, ""React"": 1}"
chownow,Head of Marketing,Remote,Go,,https://jobs.lever.co/chownow/297ba5c1-a748-4f2b-9687-1037ff6b0cec,"{""Go"": 1}"
chownow,Inside Sales Account Executive,"Los Angeles, CA",Go,,https://jobs.lever.co/chownow/acd99428-db19-4b34-a0fe-580ddcfc70fa,"{""Go"": 1}"
chownow,Sales Enablement Manager,"Los Angeles, CA",Go,,https://jobs.lever.co/chownow/1b66abab-96c8-4566-9720-2e6d1517da5f,"{""Go"": 1}"
chownow,Senior Data Engineer,Remote,"Go, AWS, Snowflake",,https://jobs.lever.co/chownow/338f5d74-17ab-49ce-9007-cc0a13ea40db,"{""Go"": 1, ""AWS"": 1, ""Snowflake"": 1}"
chownow,"Senior Product Manager, Diner Experiences",Remote,"Go, Android, iOS",,https://jobs.lever.co/chownow/ec1a338a-90e7-4fa6-8208-18c3489a9903,"{""Go"": 1, ""Android"": 1, ""iOS"": 1}"
chownow,Territory Account Executive,Remote,Go,,https://jobs.lever.co/chownow/8a008ea4-fa95-4860-b54a-515571c3db5d,"{""Go"": 1}"
chownow,"Vice President, Partnerships","Los Angeles, CA or Remote",Go,,https://jobs.lever.co/chownow/2c6d9d04-77a6-4d4b-ab08-d97f43bff9f8,"{""Go"": 1}"
chownow,"Vice President, Sales","Los Angeles, CA or Remote",Go,,https://jobs.lever.co/chownow/5a104355-1b04-4b81-bcd1-7bc1afd2b8e6,"{""Go"": 1}"
waveapps,Accounting Associate,"Toronto, Ontario",,,https://jobs.lever.co/waveapps/f0807477-2434-4834-a354-ed38860e7961,
waveapps,Accounting Coach,"Toronto, Ontario",,,https://jobs.lever.co/waveapps/7dd929b9-deac-4de9-b153-94302dd035fb,
waveapps,Full Stack Software Engineer,Canada,,,https://jobs.lever.co/waveapps/d3a5556f-da84-4024-90a2-4bc9e1e6afc4,
waveapps,"Manager, Engineering",Canada,"Python, TypeScript, React, Django, GraphQL, REST",,https://jobs.lever.co/waveapps/d693d451-4ef9-48ea-8e98-fcf2b193333f,"{""Python"": 1, ""TypeScript"": 1, ""React"": 1, ""Django"": 1, ""GraphQL"": 1, ""REST"": 1}"
waveapps,Product Marketing Manager,"Toronto, Ontario",Go,,https://jobs.lever.co/waveapps/2f681852-3cac-4d79-a1c9-4427771fa50d,"{""Go"": 1}"
waveapps,Senior Content Marketing Manager,"Toronto, Ontario",,,https://jobs.lever.co/waveapps/6a405d10-31fa-4839-8ffc-51a56ca0537a,
coupa,Account Director Enterprise Nordics - 11003,Sweden,Go,,https://jobs.lever.co/coupa/14797685-7312-49b9-980c-6c7d8e7ba34c,"{""Go"": 1}"
coupa,"Account Director, Customer Growth","Singapore, Singapore",,,https://jobs.lever.co/coupa/79714738-c8e7-45c4-a8f1-e445eaaf4cbb,
coupa,Associate Solution Architect (Entry-level) - 10991,Colombia,,,https://jobs.lever.co/coupa/2e52b6eb-ce5d-4d07-afc4-c9ee51c8433c,
coupa,Business Applications Developer/Admin- Experience Cloud 10743,"Pune, India",,,https://jobs.lever.co/coupa/69c9cf2b-1eb7-4dac-9c4a-5871b86a6f9c,
coupa,Customer Solution Partner Director - 10949,"Salt Lake City, Utah, United States",,,https://jobs.lever.co/coupa/57000044-e99f-4606-8d95-81e0ab288767,
coupa,Customer Value Director - 10972,United Kingdom,,,https://jobs.lever.co/coupa/ce47de31-8725-41f2-846c-af76d7f63ed1,
coupa,Customer Value Manager,Netherlands,,,https://jobs.lever.co/coupa/4d69c38d-094e-404f-ad13-978a885aaa6c,
coupa,Customer Value Manager - 10826,Sweden,,,https://jobs.lever.co/coupa/ded3a3bb-5f2a-447f-b60e-7a3fc662ad4e,
coupa,Data Analyst- 10946,"Bogota, Colombia",,,https://jobs.lever.co/coupa/8367c57e-c3d4-4ddf-a526-502e69dc9c48,
coupa,"Director, Analytics Engineering - 10863","Boston, Massachusetts, United States","SQL, Snowflake",,https://jobs.lever.co/coupa/bea109e3-cf92-46cf-b102-1bff37f94df0,"{""SQL"": 1, ""Snowflake"": 1}"
coupa,Engagement Manager - 10976,United Kingdom,Go,,https://jobs.lever.co/coupa/4500822b-3ae4-472e-8570-ec4211d6fa6f,"{""Go"": 1}"
coupa,Enterprise Security Architect (Fraud) - 10659,"New York, New York, United States",,,https://jobs.lever.co/coupa/3139be38-23a8-4079-8638-2b41d9dcf5d2,
coupa,"Head of Strategic Deals, International",United Kingdom,,,https://jobs.lever.co/coupa/6fc4519d-3313-4c72-b4bc-f94a2d56c12f,
coupa,HR Operations Analyst I - 10954,Colombia,,,https://jobs.lever.co/coupa/6511c8ed-cfce-44fa-94f8-b3ee73dfa708,
coupa,Instructional Designer - 10968,Colombia,,,https://jobs.lever.co/coupa/0a6258fa-b11c-4009-acdc-2b434fad576b,
coupa,Instructional Designer - 10969,Colombia,,,https://jobs.lever.co/coupa/576b72c0-6fd4-4f8c-9bea-02356f48efee,
coupa,International Accounting & Finance Manager,"Dublin, Ireland",,,https://jobs.lever.co/coupa/6c8b1a48-4065-4ae6-a30c-44ae3e209432,
coupa,Lead Cloud Software Engineer (ROR)- 10684,"Bangalore, India",,,https://jobs.lever.co/coupa/4d8eca5e-0d38-475c-b986-ce4768acadcf,
coupa,"Lead DevOps Engineer, Networking 10634","Pune, India",,,https://jobs.lever.co/coupa/0e0a8db7-549e-481a-831b-44f9438b6a54,
coupa,Lead Site Reliability Engineer,Poland,,,https://jobs.lever.co/coupa/bc6ff8c3-5985-4ad8-b312-7a234dd27074,
coupa,Lead Site Reliability Engineer - 10929,"Bogota, Colombia",,,https://jobs.lever.co/coupa/6d54f082-7a32-437b-8845-b22c23625ed2,
coupa,Lead Software Engineer - .Net - 10287,"Pune, India",,,https://jobs.lever.co/coupa/73b07a91-5f0b-49b6-8c69-55eb38ea491f,
coupa,Lead Software Engineer - 10299 - ROR,"Pune, India",,,https://jobs.lever.co/coupa/ddc76d18-ab7e-4e75-a2cd-51f0ed656c92,
coupa,Lead Software Engineer - 10722,"Boca Raton, Florida, United States",,,https://jobs.lever.co/coupa/023557e4-b00b-400a-8c23-faefab624190,
coupa,Lead Software Engineer - 10734,"Foster City, CA, United States",,,https://jobs.lever.co/coupa/e15d6bbf-72b2-4e5c-bfa8-ee2bafcf639f,
coupa,Lead Software Engineer - 10790,"Pune, India",,,https://jobs.lever.co/coupa/ce008275-c390-4558-8dfd-c7fce943f857,
coupa,Lead Software Engineer - 10912,"Pune, India",,,https://jobs.lever.co/coupa/ef8d9ef9-3f39-4669-88fc-0e3a1d27923b,
coupa,Lead Software Engineer - Java/Reactjs - 10562,"Foster City, CA, United States",,,https://jobs.lever.co/coupa/83b0fffd-818e-42ea-b23e-965a779ad073,
coupa,Lead Software Engineer - Workflow Orchestration,"Pune, India",,,https://jobs.lever.co/coupa/1ed12a13-6216-4d51-b6eb-206ec8172f36,
coupa,"Lead Solution Consultant, Supplier Relationship Management","Reading, United Kingdom",,,https://jobs.lever.co/coupa/cc70ae89-142b-41c7-b9c3-a8b21b30530f,
coupa,Lead UI Engineer - 10985,"Pune, India",,,https://jobs.lever.co/coupa/b9373ceb-8bed-4ae9-ae88-f4ae6cfd2c36,
coupa,Manager Integration Architects - 10901,"San Francisco Bay Area, United States",,,https://jobs.lever.co/coupa/17bff65f-38c6-4dfd-adaa-45cf89ed7a2c,
coupa,Partner Business Manager - Japan - 10999,"Tokyo, Japan",,,https://jobs.lever.co/coupa/eaf94b1e-ae23-4828-b5c9-6e53696a3930,
coupa,Pre-Sales Solutions Consultant/Advisor - (US WEST) 10516,"Seattle, Washington, United States",,,https://jobs.lever.co/coupa/21d4573e-ed49-43c8-8911-f47b0316cf19,
coupa,Principal Services Design Architect,United Kingdom,,,https://jobs.lever.co/coupa/4da680e8-9dd4-433a-8955-bc3d5e10f6eb,
coupa,Principal Software Engineer - 10889,"Pune, India",,,https://jobs.lever.co/coupa/82c1bb6c-9bf4-461f-a3a9-e58b212ad6b4,
coupa,Principal Software Engineer- 10913,"Pune, India","Ruby, React, AWS, GCP, Azure",,https://jobs.lever.co/coupa/f8e9ee79-bd17-4b2c-9492-140df9d3e5a9,"{""Ruby"": 1, ""React"": 1, ""AWS"": 1, ""GCP"": 1, ""Azure"": 1}"
coupa,"Principal Software Engineer, Analytics - 10563","Foster City, CA, United States",,,https://jobs.lever.co/coupa/ea9c8c0c-8af6-4ef0-86e4-e617e9632487,
coupa,"Product Marketing Director, AI","Chicago, Illinois, United States",Go,,https://jobs.lever.co/coupa/83e1c2b2-62bc-4c58-8dd4-ae6d1455854c,"{""Go"": 1}"
coupa,"Senior Account Director, Enterprise","Singapore, Singapore",Go,,https://jobs.lever.co/coupa/3217e3e6-e695-4999-9b1a-24631e1f02a8,"{""Go"": 1}"
coupa,Senior Customer Marketing Specialist,Croatia,,,https://jobs.lever.co/coupa/5df98205-ddb4-48e1-9a7a-4c8a3ebac5c0,
coupa,Senior Data Analyst - 10945,"Bogota, Colombia","Python, SQL",,https://jobs.lever.co/coupa/13ddc642-5286-4e62-b597-ec7aab8a43af,"{""Python"": 1, ""SQL"": 1}"
coupa,Senior Digital BDR - German speaking,"Madrid, Spain",,,https://jobs.lever.co/coupa/3a6d32b7-4715-4885-b9bf-e203904ce584,
coupa,Senior Director Value Advisory - 10962,"London, United Kingdom",,,https://jobs.lever.co/coupa/182a69d2-e5be-48c7-8f45-425f80f23ac7,
coupa,Senior Field Marketing Manager,United Kingdom,,,https://jobs.lever.co/coupa/a8fa9914-8f8e-4fa1-b5fe-462d3ca26c5a,
coupa,"Senior Manager, Cloud Software Engineering",Poland,,,https://jobs.lever.co/coupa/b7748cbe-60db-48ec-8a48-09d9313aea37,
coupa,"Senior Manager, User Group Program - 10856","Bogota, Colombia",Go,,https://jobs.lever.co/coupa/4ae5a755-7cce-4f5a-8f5f-756d3f71441a,"{""Go"": 1}"
coupa,Senior Principal Solution Consultant - 10900,"Frankfurt, Germany",,,https://jobs.lever.co/coupa/9160349e-0080-407a-9549-4011414812fc,
coupa,Senior Site Reliability Engineer,Poland,,,https://jobs.lever.co/coupa/550d6d0b-55e5-4353-b0e6-dd91b551de07,
coupa,Senior Strategic Value Advisory Director - 10990,"Chicago, Illinois, United States",,,https://jobs.lever.co/coupa/119309fd-5af9-4263-93bd-033ea60d9531,
coupa,Senior Value Assurance Director,United Kingdom,,,https://jobs.lever.co/coupa/945824f4-f0ad-4350-9b55-013f5b90df34,
coupa,Software Engineer,Poland,React,,https://jobs.lever.co/coupa/ee8ce82a-4e6e-4c31-9f36-a07eb63fadfc,"{""React"": 1}"
coupa,Solution Advisor,"Tokyo, Japan",,,https://jobs.lever.co/coupa/d4823ff4-ff48-4b7d-b1ee-df22e4e29496,
coupa,Solution Advisor - (Pre-sales Expert) - 10853,"Mexico City, Mexico",,,https://jobs.lever.co/coupa/b1e71ff4-0f8c-4847-a095-a7a916e6b4ed,
coupa,Solution Advisor - 10916,Netherlands,,,https://jobs.lever.co/coupa/2a2ab27d-d098-4d64-b483-a6a202e16a4c,
coupa,Solution Advisor - 10916,Denmark,,,https://jobs.lever.co/coupa/5910ad9a-d576-4b85-af66-590f9391c445,
coupa,Solutions Advisor - 10924,"Frankfurt, Germany",,,https://jobs.lever.co/coupa/1bf1d815-c25a-4fe0-b39b-9ef7791fb5f2,
coupa,"Sr. Account Director, Enterprise - 10615","Seattle, Washington, United States",,,https://jobs.lever.co/coupa/ea15acf4-8865-40f0-b3b3-a570be017589,
coupa,"Sr. Account Director, Enterprise SALES -  (Northeast) 10706","New York, New York, United States",,,https://jobs.lever.co/coupa/02c8aab6-237a-42ba-ab61-78794aacc379,
coupa,"Sr. Analyst, Business Planning - 10890",Colombia,,,https://jobs.lever.co/coupa/a402b4d7-1ad3-4440-9e2f-604ffa117373,
coupa,Sr. Assurance & Compliance Analyst - 10978,"Bogota, Colombia",,,https://jobs.lever.co/coupa/ac802a13-b664-424c-8dbf-723af4fbe627,
coupa,Sr. Cloud Software Engineer - 10868,"Pune, India",,,https://jobs.lever.co/coupa/1dbfdbb6-c0e7-4514-92b0-01cf3b51a4fb,
coupa,Sr. Digital Customer Value Manager,"Ann Arbor, Michigan, United States",,,https://jobs.lever.co/coupa/45f56265-a1e9-4d18-94e1-3162d55a9496,
coupa,Sr. External Communications Manager,United Kingdom,,,https://jobs.lever.co/coupa/f6a5c40a-78eb-4eee-b20d-0a2cb5a28b85,
coupa,Sr. Financial Accountant,Germany,,,https://jobs.lever.co/coupa/5fb7ee5a-d8d7-41e2-9ead-efa127cb76af,
coupa,Sr. HRIS Analyst - 10996,Colombia,,,https://jobs.lever.co/coupa/ee38ef0b-69b7-4cc0-b19f-59b6d2c424b3,
coupa,Sr. Lead Site Reliability Engineer,Poland,,,https://jobs.lever.co/coupa/ab987667-47cc-433f-84e2-655edafa8580,
coupa,Sr. Lead Software Engineer - 10866,"Pune, India",,,https://jobs.lever.co/coupa/8f30515a-c674-4b86-b8a2-589a045ebacc,
coupa,Sr. Lead Software Engineer - ROR 10655,"Pune, India",,,https://jobs.lever.co/coupa/826aa004-f530-4183-acfe-c933ad7d2d31,
coupa,Sr. Lead Software Engineer (Frontend) - 10867,"Pune, India",,,https://jobs.lever.co/coupa/47a38f4d-9f87-4459-8afa-6fe6f4d4c2f8,
coupa,"Sr. Manager, Software Engineering, ROR - 10525","Pune, India",,,https://jobs.lever.co/coupa/2e99d9dc-9c42-4f38-b2a0-3b675f6c6262,
coupa,Sr. Principal Value Solutions Advisor - 10959,"Johannesburg, South Africa",,,https://jobs.lever.co/coupa/e8e7174f-b96b-4fa7-b35b-31708f9fefbe,
coupa,Sr. Product Manager - 10938,"Foster City, CA, United States",,,https://jobs.lever.co/coupa/5845a107-7fa1-40ed-99b4-a0f1b94aabd8,
coupa,Sr. Sales Operations Analyst - 10891,Colombia,,,https://jobs.lever.co/coupa/7ef3f587-0b6d-48e8-8f90-2c97fce02d2f,
coupa,Sr. Salesforce Architect,Poland,,,https://jobs.lever.co/coupa/d5908922-a42a-415f-a375-90ddff139563,
coupa,"Sr. Security & Risk Analyst, Operational Risk & BCDR - 10980","Bogota, Colombia",,,https://jobs.lever.co/coupa/5e10128d-46b6-45d1-9229-f1c2e115127a,
coupa,Sr. Site Reliability Engineer - 10823,"Pune, India",,,https://jobs.lever.co/coupa/1258610d-91d9-49df-9924-0e76f5100f0e,
coupa,Sr. Software Engineer,Poland,React,,https://jobs.lever.co/coupa/3a848243-e9ad-4384-9a8b-63b32f9c6eb3,"{""React"": 1}"
coupa,Sr. Software Engineer - 10732,"Boca Raton, Florida, United States",,,https://jobs.lever.co/coupa/482a7a7c-a7f5-421c-adc1-2e2115c8bcc7,
coupa,Sr. Software Engineer - 10887,"Pune, India",,,https://jobs.lever.co/coupa/32effe1c-344e-4b90-8208-a78fa00bb464,
coupa,Sr. Software Engineer - 10888,"Pune, India",,,https://jobs.lever.co/coupa/b69459a1-13c8-4edc-aa3f-40362be730eb,
coupa,Sr. Software Engineer - 10895,"Pune, India",,,https://jobs.lever.co/coupa/b44175a2-9b6f-4b70-9865-e5e0ba0a31bf,
coupa,Sr. Software Engineer - 10931,"Hyderabad, India",,,https://jobs.lever.co/coupa/0f937c0d-693e-46e6-be0f-7481108c124c,
coupa,Sr. Software Engineer - ROR,"Pune, India",,,https://jobs.lever.co/coupa/006b55cb-de04-439c-b2fc-f8e500d4ce21,
coupa,"Sr. Software Engineer, Internal AI Platform",Denmark,,,https://jobs.lever.co/coupa/33e58873-0bc0-4eef-80d9-3f26739aa144,
coupa,Sr. Solution Advisor - 10932,"Chicago, Illinois, United States",,,https://jobs.lever.co/coupa/7ea96f54-551b-40ab-9e7e-49d24b091652,
coupa,Sr. Solution Advisor (Pre Sales) - 10921,"Los Angeles, California, United States",,,https://jobs.lever.co/coupa/14a6436f-3fd6-4d23-b097-0f08ea97bd0c,
coupa,Sr. Technical Architect (Pre-Sales) - West USA coverage -  10874,"Los Angeles, California, United States",,,https://jobs.lever.co/coupa/2144b4e7-4b58-4165-8e78-cc47cb588e1a,
coupa,Sr. Value Assurance Director - 10882,"Atlanta, Georgia, United States",,,https://jobs.lever.co/coupa/62471999-9aad-4ee0-ab95-a16a5792732c,
coupa,Strategic Value Advisory Director - 10988,"Denver, Colorado, United States",,,https://jobs.lever.co/coupa/6619a1f2-b2e7-4838-8a97-169338e8616e,
coupa,Strategic Value Advisory Director - 10989,"Mexico City, Mexico",,,https://jobs.lever.co/coupa/6de06e87-bd71-480a-98f7-e29d3bbdf245,
coupa,Supplier Services Consultant - 10928,"Bogota, Colombia",,,https://jobs.lever.co/coupa/a333eebc-1489-47fe-8615-bb37bb2699b4,
coupa,Supplier Services Consultant - 10950,"Bogota, Colombia",,,https://jobs.lever.co/coupa/20ff7f4d-ff85-485c-9686-50e3ba1364d0,
coupa,Tax Analyst - 10941,"Foster City, CA, United States",,,https://jobs.lever.co/coupa/47cbac99-92a1-4867-a022-6b9665766de4,
coupa,Technical Accounting Director - 10993,"Portland, Oregon, United States",,,https://jobs.lever.co/coupa/875b470e-c523-49ae-9ca7-636634dfd910,
coupa,Technical Support Engineer,"Tokyo, Japan",,,https://jobs.lever.co/coupa/fd1c1b5f-a853-4fbd-a4cb-4a553ef9835c,
coupa,Technical Support Engineer - 10772,Colombia,,,https://jobs.lever.co/coupa/fca821e9-e8a1-4a26-9ed0-26d49a0cd8f3,
coupa,Technical Support Engineer - 10886,"Bogota, Colombia",,,https://jobs.lever.co/coupa/b51ebb68-4cc1-46b8-a2a2-b3d56707f46e,
coupa,Value Advisory Director,"Singapore, Singapore",,,https://jobs.lever.co/coupa/a27de131-79ed-468a-8c4f-818446aaab42,
coupa,"VP, Product Marketing","Los Angeles, California, United States","Go, REST",,https://jobs.lever.co/coupa/54376b5f-78a3-47aa-a156-bc6c2479eaed,"{""Go"": 1, ""REST"": 1}"
coupa,"VP, Value Assurance","Atlanta, Georgia, United States",,,https://jobs.lever.co/coupa/60dd9963-bef5-4e15-8cca-df7869a79a03,
